2025.11.19 15:44:18 WARN  Using H2 2.4.240 which is newer than the version Flyway has been verified with. The latest verified version of H2 is 2.3.232.
2025.11.19 15:46:03 WARN  no build target for: /Users/sanketikam4/November/knowledge-platform/content-api/content-service/app/modules/ContentModule.scala
2025.11.19 15:46:03 INFO  no build target found for /Users/sanketikam4/November/knowledge-platform/content-api/content-service/app/modules/ContentModule.scala. Using presentation compiler with project's scala-library version: 3.3.6
2025.11.19 15:46:44 WARN  no build target for: /Users/sanketikam4/November/knowledge-platform/search-api/search-actors/src/main/java/org/sunbird/actors/HealthActor.java
2025.11.19 15:46:51 WARN  no build target for: /Users/sanketikam4/November/knowledge-platform/search-api/search-actors/src/main/java/org/sunbird/actors/SearchBaseActor.java
2025.11.19 15:46:51 INFO  no build target found for /Users/sanketikam4/November/knowledge-platform/search-api/search-actors/src/main/java/org/sunbird/actors/HealthActor.java. Using fallback presentation compiler.
2025.11.19 15:46:51 INFO  no build target found for /Users/sanketikam4/November/knowledge-platform/search-api/search-actors/src/main/java/org/sunbird/actors/SearchBaseActor.java. Using fallback presentation compiler.
2025.11.19 15:47:16 INFO  no build target found for /Users/sanketikam4/November/knowledge-platform/content-api/content-service/app/modules/ContentModule.scala. Using presentation compiler with project's scala-library version: 3.3.6
Nov 19, 2025 3:57:28 PM org.eclipse.lsp4j.jsonrpc.services.GenericEndpoint notify
INFO: Unsupported notification method: $/setTrace
Nov 19, 2025 3:57:29 PM org.eclipse.lsp4j.jsonrpc.services.GenericEndpoint notify
INFO: Unsupported notification method: $/setTrace
2025.11.19 15:58:01 WARN  no build target for: /Users/sanketikam4/November/knowledge-platform/knowlg-unified-service/app/controllers/content/HealthController.scala
2025.11.19 15:58:01 INFO  no build target found for /Users/sanketikam4/November/knowledge-platform/knowlg-unified-service/app/controllers/content/HealthController.scala. Using presentation compiler with project's scala-library version: 3.3.6
2025.11.19 15:58:05 INFO  no build target found for /Users/sanketikam4/November/knowledge-platform/knowlg-unified-service/app/controllers/search/HealthController.scala. Using presentation compiler with project's scala-library version: 3.3.6
2025.11.19 15:58:05 WARN  no build target for: /Users/sanketikam4/November/knowledge-platform/knowlg-unified-service/app/controllers/search/HealthController.scala
2025.11.19 15:58:20 WARN  no build target for: /Users/sanketikam4/November/knowledge-platform/knowlg-unified-service/app/controllers/content/BaseController.scala
2025.11.19 15:58:20 INFO  no build target found for /Users/sanketikam4/November/knowledge-platform/knowlg-unified-service/app/controllers/content/BaseController.scala. Using presentation compiler with project's scala-library version: 3.3.6
2025.11.19 15:58:25 INFO  no build target found for /Users/sanketikam4/November/knowledge-platform/knowlg-unified-service/app/controllers/search/SearchBaseController.scala. Using presentation compiler with project's scala-library version: 3.3.6
2025.11.19 15:58:25 WARN  no build target for: /Users/sanketikam4/November/knowledge-platform/knowlg-unified-service/app/controllers/search/SearchBaseController.scala
2025.11.19 15:58:49 INFO  no build target found for /Users/sanketikam4/November/knowledge-platform/knowlg-unified-service/app/controllers/content/v3/LicenseController.scala. Using presentation compiler with project's scala-library version: 3.3.6
2025.11.19 15:58:49 WARN  no build target for: /Users/sanketikam4/November/knowledge-platform/knowlg-unified-service/app/controllers/content/v3/LicenseController.scala
2025.11.19 16:05:40 INFO  no build target found for /Users/sanketikam4/November/knowledge-platform/knowlg-unified-service/app/controllers/content/v3/LicenseController.scala. Using presentation compiler with project's scala-library version: 3.3.6
2025.11.19 16:05:40 WARN  no build target for: /Users/sanketikam4/November/knowledge-platform/knowlg-unified-service/app/controllers/content/v3/LicenseController.scala
2025.11.19 16:05:40 INFO  no build target found for /Users/sanketikam4/November/knowledge-platform/knowlg-unified-service/app/controllers/content/v3/LicenseController.scala. Using presentation compiler with project's scala-library version: 3.3.6
2025.11.19 16:05:53 INFO  no build target found for /Users/sanketikam4/November/knowledge-platform/knowlg-unified-service/app/controllers/content/v3/LicenseController.scala. Using presentation compiler with project's scala-library version: 3.3.6
2025.11.19 16:05:53 INFO  no build target found for /Users/sanketikam4/November/knowledge-platform/knowlg-unified-service/app/controllers/content/HealthController.scala. Using presentation compiler with project's scala-library version: 3.3.6
2025.11.19 16:05:56 INFO  no build target found for /Users/sanketikam4/November/knowledge-platform/knowlg-unified-service/app/controllers/search/HealthController.scala. Using presentation compiler with project's scala-library version: 3.3.6
2025.11.19 16:06:12 INFO  no build target found for /Users/sanketikam4/November/knowledge-platform/knowlg-unified-service/app/controllers/content/BaseController.scala. Using presentation compiler with project's scala-library version: 3.3.6
2025.11.19 16:06:17 INFO  no build target found for /Users/sanketikam4/November/knowledge-platform/knowlg-unified-service/app/controllers/search/SearchBaseController.scala. Using presentation compiler with project's scala-library version: 3.3.6
Nov 19, 2025 4:10:20 PM org.eclipse.lsp4j.jsonrpc.services.GenericEndpoint notify
INFO: Unsupported notification method: $/setTrace
2025.11.19 16:10:34 INFO  no build target found for /Users/sanketikam4/November/knowledge-platform/content-api/content-service/app/modules/ContentModule.scala. Using presentation compiler with project's scala-library version: 3.3.6
2025.11.19 16:10:34 WARN  no build target for: /Users/sanketikam4/November/knowledge-platform/content-api/content-service/app/modules/ContentModule.scala
2025.11.19 16:10:39 INFO  no build target found for /Users/sanketikam4/November/knowledge-platform/search-api/search-service/app/modules/SearchModule.scala. Using presentation compiler with project's scala-library version: 3.3.6
2025.11.19 16:10:39 WARN  no build target for: /Users/sanketikam4/November/knowledge-platform/search-api/search-service/app/modules/SearchModule.scala
2025.11.19 16:10:42 WARN  no build target for: /Users/sanketikam4/November/knowledge-platform/taxonomy-api/taxonomy-service/app/modules/TaxonomyModule.scala
2025.11.19 16:10:42 INFO  no build target found for /Users/sanketikam4/November/knowledge-platform/taxonomy-api/taxonomy-service/app/modules/TaxonomyModule.scala. Using presentation compiler with project's scala-library version: 3.3.6
2025.11.19 16:10:53 INFO  no build target found for /Users/sanketikam4/November/knowledge-platform/knowlg-unified-service/app/modules/UnifiedServiceModule.scala. Using presentation compiler with project's scala-library version: 3.3.6
2025.11.19 16:10:53 WARN  no build target for: /Users/sanketikam4/November/knowledge-platform/knowlg-unified-service/app/modules/UnifiedServiceModule.scala
2025.11.19 16:10:54 INFO  no build target found for /Users/sanketikam4/November/knowledge-platform/knowlg-unified-service/app/modules/UnifiedServiceModule.scala. Using presentation compiler with project's scala-library version: 3.3.6
2025.11.19 16:10:54 WARN  no build target for: /Users/sanketikam4/November/knowledge-platform/knowlg-unified-service/app/modules/UnifiedServiceModule.scala
2025.11.19 16:10:53 INFO  no build target found for /Users/sanketikam4/November/knowledge-platform/knowlg-unified-service/app/modules/UnifiedServiceModule.scala. Using presentation compiler with project's scala-library version: 3.3.6
2025.11.19 16:13:13 INFO  no build target found for /Users/sanketikam4/November/knowledge-platform/knowlg-unified-service/app/controllers/content/v3/ContentController.scala. Using presentation compiler with project's scala-library version: 3.3.6
2025.11.19 16:13:13 WARN  no build target for: /Users/sanketikam4/November/knowledge-platform/knowlg-unified-service/app/controllers/content/v3/ContentController.scala
2025.11.19 16:13:34 INFO  no build target found for /Users/sanketikam4/November/knowledge-platform/content-api/content-service/app/modules/ContentModule.scala. Using presentation compiler with project's scala-library version: 3.3.6
2025.11.19 16:13:39 INFO  no build target found for /Users/sanketikam4/November/knowledge-platform/search-api/search-service/app/modules/SearchModule.scala. Using presentation compiler with project's scala-library version: 3.3.6
2025.11.19 16:13:42 INFO  no build target found for /Users/sanketikam4/November/knowledge-platform/taxonomy-api/taxonomy-service/app/modules/TaxonomyModule.scala. Using presentation compiler with project's scala-library version: 3.3.6
2025.11.19 16:14:47 INFO  no build target found for /Users/sanketikam4/November/knowledge-platform/knowlg-unified-service/app/modules/UnifiedServiceModule.scala. Using presentation compiler with project's scala-library version: 3.3.6
2025.11.19 16:14:47 INFO  no build target found for /Users/sanketikam4/November/knowledge-platform/knowlg-unified-service/app/modules/UnifiedServiceModule.scala. Using presentation compiler with project's scala-library version: 3.3.6
2025.11.19 16:14:47 WARN  no build target for: /Users/sanketikam4/November/knowledge-platform/knowlg-unified-service/app/modules/UnifiedServiceModule.scala
2025.11.19 16:14:54 INFO  no build target found for /Users/sanketikam4/November/knowledge-platform/knowlg-unified-service/app/modules/UnifiedServiceModule.scala. Using presentation compiler with project's scala-library version: 3.3.6
2025.11.19 16:14:54 WARN  no build target for: /Users/sanketikam4/November/knowledge-platform/knowlg-unified-service/app/modules/UnifiedServiceModule.scala
2025.11.19 16:14:54 INFO  no build target found for /Users/sanketikam4/November/knowledge-platform/knowlg-unified-service/app/modules/UnifiedServiceModule.scala. Using presentation compiler with project's scala-library version: 3.3.6
2025.11.19 16:15:01 INFO  no build target found for /Users/sanketikam4/November/knowledge-platform/knowlg-unified-service/app/modules/UnifiedServiceModule.scala. Using presentation compiler with project's scala-library version: 3.3.6
2025.11.19 16:15:01 INFO  no build target found for /Users/sanketikam4/November/knowledge-platform/knowlg-unified-service/app/modules/UnifiedServiceModule.scala. Using presentation compiler with project's scala-library version: 3.3.6
2025.11.19 16:15:01 WARN  no build target for: /Users/sanketikam4/November/knowledge-platform/knowlg-unified-service/app/modules/UnifiedServiceModule.scala
2025.11.19 16:15:07 INFO  no build target found for /Users/sanketikam4/November/knowledge-platform/knowlg-unified-service/app/utils/ActorNames.scala. Using presentation compiler with project's scala-library version: 3.3.6
2025.11.19 16:15:07 WARN  no build target for: /Users/sanketikam4/November/knowledge-platform/knowlg-unified-service/app/utils/ActorNames.scala
2025.11.19 16:15:17 INFO  no build target found for /Users/sanketikam4/November/knowledge-platform/content-api/content-service/app/utils/ActorNames.scala. Using presentation compiler with project's scala-library version: 3.3.6
2025.11.19 16:15:17 WARN  no build target for: /Users/sanketikam4/November/knowledge-platform/content-api/content-service/app/utils/ActorNames.scala
2025.11.19 16:15:26 INFO  no build target found for /Users/sanketikam4/November/knowledge-platform/search-api/search-service/app/utils/ActorNames.scala. Using presentation compiler with project's scala-library version: 3.3.6
2025.11.19 16:15:26 WARN  no build target for: /Users/sanketikam4/November/knowledge-platform/search-api/search-service/app/utils/ActorNames.scala
2025.11.19 16:15:34 INFO  no build target found for /Users/sanketikam4/November/knowledge-platform/knowlg-unified-service/app/utils/ActorNames.scala. Using presentation compiler with project's scala-library version: 3.3.6
2025.11.19 16:15:34 WARN  no build target for: /Users/sanketikam4/November/knowledge-platform/knowlg-unified-service/app/utils/ActorNames.scala
2025.11.19 16:15:34 INFO  no build target found for /Users/sanketikam4/November/knowledge-platform/knowlg-unified-service/app/utils/ActorNames.scala. Using presentation compiler with project's scala-library version: 3.3.6
2025.11.19 16:15:40 WARN  no build target for: /Users/sanketikam4/November/knowledge-platform/search-api/search-service/app/managers/SearchManager.java
2025.11.19 16:15:40 INFO  no build target found for /Users/sanketikam4/November/knowledge-platform/search-api/search-service/app/managers/SearchManager.java. Using fallback presentation compiler.
2025.11.19 16:15:40 WARN  no build target for: /Users/sanketikam4/November/knowledge-platform/search-api/search-service/app/managers/SearchManager.java
2025.11.19 16:15:40 INFO  no build target found for /Users/sanketikam4/November/knowledge-platform/search-api/search-service/app/managers/SearchManager.java. Using fallback presentation compiler.
2025.11.19 16:16:13 INFO  no build target found for /Users/sanketikam4/November/knowledge-platform/knowlg-unified-service/app/controllers/content/v3/ContentController.scala. Using presentation compiler with project's scala-library version: 3.3.6
2025.11.19 16:18:11 WARN  no build target for: /Users/sanketikam4/November/knowledge-platform/knowlg-unified-service/app/modules/UnifiedServiceModule.scala
2025.11.19 16:18:11 WARN  no build target for: /Users/sanketikam4/November/knowledge-platform/knowlg-unified-service/app/controllers/content/v3/LicenseController.scala
2025.11.19 16:18:11 INFO  no build target found for /Users/sanketikam4/November/knowledge-platform/knowlg-unified-service/app/controllers/content/v3/LicenseController.scala. Using presentation compiler with project's scala-library version: 3.3.6
2025.11.19 16:18:11 WARN  no build target for: /Users/sanketikam4/November/knowledge-platform/knowlg-unified-service/app/utils/ActorNames.scala
2025.11.19 16:18:17 INFO  no build target found for /Users/sanketikam4/November/knowledge-platform/content-api/content-service/app/utils/ActorNames.scala. Using presentation compiler with project's scala-library version: 3.3.6
2025.11.19 16:18:27 INFO  no build target found for /Users/sanketikam4/November/knowledge-platform/search-api/search-service/app/utils/ActorNames.scala. Using presentation compiler with project's scala-library version: 3.3.6
2025.11.19 16:26:12 INFO  no build target found for /Users/sanketikam4/November/knowledge-platform/knowlg-unified-service/app/controllers/content/v4/AppController.scala. Using presentation compiler with project's scala-library version: 3.3.6
2025.11.19 16:26:12 WARN  no build target for: /Users/sanketikam4/November/knowledge-platform/knowlg-unified-service/app/controllers/content/v4/AppController.scala
2025.11.19 16:26:12 INFO  no build target found for /Users/sanketikam4/November/knowledge-platform/knowlg-unified-service/app/controllers/content/v4/AppController.scala. Using presentation compiler with project's scala-library version: 3.3.6
2025.11.19 16:26:12 INFO  no build target found for /Users/sanketikam4/November/knowledge-platform/knowlg-unified-service/app/controllers/content/v4/AppController.scala. Using presentation compiler with project's scala-library version: 3.3.6
2025.11.19 16:26:12 INFO  no build target found for /Users/sanketikam4/November/knowledge-platform/knowlg-unified-service/app/controllers/content/v4/AppController.scala. Using presentation compiler with project's scala-library version: 3.3.6
2025.11.19 16:26:14 INFO  no build target found for /Users/sanketikam4/November/knowledge-platform/knowlg-unified-service/app/controllers/content/v4/AppController.scala. Using presentation compiler with project's scala-library version: 3.3.6
2025.11.19 16:26:16 INFO  no build target found for /Users/sanketikam4/November/knowledge-platform/knowlg-unified-service/app/controllers/content/v4/AppController.scala. Using presentation compiler with project's scala-library version: 3.3.6
2025.11.19 16:26:16 INFO  no build target found for /Users/sanketikam4/November/knowledge-platform/knowlg-unified-service/app/controllers/content/v4/ContentController.scala. Using presentation compiler with project's scala-library version: 3.3.6
2025.11.19 16:26:16 INFO  no build target found for /Users/sanketikam4/November/knowledge-platform/knowlg-unified-service/app/controllers/content/v4/ContentController.scala. Using presentation compiler with project's scala-library version: 3.3.6
2025.11.19 16:26:16 WARN  no build target for: /Users/sanketikam4/November/knowledge-platform/knowlg-unified-service/app/controllers/content/v4/ContentController.scala
2025.11.19 16:26:16 INFO  no build target found for /Users/sanketikam4/November/knowledge-platform/knowlg-unified-service/app/controllers/content/v4/ContentController.scala. Using presentation compiler with project's scala-library version: 3.3.6
2025.11.19 16:26:16 INFO  no build target found for /Users/sanketikam4/November/knowledge-platform/knowlg-unified-service/app/controllers/content/v4/ContentController.scala. Using presentation compiler with project's scala-library version: 3.3.6
2025.11.19 16:26:16 INFO  no build target found for /Users/sanketikam4/November/knowledge-platform/knowlg-unified-service/app/controllers/content/v4/ContentController.scala. Using presentation compiler with project's scala-library version: 3.3.6
2025.11.19 16:26:23 INFO  no build target found for /Users/sanketikam4/November/knowledge-platform/knowlg-unified-service/app/controllers/content/v4/ContentController.scala. Using presentation compiler with project's scala-library version: 3.3.6
2025.11.19 16:26:23 INFO  no build target found for /Users/sanketikam4/November/knowledge-platform/knowlg-unified-service/app/controllers/content/v4/EventSetController.scala. Using presentation compiler with project's scala-library version: 3.3.6
2025.11.19 16:26:23 WARN  no build target for: /Users/sanketikam4/November/knowledge-platform/knowlg-unified-service/app/controllers/content/v4/EventSetController.scala
2025.11.19 16:26:23 INFO  no build target found for /Users/sanketikam4/November/knowledge-platform/knowlg-unified-service/app/controllers/content/v4/EventSetController.scala. Using presentation compiler with project's scala-library version: 3.3.6
2025.11.19 16:26:23 INFO  no build target found for /Users/sanketikam4/November/knowledge-platform/knowlg-unified-service/app/controllers/content/v4/EventSetController.scala. Using presentation compiler with project's scala-library version: 3.3.6
2025.11.19 16:26:23 INFO  no build target found for /Users/sanketikam4/November/knowledge-platform/knowlg-unified-service/app/controllers/content/v4/EventSetController.scala. Using presentation compiler with project's scala-library version: 3.3.6
2025.11.19 16:26:23 INFO  no build target found for /Users/sanketikam4/November/knowledge-platform/knowlg-unified-service/app/controllers/content/v4/EventSetController.scala. Using presentation compiler with project's scala-library version: 3.3.6
2025.11.19 16:26:23 INFO  no build target found for /Users/sanketikam4/November/knowledge-platform/knowlg-unified-service/app/controllers/content/v4/EventController.scala. Using presentation compiler with project's scala-library version: 3.3.6
2025.11.19 16:26:23 WARN  no build target for: /Users/sanketikam4/November/knowledge-platform/knowlg-unified-service/app/controllers/content/v4/EventController.scala
2025.11.19 16:26:23 INFO  no build target found for /Users/sanketikam4/November/knowledge-platform/knowlg-unified-service/app/controllers/content/v4/EventController.scala. Using presentation compiler with project's scala-library version: 3.3.6
2025.11.19 16:26:23 INFO  no build target found for /Users/sanketikam4/November/knowledge-platform/knowlg-unified-service/app/controllers/content/v4/EventController.scala. Using presentation compiler with project's scala-library version: 3.3.6
2025.11.19 16:26:24 INFO  no build target found for /Users/sanketikam4/November/knowledge-platform/knowlg-unified-service/app/controllers/content/v4/EventController.scala. Using presentation compiler with project's scala-library version: 3.3.6
2025.11.19 16:26:27 INFO  no build target found for /Users/sanketikam4/November/knowledge-platform/knowlg-unified-service/app/controllers/content/v4/EventController.scala. Using presentation compiler with project's scala-library version: 3.3.6
2025.11.19 16:28:40 INFO  no build target found for /Users/sanketikam4/November/knowledge-platform/knowlg-unified-service/app/utils/Constants.scala. Using presentation compiler with project's scala-library version: 3.3.6
2025.11.19 16:28:40 WARN  no build target for: /Users/sanketikam4/November/knowledge-platform/knowlg-unified-service/app/utils/Constants.scala
2025.11.19 16:28:40 INFO  no build target found for /Users/sanketikam4/November/knowledge-platform/knowlg-unified-service/app/controllers/content/v4/EventController.scala. Using presentation compiler with project's scala-library version: 3.3.6
2025.11.19 16:28:48 WARN  no build target for: /Users/sanketikam4/November/knowledge-platform/content-api/content-service/app/utils/Constants.scala
2025.11.19 16:28:48 INFO  no build target found for /Users/sanketikam4/November/knowledge-platform/content-api/content-service/app/utils/Constants.scala. Using presentation compiler with project's scala-library version: 3.3.6
2025.11.19 16:28:48 INFO  no build target found for /Users/sanketikam4/November/knowledge-platform/knowlg-unified-service/app/controllers/content/v4/EventController.scala. Using presentation compiler with project's scala-library version: 3.3.6
2025.11.19 16:29:30 INFO  no build target found for /Users/sanketikam4/November/knowledge-platform/knowlg-unified-service/app/utils/Constants.scala. Using presentation compiler with project's scala-library version: 3.3.6
2025.11.19 16:29:30 WARN  no build target for: /Users/sanketikam4/November/knowledge-platform/knowlg-unified-service/app/utils/Constants.scala
2025.11.19 16:29:30 INFO  no build target found for /Users/sanketikam4/November/knowledge-platform/knowlg-unified-service/app/utils/Constants.scala. Using presentation compiler with project's scala-library version: 3.3.6
2025.11.19 16:29:30 INFO  no build target found for /Users/sanketikam4/November/knowledge-platform/knowlg-unified-service/app/controllers/content/v4/EventController.scala. Using presentation compiler with project's scala-library version: 3.3.6
2025.11.19 16:31:48 INFO  no build target found for /Users/sanketikam4/November/knowledge-platform/content-api/content-service/app/utils/Constants.scala. Using presentation compiler with project's scala-library version: 3.3.6
2025.11.19 16:32:48 INFO  no build target found for /Users/sanketikam4/November/knowledge-platform/knowlg-unified-service/app/utils/ApiId.scala. Using presentation compiler with project's scala-library version: 3.3.6
2025.11.19 16:32:48 WARN  no build target for: /Users/sanketikam4/November/knowledge-platform/knowlg-unified-service/app/utils/ApiId.scala
2025.11.19 16:32:48 INFO  no build target found for /Users/sanketikam4/November/knowledge-platform/knowlg-unified-service/app/controllers/content/v4/EventController.scala. Using presentation compiler with project's scala-library version: 3.3.6
2025.11.19 16:32:52 INFO  no build target found for /Users/sanketikam4/November/knowledge-platform/content-api/content-service/app/utils/ApiId.scala. Using presentation compiler with project's scala-library version: 3.3.6
2025.11.19 16:32:52 WARN  no build target for: /Users/sanketikam4/November/knowledge-platform/content-api/content-service/app/utils/ApiId.scala
2025.11.19 16:32:52 INFO  no build target found for /Users/sanketikam4/November/knowledge-platform/knowlg-unified-service/app/controllers/content/v4/EventController.scala. Using presentation compiler with project's scala-library version: 3.3.6
2025.11.19 16:32:57 WARN  no build target for: /Users/sanketikam4/November/knowledge-platform/search-api/search-service/app/utils/ApiId.scala
2025.11.19 16:32:57 INFO  no build target found for /Users/sanketikam4/November/knowledge-platform/search-api/search-service/app/utils/ApiId.scala. Using presentation compiler with project's scala-library version: 3.3.6
2025.11.19 16:32:57 INFO  no build target found for /Users/sanketikam4/November/knowledge-platform/knowlg-unified-service/app/controllers/content/v4/EventController.scala. Using presentation compiler with project's scala-library version: 3.3.6
2025.11.19 16:33:04 INFO  no build target found for /Users/sanketikam4/November/knowledge-platform/content-api/content-service/app/handlers/SignalHandler.scala. Using presentation compiler with project's scala-library version: 3.3.6
2025.11.19 16:33:04 WARN  no build target for: /Users/sanketikam4/November/knowledge-platform/content-api/content-service/app/handlers/SignalHandler.scala
2025.11.19 16:33:04 INFO  no build target found for /Users/sanketikam4/November/knowledge-platform/knowlg-unified-service/app/controllers/content/v4/EventController.scala. Using presentation compiler with project's scala-library version: 3.3.6
2025.11.19 16:33:41 INFO  no build target found for /Users/sanketikam4/November/knowledge-platform/knowlg-unified-service/app/utils/ApiId.scala. Using presentation compiler with project's scala-library version: 3.3.6
2025.11.19 16:33:41 INFO  no build target found for /Users/sanketikam4/November/knowledge-platform/knowlg-unified-service/app/handlers/SignalHandler.scala. Using presentation compiler with project's scala-library version: 3.3.6
2025.11.19 16:33:41 INFO  no build target found for /Users/sanketikam4/November/knowledge-platform/knowlg-unified-service/app/handlers/SignalHandler.scala. Using presentation compiler with project's scala-library version: 3.3.6
2025.11.19 16:33:41 WARN  no build target for: /Users/sanketikam4/November/knowledge-platform/knowlg-unified-service/app/handlers/SignalHandler.scala
2025.11.19 16:33:41 WARN  no build target for: /Users/sanketikam4/November/knowledge-platform/knowlg-unified-service/app/utils/ApiId.scala
2025.11.19 16:33:41 INFO  no build target found for /Users/sanketikam4/November/knowledge-platform/knowlg-unified-service/app/utils/ApiId.scala. Using presentation compiler with project's scala-library version: 3.3.6
2025.11.19 16:33:41 WARN  no build target for: /Users/sanketikam4/November/knowledge-platform/knowlg-unified-service/app/handlers/SignalHandler.scala
2025.11.19 16:33:41 INFO  no build target found for /Users/sanketikam4/November/knowledge-platform/knowlg-unified-service/app/controllers/content/v4/EventController.scala. Using presentation compiler with project's scala-library version: 3.3.6
2025.11.19 16:33:41 INFO  no build target found for /Users/sanketikam4/November/knowledge-platform/knowlg-unified-service/app/handlers/SignalHandler.scala. Using presentation compiler with project's scala-library version: 3.3.6
2025.11.19 16:33:41 INFO  no build target found for /Users/sanketikam4/November/knowledge-platform/knowlg-unified-service/app/controllers/content/v4/EventController.scala. Using presentation compiler with project's scala-library version: 3.3.6
2025.11.19 16:35:52 INFO  no build target found for /Users/sanketikam4/November/knowledge-platform/content-api/content-service/app/utils/ApiId.scala. Using presentation compiler with project's scala-library version: 3.3.6
2025.11.19 16:35:57 INFO  no build target found for /Users/sanketikam4/November/knowledge-platform/search-api/search-service/app/utils/ApiId.scala. Using presentation compiler with project's scala-library version: 3.3.6
2025.11.19 16:36:04 INFO  no build target found for /Users/sanketikam4/November/knowledge-platform/content-api/content-service/app/handlers/SignalHandler.scala. Using presentation compiler with project's scala-library version: 3.3.6
2025.11.19 16:44:33 INFO  no build target found for /Users/sanketikam4/November/knowledge-platform/search-api/search-service/app/handlers/LoggingAction.scala. Using presentation compiler with project's scala-library version: 3.3.6
2025.11.19 16:44:33 WARN  no build target for: /Users/sanketikam4/November/knowledge-platform/search-api/search-service/app/handlers/LoggingAction.scala
2025.11.19 16:44:33 INFO  no build target found for /Users/sanketikam4/November/knowledge-platform/knowlg-unified-service/app/controllers/content/v4/EventController.scala. Using presentation compiler with project's scala-library version: 3.3.6
2025.11.19 16:44:53 WARN  no build target for: /Users/sanketikam4/November/knowledge-platform/search-api/search-service/app/managers/SearchManager.java
2025.11.19 16:44:53 INFO  no build target found for /Users/sanketikam4/November/knowledge-platform/knowlg-unified-service/app/controllers/content/v4/EventController.scala. Using presentation compiler with project's scala-library version: 3.3.6
2025.11.19 16:44:58 INFO  no build target found for /Users/sanketikam4/November/knowledge-platform/search-api/search-service/app/controllers/SearchBaseController.scala. Using presentation compiler with project's scala-library version: 3.3.6
2025.11.19 16:44:58 WARN  no build target for: /Users/sanketikam4/November/knowledge-platform/search-api/search-service/app/controllers/SearchBaseController.scala
2025.11.19 16:44:58 INFO  no build target found for /Users/sanketikam4/November/knowledge-platform/knowlg-unified-service/app/controllers/content/v4/EventController.scala. Using presentation compiler with project's scala-library version: 3.3.6
2025.11.19 16:45:14 INFO  no build target found for /Users/sanketikam4/November/knowledge-platform/knowlg-unified-service/app/controllers/content/v4/EventController.scala. Using presentation compiler with project's scala-library version: 3.3.6
2025.11.19 16:45:23 INFO  no build target found for /Users/sanketikam4/November/knowledge-platform/knowlg-unified-service/app/controllers/SearchBaseController.scala. Using presentation compiler with project's scala-library version: 3.3.6
2025.11.19 16:45:23 WARN  no build target for: /Users/sanketikam4/November/knowledge-platform/knowlg-unified-service/app/controllers/SearchBaseController.scala
2025.11.19 16:45:23 INFO  no build target found for /Users/sanketikam4/November/knowledge-platform/knowlg-unified-service/app/controllers/content/v4/EventController.scala. Using presentation compiler with project's scala-library version: 3.3.6
2025.11.19 16:45:23 WARN  no build target for: /Users/sanketikam4/November/knowledge-platform/knowlg-unified-service/app/handlers/LoggingAction.scala
2025.11.19 16:45:23 INFO  no build target found for /Users/sanketikam4/November/knowledge-platform/knowlg-unified-service/app/handlers/LoggingAction.scala. Using presentation compiler with project's scala-library version: 3.3.6
2025.11.19 16:45:23 WARN  no build target for: /Users/sanketikam4/November/knowledge-platform/knowlg-unified-service/app/handlers/LoggingAction.scala
2025.11.19 16:45:23 INFO  no build target found for /Users/sanketikam4/November/knowledge-platform/knowlg-unified-service/app/handlers/LoggingAction.scala. Using presentation compiler with project's scala-library version: 3.3.6
2025.11.19 16:45:23 INFO  no build target found for /Users/sanketikam4/November/knowledge-platform/knowlg-unified-service/app/controllers/content/v4/EventController.scala. Using presentation compiler with project's scala-library version: 3.3.6
2025.11.19 16:46:33 INFO  no build target found for /Users/sanketikam4/November/knowledge-platform/knowlg-unified-service/app/controllers/search/AuditHistoryController.scala. Using presentation compiler with project's scala-library version: 3.3.6
2025.11.19 16:46:33 WARN  no build target for: /Users/sanketikam4/November/knowledge-platform/knowlg-unified-service/app/controllers/search/AuditHistoryController.scala
2025.11.19 16:46:33 WARN  no build target for: /Users/sanketikam4/November/knowledge-platform/knowlg-unified-service/app/controllers/search/SearchController.scala
2025.11.19 16:46:33 INFO  no build target found for /Users/sanketikam4/November/knowledge-platform/knowlg-unified-service/app/controllers/content/v4/EventController.scala. Using presentation compiler with project's scala-library version: 3.3.6
2025.11.19 16:46:33 INFO  no build target found for /Users/sanketikam4/November/knowledge-platform/knowlg-unified-service/app/controllers/search/SearchController.scala. Using presentation compiler with project's scala-library version: 3.3.6
2025.11.19 16:46:33 INFO  no build target found for /Users/sanketikam4/November/knowledge-platform/knowlg-unified-service/app/controllers/content/v4/EventController.scala. Using presentation compiler with project's scala-library version: 3.3.6
2025.11.19 16:46:35 INFO  no build target found for /Users/sanketikam4/November/knowledge-platform/knowlg-unified-service/app/controllers/SearchBaseController.scala. Using presentation compiler with project's scala-library version: 3.3.6
2025.11.19 16:46:35 WARN  no build target for: /Users/sanketikam4/November/knowledge-platform/knowlg-unified-service/app/controllers/SearchBaseController.scala
2025.11.19 16:46:35 INFO  no build target found for /Users/sanketikam4/November/knowledge-platform/knowlg-unified-service/app/controllers/SearchBaseController.scala. Using presentation compiler with project's scala-library version: 3.3.6
2025.11.19 16:46:35 INFO  no build target found for /Users/sanketikam4/November/knowledge-platform/knowlg-unified-service/app/controllers/content/v4/EventController.scala. Using presentation compiler with project's scala-library version: 3.3.6
2025.11.19 16:46:49 INFO  no build target found for /Users/sanketikam4/November/knowledge-platform/knowlg-unified-service/app/controllers/search/SearchController.scala. Using presentation compiler with project's scala-library version: 3.3.6
2025.11.19 16:46:49 WARN  no build target for: /Users/sanketikam4/November/knowledge-platform/knowlg-unified-service/app/controllers/search/SearchController.scala
2025.11.19 16:46:49 INFO  no build target found for /Users/sanketikam4/November/knowledge-platform/knowlg-unified-service/app/controllers/search/SearchController.scala. Using presentation compiler with project's scala-library version: 3.3.6
2025.11.19 16:46:49 INFO  no build target found for /Users/sanketikam4/November/knowledge-platform/knowlg-unified-service/app/controllers/content/v4/EventController.scala. Using presentation compiler with project's scala-library version: 3.3.6
2025.11.19 16:47:00 INFO  no build target found for /Users/sanketikam4/November/knowledge-platform/knowlg-unified-service/app/controllers/search/AuditHistoryController.scala. Using presentation compiler with project's scala-library version: 3.3.6
2025.11.19 16:47:00 WARN  no build target for: /Users/sanketikam4/November/knowledge-platform/knowlg-unified-service/app/controllers/search/AuditHistoryController.scala
2025.11.19 16:47:00 INFO  no build target found for /Users/sanketikam4/November/knowledge-platform/knowlg-unified-service/app/controllers/search/AuditHistoryController.scala. Using presentation compiler with project's scala-library version: 3.3.6
2025.11.19 16:47:00 INFO  no build target found for /Users/sanketikam4/November/knowledge-platform/knowlg-unified-service/app/controllers/content/v4/EventController.scala. Using presentation compiler with project's scala-library version: 3.3.6
2025.11.19 16:47:28 INFO  no build target found for /Users/sanketikam4/November/knowledge-platform/knowlg-unified-service/app/controllers/SearchBaseController.scala. Using presentation compiler with project's scala-library version: 3.3.6
2025.11.19 16:47:28 WARN  no build target for: /Users/sanketikam4/November/knowledge-platform/knowlg-unified-service/app/controllers/SearchBaseController.scala
2025.11.19 16:47:28 INFO  no build target found for /Users/sanketikam4/November/knowledge-platform/knowlg-unified-service/app/controllers/SearchBaseController.scala. Using presentation compiler with project's scala-library version: 3.3.6
2025.11.19 16:47:28 INFO  no build target found for /Users/sanketikam4/November/knowledge-platform/knowlg-unified-service/app/controllers/content/v4/EventController.scala. Using presentation compiler with project's scala-library version: 3.3.6
2025.11.19 16:47:33 INFO  no build target found for /Users/sanketikam4/November/knowledge-platform/search-api/search-service/app/handlers/LoggingAction.scala. Using presentation compiler with project's scala-library version: 3.3.6
2025.11.19 16:47:53 INFO  no build target found for /Users/sanketikam4/November/knowledge-platform/search-api/search-service/app/managers/SearchManager.java. Using fallback presentation compiler.
2025.11.19 16:47:58 INFO  no build target found for /Users/sanketikam4/November/knowledge-platform/search-api/search-service/app/controllers/SearchBaseController.scala. Using presentation compiler with project's scala-library version: 3.3.6
2025.11.19 16:48:18 INFO  no build target found for /Users/sanketikam4/November/knowledge-platform/knowlg-unified-service/app/controllers/SearchBaseController.scala. Using presentation compiler with project's scala-library version: 3.3.6
2025.11.19 16:48:19 INFO  no build target found for /Users/sanketikam4/November/knowledge-platform/knowlg-unified-service/app/controllers/SearchBaseController.scala. Using presentation compiler with project's scala-library version: 3.3.6
2025.11.19 16:48:19 WARN  no build target for: /Users/sanketikam4/November/knowledge-platform/knowlg-unified-service/app/controllers/SearchBaseController.scala
2025.11.19 16:48:19 INFO  no build target found for /Users/sanketikam4/November/knowledge-platform/knowlg-unified-service/app/controllers/content/v4/EventController.scala. Using presentation compiler with project's scala-library version: 3.3.6
2025.11.19 16:48:37 INFO  no build target found for /Users/sanketikam4/November/knowledge-platform/knowlg-unified-service/app/controllers/SearchBaseController.scala. Using presentation compiler with project's scala-library version: 3.3.6
2025.11.19 16:48:37 WARN  no build target for: /Users/sanketikam4/November/knowledge-platform/knowlg-unified-service/app/controllers/SearchBaseController.scala
2025.11.19 16:48:37 INFO  no build target found for /Users/sanketikam4/November/knowledge-platform/knowlg-unified-service/app/controllers/SearchBaseController.scala. Using presentation compiler with project's scala-library version: 3.3.6
2025.11.19 16:48:37 INFO  no build target found for /Users/sanketikam4/November/knowledge-platform/knowlg-unified-service/app/controllers/content/v4/EventController.scala. Using presentation compiler with project's scala-library version: 3.3.6
2025.11.19 16:48:44 INFO  no build target found for /Users/sanketikam4/November/knowledge-platform/knowlg-unified-service/app/controllers/SearchBaseController.scala. Using presentation compiler with project's scala-library version: 3.3.6
2025.11.19 16:49:11 INFO  no build target found for /Users/sanketikam4/November/knowledge-platform/knowlg-unified-service/app/controllers/content/v4/EventController.scala. Using presentation compiler with project's scala-library version: 3.3.6
2025.11.19 16:49:42 INFO  no build target found for /Users/sanketikam4/November/knowledge-platform/knowlg-unified-service/app/controllers/content/v3/LicenseController.scala. Using presentation compiler with project's scala-library version: 3.3.6
2025.11.19 16:49:42 WARN  no build target for: /Users/sanketikam4/November/knowledge-platform/knowlg-unified-service/app/controllers/content/v3/LicenseController.scala
2025.11.19 16:49:42 INFO  no build target found for /Users/sanketikam4/November/knowledge-platform/knowlg-unified-service/app/controllers/content/v3/LicenseController.scala. Using presentation compiler with project's scala-library version: 3.3.6
2025.11.19 16:52:41 INFO  no build target found for /Users/sanketikam4/November/knowledge-platform/knowlg-unified-service/app/controllers/content/v4/EventController.scala. Using presentation compiler with project's scala-library version: 3.3.6
2025.11.19 16:52:41 WARN  no build target for: /Users/sanketikam4/November/knowledge-platform/knowlg-unified-service/app/controllers/content/v4/EventController.scala
2025.11.19 16:53:08 WARN  no build target for: /Users/sanketikam4/November/knowledge-platform/search-api/search-service/app/managers/SearchManager.java
2025.11.19 16:53:08 INFO  no build target found for /Users/sanketikam4/November/knowledge-platform/search-api/search-service/app/managers/SearchManager.java. Using fallback presentation compiler.
2025.11.19 16:53:17 WARN  no build target for: /Users/sanketikam4/November/knowledge-platform/search-api/search-service/app/managers/SearchManager.java
2025.11.19 16:53:17 INFO  no build target found for /Users/sanketikam4/November/knowledge-platform/search-api/search-service/app/managers/SearchManager.java. Using fallback presentation compiler.
2025.11.19 16:53:20 WARN  no build target for: /Users/sanketikam4/November/knowledge-platform/search-api/search-service/app/managers/SearchManager.java
2025.11.19 16:53:20 INFO  no build target found for /Users/sanketikam4/November/knowledge-platform/search-api/search-service/app/managers/SearchManager.java. Using fallback presentation compiler.
2025.11.19 16:55:42 INFO  no build target found for /Users/sanketikam4/November/knowledge-platform/knowlg-unified-service/app/controllers/content/v4/EventController.scala. Using presentation compiler with project's scala-library version: 3.3.6
2025.11.19 16:57:52 WARN  no build target for: /Users/sanketikam4/November/knowledge-platform/search-api/search-core/src/main/java/org/sunbird/search/util/SearchConstants.java
2025.11.19 16:57:52 INFO  no build target found for /Users/sanketikam4/November/knowledge-platform/search-api/search-core/src/main/java/org/sunbird/search/util/SearchConstants.java. Using fallback presentation compiler.
2025.11.19 16:57:52 WARN  no build target for: /Users/sanketikam4/November/knowledge-platform/search-api/search-core/src/main/java/org/sunbird/search/util/SearchConstants.java
2025.11.19 16:57:52 INFO  no build target found for /Users/sanketikam4/November/knowledge-platform/search-api/search-core/src/main/java/org/sunbird/search/util/SearchConstants.java. Using fallback presentation compiler.
2025.11.19 17:05:10 WARN  no build target for: /Users/sanketikam4/November/knowledge-platform/search-api/search-service/app/managers/SearchManager.java
2025.11.19 17:05:10 INFO  no build target found for /Users/sanketikam4/November/knowledge-platform/search-api/search-service/app/managers/SearchManager.java. Using fallback presentation compiler.
2025.11.19 17:05:12 WARN  no build target for: /Users/sanketikam4/November/knowledge-platform/search-api/search-core/src/main/java/org/sunbird/search/util/SearchConstants.java
2025.11.19 17:05:12 WARN  no build target for: /Users/sanketikam4/November/knowledge-platform/search-api/search-service/app/managers/SearchManager.java
2025.11.19 17:05:13 INFO  no build target found for /Users/sanketikam4/November/knowledge-platform/search-api/search-service/app/managers/SearchManager.java. Using fallback presentation compiler.
2025.11.19 17:05:13 INFO  no build target found for /Users/sanketikam4/November/knowledge-platform/search-api/search-core/src/main/java/org/sunbird/search/util/SearchConstants.java. Using fallback presentation compiler.
2025.11.19 17:05:13 WARN  no build target for: /Users/sanketikam4/November/knowledge-platform/search-api/search-service/app/managers/SearchManager.java
2025.11.19 17:05:13 INFO  no build target found for /Users/sanketikam4/November/knowledge-platform/search-api/search-service/app/managers/SearchManager.java. Using fallback presentation compiler.
2025.11.19 17:05:17 INFO  no build target found for /Users/sanketikam4/November/knowledge-platform/knowlg-unified-service/app/controllers/content/v4/EventController.scala. Using presentation compiler with project's scala-library version: 3.3.6
2025.11.19 17:05:17 WARN  no build target for: /Users/sanketikam4/November/knowledge-platform/knowlg-unified-service/app/controllers/content/v4/EventController.scala
2025.11.19 17:08:17 INFO  no build target found for /Users/sanketikam4/November/knowledge-platform/knowlg-unified-service/app/controllers/content/v4/EventController.scala. Using presentation compiler with project's scala-library version: 3.3.6
2025.11.19 17:18:04 WARN  no build target for: /Users/sanketikam4/November/knowledge-platform/knowlg-unified-service/app/controllers/content/v3/LicenseController.scala
2025.11.19 17:18:04 INFO  no build target found for /Users/sanketikam4/November/knowledge-platform/knowlg-unified-service/app/utils/Constants.scala. Using presentation compiler with project's scala-library version: 3.3.6
2025.11.19 17:18:04 WARN  no build target for: /Users/sanketikam4/November/knowledge-platform/knowlg-unified-service/app/utils/Constants.scala
2025.11.19 17:18:04 WARN  no build target for: /Users/sanketikam4/November/knowledge-platform/knowlg-unified-service/app/utils/ApiId.scala
2025.11.19 17:18:04 WARN  no build target for: /Users/sanketikam4/November/knowledge-platform/knowlg-unified-service/app/handlers/LoggingAction.scala
2025.11.19 17:18:04 WARN  no build target for: /Users/sanketikam4/November/knowledge-platform/knowlg-unified-service/app/handlers/SignalHandler.scala
2025.11.19 17:18:04 WARN  no build target for: /Users/sanketikam4/November/knowledge-platform/knowlg-unified-service/app/controllers/search/AuditHistoryController.scala
2025.11.19 17:18:04 WARN  no build target for: /Users/sanketikam4/November/knowledge-platform/knowlg-unified-service/app/controllers/search/SearchController.scala
2025.11.19 17:18:04 INFO  no build target found for /Users/sanketikam4/November/knowledge-platform/knowlg-unified-service/app/controllers/search/AuditHistoryController.scala. Using presentation compiler with project's scala-library version: 3.3.6
2025.11.19 17:18:04 INFO  no build target found for /Users/sanketikam4/November/knowledge-platform/knowlg-unified-service/app/utils/ApiId.scala. Using presentation compiler with project's scala-library version: 3.3.6
2025.11.19 17:18:25 WARN  no build target for: /Users/sanketikam4/November/knowledge-platform/search-api/search-service/app/managers/SearchManager.java
2025.11.19 17:18:25 INFO  no build target found for /Users/sanketikam4/November/knowledge-platform/search-api/search-service/app/managers/SearchManager.java. Using fallback presentation compiler.
2025.11.19 17:18:27 WARN  no build target for: /Users/sanketikam4/November/knowledge-platform/search-api/search-service/app/managers/SearchManager.java
2025.11.19 17:18:27 INFO  no build target found for /Users/sanketikam4/November/knowledge-platform/search-api/search-service/app/managers/SearchManager.java. Using fallback presentation compiler.
2025.11.19 17:18:27 WARN  no build target for: /Users/sanketikam4/November/knowledge-platform/search-api/search-service/app/managers/SearchManager.java
2025.11.19 17:18:27 INFO  no build target found for /Users/sanketikam4/November/knowledge-platform/search-api/search-service/app/managers/SearchManager.java. Using fallback presentation compiler.
2025.11.19 17:18:27 WARN  no build target for: /Users/sanketikam4/November/knowledge-platform/search-api/search-core/src/main/java/org/sunbird/search/util/SearchConstants.java
2025.11.19 17:18:27 INFO  no build target found for /Users/sanketikam4/November/knowledge-platform/search-api/search-core/src/main/java/org/sunbird/search/util/SearchConstants.java. Using fallback presentation compiler.
2025.11.19 17:18:27 WARN  no build target for: /Users/sanketikam4/November/knowledge-platform/search-api/search-service/app/managers/SearchManager.java
2025.11.19 17:18:27 INFO  no build target found for /Users/sanketikam4/November/knowledge-platform/search-api/search-service/app/managers/SearchManager.java. Using fallback presentation compiler.
2025.11.19 18:53:29 INFO  no build target found for /Users/sanketikam4/November/knowledge-platform/knowlg-unified-service/app/controllers/content/v4/EventController.scala. Using presentation compiler with project's scala-library version: 3.3.6
2025.11.19 18:53:29 WARN  no build target for: /Users/sanketikam4/November/knowledge-platform/knowlg-unified-service/app/controllers/content/v4/EventController.scala
2025.11.19 18:54:35 WARN  no build target for: /Users/sanketikam4/November/knowledge-platform/knowlg-unified-service/app/controllers/search/SearchController.scala
2025.11.19 18:54:35 INFO  no build target found for /Users/sanketikam4/November/knowledge-platform/knowlg-unified-service/app/controllers/search/SearchController.scala. Using presentation compiler with project's scala-library version: 3.3.6
2025.11.19 18:54:35 INFO  no build target found for /Users/sanketikam4/November/knowledge-platform/knowlg-unified-service/app/controllers/search/SearchController.scala. Using presentation compiler with project's scala-library version: 3.3.6
2025.11.19 18:54:42 INFO  no build target found for /Users/sanketikam4/November/knowledge-platform/knowlg-unified-service/app/controllers/search/SearchController.scala. Using presentation compiler with project's scala-library version: 3.3.6
2025.11.19 18:54:42 INFO  no build target found for /Users/sanketikam4/November/knowledge-platform/knowlg-unified-service/app/controllers/search/SearchController.scala. Using presentation compiler with project's scala-library version: 3.3.6
2025.11.19 18:55:28 INFO  no build target found for /Users/sanketikam4/November/knowledge-platform/inquiry-api-service/assessment-api/assessment-service/app/controllers/v4/QuestionController.scala. Using presentation compiler with project's scala-library version: 3.3.6
2025.11.19 18:55:28 WARN  no build target for: /Users/sanketikam4/November/knowledge-platform/inquiry-api-service/assessment-api/assessment-service/app/controllers/v4/QuestionController.scala
2025.11.19 18:55:28 INFO  no build target found for /Users/sanketikam4/November/knowledge-platform/knowlg-unified-service/app/controllers/search/SearchController.scala. Using presentation compiler with project's scala-library version: 3.3.6
2025.11.19 18:55:56 WARN  no build target for: /Users/sanketikam4/November/knowledge-platform/inquiry-api-service/assessment-api/assessment-service/app/controllers/BaseController.scala
2025.11.19 18:55:56 INFO  no build target found for /Users/sanketikam4/November/knowledge-platform/inquiry-api-service/assessment-api/assessment-service/app/controllers/BaseController.scala. Using presentation compiler with project's scala-library version: 3.3.6
2025.11.19 18:55:56 INFO  no build target found for /Users/sanketikam4/November/knowledge-platform/knowlg-unified-service/app/controllers/search/SearchController.scala. Using presentation compiler with project's scala-library version: 3.3.6
2025.11.19 18:56:07 WARN  no build target for: /Users/sanketikam4/November/knowledge-platform/knowlg-unified-service/app/controllers/BaseController.scala
2025.11.19 18:56:07 INFO  no build target found for /Users/sanketikam4/November/knowledge-platform/knowlg-unified-service/app/controllers/BaseController.scala. Using presentation compiler with project's scala-library version: 3.3.6
2025.11.19 18:56:07 INFO  no build target found for /Users/sanketikam4/November/knowledge-platform/knowlg-unified-service/app/controllers/search/SearchController.scala. Using presentation compiler with project's scala-library version: 3.3.6
2025.11.19 18:56:12 INFO  no build target found for /Users/sanketikam4/November/knowledge-platform/knowlg-unified-service/app/controllers/search/SearchController.scala. Using presentation compiler with project's scala-library version: 3.3.6
2025.11.19 18:56:25 INFO  no build target found for /Users/sanketikam4/November/knowledge-platform/knowlg-unified-service/app/controllers/BaseController.scala. Using presentation compiler with project's scala-library version: 3.3.6
2025.11.19 18:56:25 WARN  no build target for: /Users/sanketikam4/November/knowledge-platform/knowlg-unified-service/app/controllers/BaseController.scala
2025.11.19 18:56:25 INFO  no build target found for /Users/sanketikam4/November/knowledge-platform/knowlg-unified-service/app/controllers/BaseController.scala. Using presentation compiler with project's scala-library version: 3.3.6
2025.11.19 18:56:25 INFO  no build target found for /Users/sanketikam4/November/knowledge-platform/knowlg-unified-service/app/controllers/search/SearchController.scala. Using presentation compiler with project's scala-library version: 3.3.6
2025.11.19 18:56:29 INFO  no build target found for /Users/sanketikam4/November/knowledge-platform/knowlg-unified-service/app/controllers/content/v4/EventController.scala. Using presentation compiler with project's scala-library version: 3.3.6
2025.11.19 18:56:31 INFO  no build target found for /Users/sanketikam4/November/knowledge-platform/inquiry-api-service/assessment-api/assessment-service/app/controllers/HealthController.scala. Using presentation compiler with project's scala-library version: 3.3.6
2025.11.19 18:56:31 WARN  no build target for: /Users/sanketikam4/November/knowledge-platform/inquiry-api-service/assessment-api/assessment-service/app/controllers/HealthController.scala
2025.11.19 18:56:31 INFO  no build target found for /Users/sanketikam4/November/knowledge-platform/knowlg-unified-service/app/controllers/search/SearchController.scala. Using presentation compiler with project's scala-library version: 3.3.6
2025.11.19 18:56:37 INFO  no build target found for /Users/sanketikam4/November/knowledge-platform/inquiry-api-service/assessment-api/assessment-service/app/controllers/v3/ItemSetController.scala. Using presentation compiler with project's scala-library version: 3.3.6
2025.11.19 18:56:37 WARN  no build target for: /Users/sanketikam4/November/knowledge-platform/inquiry-api-service/assessment-api/assessment-service/app/controllers/v3/ItemSetController.scala
2025.11.19 18:56:37 INFO  no build target found for /Users/sanketikam4/November/knowledge-platform/knowlg-unified-service/app/controllers/search/SearchController.scala. Using presentation compiler with project's scala-library version: 3.3.6
2025.11.19 18:56:50 WARN  no build target for: /Users/sanketikam4/November/knowledge-platform/knowlg-unified-service/app/controllers/assessment/v3/ItemSetController.scala
2025.11.19 18:56:50 INFO  no build target found for /Users/sanketikam4/November/knowledge-platform/knowlg-unified-service/app/controllers/assessment/v3/ItemSetController.scala. Using presentation compiler with project's scala-library version: 3.3.6
2025.11.19 18:56:50 INFO  no build target found for /Users/sanketikam4/November/knowledge-platform/knowlg-unified-service/app/controllers/assessment/v3/ItemSetController.scala. Using presentation compiler with project's scala-library version: 3.3.6
2025.11.19 18:56:50 INFO  no build target found for /Users/sanketikam4/November/knowledge-platform/knowlg-unified-service/app/controllers/search/SearchController.scala. Using presentation compiler with project's scala-library version: 3.3.6
2025.11.19 18:56:51 INFO  no build target found for /Users/sanketikam4/November/knowledge-platform/knowlg-unified-service/app/controllers/assessment/v3/ItemSetController.scala. Using presentation compiler with project's scala-library version: 3.3.6
2025.11.19 18:56:51 INFO  no build target found for /Users/sanketikam4/November/knowledge-platform/knowlg-unified-service/app/controllers/assessment/v3/ItemSetController.scala. Using presentation compiler with project's scala-library version: 3.3.6
2025.11.19 18:56:51 WARN  no build target for: /Users/sanketikam4/November/knowledge-platform/knowlg-unified-service/app/controllers/assessment/v3/ItemSetController.scala
2025.11.19 18:56:51 INFO  no build target found for /Users/sanketikam4/November/knowledge-platform/knowlg-unified-service/app/controllers/search/SearchController.scala. Using presentation compiler with project's scala-library version: 3.3.6
2025.11.19 18:56:55 WARN  no build target for: /Users/sanketikam4/November/knowledge-platform/knowlg-unified-service/app/controllers/assessment/v3/ItemSetController.scala
2025.11.19 18:56:55 INFO  no build target found for /Users/sanketikam4/November/knowledge-platform/knowlg-unified-service/app/controllers/assessment/v3/ItemSetController.scala. Using presentation compiler with project's scala-library version: 3.3.6
2025.11.19 18:56:55 INFO  no build target found for /Users/sanketikam4/November/knowledge-platform/knowlg-unified-service/app/controllers/assessment/v3/ItemSetController.scala. Using presentation compiler with project's scala-library version: 3.3.6
2025.11.19 18:56:56 INFO  no build target found for /Users/sanketikam4/November/knowledge-platform/inquiry-api-service/assessment-api/assessment-service/app/controllers/v3/AssessmentItemController.scala. Using presentation compiler with project's scala-library version: 3.3.6
2025.11.19 18:56:56 WARN  no build target for: /Users/sanketikam4/November/knowledge-platform/inquiry-api-service/assessment-api/assessment-service/app/controllers/v3/AssessmentItemController.scala
2025.11.19 18:56:56 INFO  no build target found for /Users/sanketikam4/November/knowledge-platform/knowlg-unified-service/app/controllers/assessment/v3/ItemSetController.scala. Using presentation compiler with project's scala-library version: 3.3.6
2025.11.19 18:57:07 INFO  no build target found for /Users/sanketikam4/November/knowledge-platform/knowlg-unified-service/app/controllers/assessment/v3/AssessmentItemController.scala. Using presentation compiler with project's scala-library version: 3.3.6
2025.11.19 18:57:07 WARN  no build target for: /Users/sanketikam4/November/knowledge-platform/knowlg-unified-service/app/controllers/assessment/v3/AssessmentItemController.scala
2025.11.19 18:57:07 INFO  no build target found for /Users/sanketikam4/November/knowledge-platform/knowlg-unified-service/app/controllers/assessment/v3/AssessmentItemController.scala. Using presentation compiler with project's scala-library version: 3.3.6
2025.11.19 18:57:07 INFO  no build target found for /Users/sanketikam4/November/knowledge-platform/knowlg-unified-service/app/controllers/assessment/v3/ItemSetController.scala. Using presentation compiler with project's scala-library version: 3.3.6
2025.11.19 18:57:08 INFO  no build target found for /Users/sanketikam4/November/knowledge-platform/knowlg-unified-service/app/controllers/assessment/v3/AssessmentItemController.scala. Using presentation compiler with project's scala-library version: 3.3.6
2025.11.19 18:57:08 WARN  no build target for: /Users/sanketikam4/November/knowledge-platform/knowlg-unified-service/app/controllers/assessment/v3/AssessmentItemController.scala
2025.11.19 18:57:08 INFO  no build target found for /Users/sanketikam4/November/knowledge-platform/knowlg-unified-service/app/controllers/assessment/v3/AssessmentItemController.scala. Using presentation compiler with project's scala-library version: 3.3.6
2025.11.19 18:57:08 INFO  no build target found for /Users/sanketikam4/November/knowledge-platform/knowlg-unified-service/app/controllers/assessment/v3/ItemSetController.scala. Using presentation compiler with project's scala-library version: 3.3.6
2025.11.19 18:57:30 INFO  no build target found for /Users/sanketikam4/November/knowledge-platform/knowlg-unified-service/app/controllers/assessment/v4/QuestionController.scala. Using presentation compiler with project's scala-library version: 3.3.6
2025.11.19 18:57:30 WARN  no build target for: /Users/sanketikam4/November/knowledge-platform/knowlg-unified-service/app/controllers/assessment/v4/QuestionController.scala
2025.11.19 18:57:30 INFO  no build target found for /Users/sanketikam4/November/knowledge-platform/knowlg-unified-service/app/controllers/assessment/v4/QuestionController.scala. Using presentation compiler with project's scala-library version: 3.3.6
2025.11.19 18:57:30 INFO  no build target found for /Users/sanketikam4/November/knowledge-platform/knowlg-unified-service/app/controllers/assessment/v3/ItemSetController.scala. Using presentation compiler with project's scala-library version: 3.3.6
2025.11.19 18:57:31 INFO  no build target found for /Users/sanketikam4/November/knowledge-platform/knowlg-unified-service/app/controllers/assessment/v4/QuestionController.scala. Using presentation compiler with project's scala-library version: 3.3.6
2025.11.19 18:57:31 INFO  no build target found for /Users/sanketikam4/November/knowledge-platform/knowlg-unified-service/app/controllers/assessment/v4/QuestionController.scala. Using presentation compiler with project's scala-library version: 3.3.6
2025.11.19 18:57:31 WARN  no build target for: /Users/sanketikam4/November/knowledge-platform/knowlg-unified-service/app/controllers/assessment/v4/QuestionController.scala
2025.11.19 18:57:31 INFO  no build target found for /Users/sanketikam4/November/knowledge-platform/knowlg-unified-service/app/controllers/assessment/v3/ItemSetController.scala. Using presentation compiler with project's scala-library version: 3.3.6
2025.11.19 18:57:37 INFO  no build target found for /Users/sanketikam4/November/knowledge-platform/inquiry-api-service/assessment-api/assessment-service/app/controllers/v4/QuestionSetController.scala. Using presentation compiler with project's scala-library version: 3.3.6
2025.11.19 18:57:37 WARN  no build target for: /Users/sanketikam4/November/knowledge-platform/inquiry-api-service/assessment-api/assessment-service/app/controllers/v4/QuestionSetController.scala
2025.11.19 18:57:37 INFO  no build target found for /Users/sanketikam4/November/knowledge-platform/knowlg-unified-service/app/controllers/assessment/v3/ItemSetController.scala. Using presentation compiler with project's scala-library version: 3.3.6
2025.11.19 18:58:11 INFO  no build target found for /Users/sanketikam4/November/knowledge-platform/knowlg-unified-service/app/controllers/assessment/v4/QuestionSetController.scala. Using presentation compiler with project's scala-library version: 3.3.6
2025.11.19 18:58:11 WARN  no build target for: /Users/sanketikam4/November/knowledge-platform/knowlg-unified-service/app/controllers/assessment/v4/QuestionSetController.scala
2025.11.19 18:58:11 INFO  no build target found for /Users/sanketikam4/November/knowledge-platform/knowlg-unified-service/app/controllers/assessment/v4/QuestionSetController.scala. Using presentation compiler with project's scala-library version: 3.3.6
2025.11.19 18:58:11 INFO  no build target found for /Users/sanketikam4/November/knowledge-platform/knowlg-unified-service/app/controllers/assessment/v3/ItemSetController.scala. Using presentation compiler with project's scala-library version: 3.3.6
2025.11.19 18:58:12 INFO  no build target found for /Users/sanketikam4/November/knowledge-platform/knowlg-unified-service/app/controllers/assessment/v4/QuestionSetController.scala. Using presentation compiler with project's scala-library version: 3.3.6
2025.11.19 18:58:12 WARN  no build target for: /Users/sanketikam4/November/knowledge-platform/knowlg-unified-service/app/controllers/assessment/v4/QuestionSetController.scala
2025.11.19 18:58:12 INFO  no build target found for /Users/sanketikam4/November/knowledge-platform/knowlg-unified-service/app/controllers/assessment/v4/QuestionSetController.scala. Using presentation compiler with project's scala-library version: 3.3.6
2025.11.19 18:58:12 INFO  no build target found for /Users/sanketikam4/November/knowledge-platform/knowlg-unified-service/app/controllers/assessment/v3/ItemSetController.scala. Using presentation compiler with project's scala-library version: 3.3.6
2025.11.19 18:58:27 WARN  no build target for: /Users/sanketikam4/November/knowledge-platform/knowlg-unified-service/app/controllers/assessment/v5/QuestionController.scala
2025.11.19 18:58:27 INFO  no build target found for /Users/sanketikam4/November/knowledge-platform/knowlg-unified-service/app/controllers/assessment/v5/QuestionController.scala. Using presentation compiler with project's scala-library version: 3.3.6
2025.11.19 18:58:27 INFO  no build target found for /Users/sanketikam4/November/knowledge-platform/knowlg-unified-service/app/controllers/assessment/v5/QuestionController.scala. Using presentation compiler with project's scala-library version: 3.3.6
2025.11.19 18:58:27 INFO  no build target found for /Users/sanketikam4/November/knowledge-platform/knowlg-unified-service/app/controllers/assessment/v3/ItemSetController.scala. Using presentation compiler with project's scala-library version: 3.3.6
2025.11.19 18:58:27 WARN  no build target for: /Users/sanketikam4/November/knowledge-platform/knowlg-unified-service/app/controllers/assessment/v5/QuestionController.scala
2025.11.19 18:58:27 INFO  no build target found for /Users/sanketikam4/November/knowledge-platform/knowlg-unified-service/app/controllers/assessment/v5/QuestionController.scala. Using presentation compiler with project's scala-library version: 3.3.6
2025.11.19 18:58:27 INFO  no build target found for /Users/sanketikam4/November/knowledge-platform/knowlg-unified-service/app/controllers/assessment/v3/ItemSetController.scala. Using presentation compiler with project's scala-library version: 3.3.6
2025.11.19 18:58:27 INFO  no build target found for /Users/sanketikam4/November/knowledge-platform/inquiry-api-service/assessment-api/assessment-service/app/controllers/v4/QuestionController.scala. Using presentation compiler with project's scala-library version: 3.3.6
2025.11.19 18:58:37 INFO  no build target found for /Users/sanketikam4/November/knowledge-platform/knowlg-unified-service/app/controllers/assessment/v5/QuestionSetController.scala. Using presentation compiler with project's scala-library version: 3.3.6
2025.11.19 18:58:37 WARN  no build target for: /Users/sanketikam4/November/knowledge-platform/knowlg-unified-service/app/controllers/assessment/v5/QuestionSetController.scala
2025.11.19 18:58:37 INFO  no build target found for /Users/sanketikam4/November/knowledge-platform/knowlg-unified-service/app/controllers/assessment/v5/QuestionSetController.scala. Using presentation compiler with project's scala-library version: 3.3.6
2025.11.19 18:58:37 INFO  no build target found for /Users/sanketikam4/November/knowledge-platform/knowlg-unified-service/app/controllers/assessment/v3/ItemSetController.scala. Using presentation compiler with project's scala-library version: 3.3.6
2025.11.19 18:58:37 WARN  no build target for: /Users/sanketikam4/November/knowledge-platform/knowlg-unified-service/app/controllers/assessment/v5/QuestionSetController.scala
2025.11.19 18:58:37 INFO  no build target found for /Users/sanketikam4/November/knowledge-platform/knowlg-unified-service/app/controllers/assessment/v5/QuestionSetController.scala. Using presentation compiler with project's scala-library version: 3.3.6
2025.11.19 18:58:37 INFO  no build target found for /Users/sanketikam4/November/knowledge-platform/knowlg-unified-service/app/controllers/assessment/v3/ItemSetController.scala. Using presentation compiler with project's scala-library version: 3.3.6
2025.11.19 18:58:56 INFO  no build target found for /Users/sanketikam4/November/knowledge-platform/inquiry-api-service/assessment-api/assessment-service/app/controllers/BaseController.scala. Using presentation compiler with project's scala-library version: 3.3.6
2025.11.19 18:59:31 INFO  no build target found for /Users/sanketikam4/November/knowledge-platform/inquiry-api-service/assessment-api/assessment-service/app/controllers/HealthController.scala. Using presentation compiler with project's scala-library version: 3.3.6
2025.11.19 18:59:37 INFO  no build target found for /Users/sanketikam4/November/knowledge-platform/inquiry-api-service/assessment-api/assessment-service/app/controllers/v3/ItemSetController.scala. Using presentation compiler with project's scala-library version: 3.3.6
2025.11.19 18:59:41 INFO  no build target found for /Users/sanketikam4/November/knowledge-platform/inquiry-api-service/assessment-api/assessment-service/app/utils/ActorNames.scala. Using presentation compiler with project's scala-library version: 3.3.6
2025.11.19 18:59:41 WARN  no build target for: /Users/sanketikam4/November/knowledge-platform/inquiry-api-service/assessment-api/assessment-service/app/utils/ActorNames.scala
2025.11.19 18:59:41 INFO  no build target found for /Users/sanketikam4/November/knowledge-platform/knowlg-unified-service/app/controllers/assessment/v3/ItemSetController.scala. Using presentation compiler with project's scala-library version: 3.3.6
2025.11.19 18:59:55 INFO  no build target found for /Users/sanketikam4/November/knowledge-platform/knowlg-unified-service/app/utils/ActorNames.scala. Using presentation compiler with project's scala-library version: 3.3.6
2025.11.19 18:59:55 INFO  no build target found for /Users/sanketikam4/November/knowledge-platform/knowlg-unified-service/app/utils/ActorNames.scala. Using presentation compiler with project's scala-library version: 3.3.6
2025.11.19 18:59:55 WARN  no build target for: /Users/sanketikam4/November/knowledge-platform/knowlg-unified-service/app/utils/ActorNames.scala
2025.11.19 18:59:55 INFO  no build target found for /Users/sanketikam4/November/knowledge-platform/knowlg-unified-service/app/controllers/assessment/v3/ItemSetController.scala. Using presentation compiler with project's scala-library version: 3.3.6
2025.11.19 18:59:56 INFO  no build target found for /Users/sanketikam4/November/knowledge-platform/inquiry-api-service/assessment-api/assessment-service/app/controllers/v3/AssessmentItemController.scala. Using presentation compiler with project's scala-library version: 3.3.6
2025.11.19 19:00:03 INFO  no build target found for /Users/sanketikam4/November/knowledge-platform/inquiry-api-service/assessment-api/assessment-service/app/utils/ApiId.scala. Using presentation compiler with project's scala-library version: 3.3.6
2025.11.19 19:00:03 WARN  no build target for: /Users/sanketikam4/November/knowledge-platform/inquiry-api-service/assessment-api/assessment-service/app/utils/ApiId.scala
2025.11.19 19:00:03 INFO  no build target found for /Users/sanketikam4/November/knowledge-platform/knowlg-unified-service/app/controllers/assessment/v3/ItemSetController.scala. Using presentation compiler with project's scala-library version: 3.3.6
2025.11.19 19:00:21 INFO  no build target found for /Users/sanketikam4/November/knowledge-platform/knowlg-unified-service/app/utils/ApiId.scala. Using presentation compiler with project's scala-library version: 3.3.6
2025.11.19 19:00:21 WARN  no build target for: /Users/sanketikam4/November/knowledge-platform/knowlg-unified-service/app/utils/ApiId.scala
2025.11.19 19:00:21 INFO  no build target found for /Users/sanketikam4/November/knowledge-platform/knowlg-unified-service/app/utils/ApiId.scala. Using presentation compiler with project's scala-library version: 3.3.6
2025.11.19 19:00:21 INFO  no build target found for /Users/sanketikam4/November/knowledge-platform/knowlg-unified-service/app/controllers/assessment/v3/ItemSetController.scala. Using presentation compiler with project's scala-library version: 3.3.6
2025.11.19 19:00:37 INFO  no build target found for /Users/sanketikam4/November/knowledge-platform/inquiry-api-service/assessment-api/assessment-service/app/controllers/v4/QuestionSetController.scala. Using presentation compiler with project's scala-library version: 3.3.6
2025.11.19 19:00:40 INFO  no build target found for /Users/sanketikam4/November/knowledge-platform/knowlg-unified-service/app/controllers/content/v4/EventController.scala. Using presentation compiler with project's scala-library version: 3.3.6
2025.11.19 19:00:40 WARN  no build target for: /Users/sanketikam4/November/knowledge-platform/knowlg-unified-service/app/controllers/content/v4/EventController.scala
2025.11.19 19:00:40 INFO  no build target found for /Users/sanketikam4/November/knowledge-platform/knowlg-unified-service/app/controllers/assessment/v3/ItemSetController.scala. Using presentation compiler with project's scala-library version: 3.3.6
2025.11.19 19:01:05 WARN  no build target for: /Users/sanketikam4/November/knowledge-platform/knowlg-unified-service/app/controllers/assessment/v3/ItemSetController.scala
2025.11.19 19:01:05 INFO  no build target found for /Users/sanketikam4/November/knowledge-platform/knowlg-unified-service/app/controllers/assessment/v3/ItemSetController.scala. Using presentation compiler with project's scala-library version: 3.3.6
2025.11.19 19:01:05 INFO  no build target found for /Users/sanketikam4/November/knowledge-platform/knowlg-unified-service/app/controllers/assessment/v3/ItemSetController.scala. Using presentation compiler with project's scala-library version: 3.3.6
2025.11.19 19:01:05 INFO  no build target found for /Users/sanketikam4/November/knowledge-platform/knowlg-unified-service/app/controllers/assessment/v3/ItemSetController.scala. Using presentation compiler with project's scala-library version: 3.3.6
2025.11.19 19:01:21 INFO  no build target found for /Users/sanketikam4/November/knowledge-platform/knowlg-unified-service/app/modules/UnifiedServiceModule.scala. Using presentation compiler with project's scala-library version: 3.3.6
2025.11.19 19:01:21 WARN  no build target for: /Users/sanketikam4/November/knowledge-platform/knowlg-unified-service/app/modules/UnifiedServiceModule.scala
2025.11.19 19:01:21 INFO  no build target found for /Users/sanketikam4/November/knowledge-platform/knowlg-unified-service/app/modules/UnifiedServiceModule.scala. Using presentation compiler with project's scala-library version: 3.3.6
2025.11.19 19:01:21 INFO  no build target found for /Users/sanketikam4/November/knowledge-platform/knowlg-unified-service/app/controllers/assessment/v3/ItemSetController.scala. Using presentation compiler with project's scala-library version: 3.3.6
2025.11.19 19:01:30 INFO  no build target found for /Users/sanketikam4/November/knowledge-platform/knowlg-unified-service/app/modules/UnifiedServiceModule.scala. Using presentation compiler with project's scala-library version: 3.3.6
2025.11.19 19:01:30 WARN  no build target for: /Users/sanketikam4/November/knowledge-platform/knowlg-unified-service/app/modules/UnifiedServiceModule.scala
2025.11.19 19:01:30 INFO  no build target found for /Users/sanketikam4/November/knowledge-platform/knowlg-unified-service/app/modules/UnifiedServiceModule.scala. Using presentation compiler with project's scala-library version: 3.3.6
2025.11.19 19:01:30 INFO  no build target found for /Users/sanketikam4/November/knowledge-platform/knowlg-unified-service/app/controllers/assessment/v3/ItemSetController.scala. Using presentation compiler with project's scala-library version: 3.3.6
2025.11.19 19:02:21 INFO  no build target found for /Users/sanketikam4/November/knowledge-platform/knowlg-unified-service/app/controllers/assessment/v3/ItemSetController.scala. Using presentation compiler with project's scala-library version: 3.3.6
2025.11.19 19:02:41 INFO  no build target found for /Users/sanketikam4/November/knowledge-platform/inquiry-api-service/assessment-api/assessment-service/app/utils/ActorNames.scala. Using presentation compiler with project's scala-library version: 3.3.6
2025.11.19 19:03:03 INFO  no build target found for /Users/sanketikam4/November/knowledge-platform/inquiry-api-service/assessment-api/assessment-service/app/utils/ApiId.scala. Using presentation compiler with project's scala-library version: 3.3.6
2025.11.19 19:03:04 INFO  no build target found for /Users/sanketikam4/November/knowledge-platform/knowlg-unified-service/app/modules/UnifiedServiceModule.scala. Using presentation compiler with project's scala-library version: 3.3.6
2025.11.19 19:03:04 WARN  no build target for: /Users/sanketikam4/November/knowledge-platform/knowlg-unified-service/app/modules/UnifiedServiceModule.scala
2025.11.19 19:03:04 INFO  no build target found for /Users/sanketikam4/November/knowledge-platform/knowlg-unified-service/app/modules/UnifiedServiceModule.scala. Using presentation compiler with project's scala-library version: 3.3.6
2025.11.19 19:03:04 INFO  no build target found for /Users/sanketikam4/November/knowledge-platform/knowlg-unified-service/app/controllers/assessment/v3/ItemSetController.scala. Using presentation compiler with project's scala-library version: 3.3.6
2025.11.19 19:03:40 INFO  no build target found for /Users/sanketikam4/November/knowledge-platform/knowlg-unified-service/app/controllers/content/v4/EventController.scala. Using presentation compiler with project's scala-library version: 3.3.6
2025.11.19 19:03:58 INFO  no build target found for /Users/sanketikam4/November/knowledge-platform/knowlg-unified-service/app/utils/QuestionOperations.scala. Using presentation compiler with project's scala-library version: 3.3.6
2025.11.19 19:03:58 WARN  no build target for: /Users/sanketikam4/November/knowledge-platform/knowlg-unified-service/app/utils/QuestionOperations.scala
2025.11.19 19:04:02 INFO  no build target found for /Users/sanketikam4/November/knowledge-platform/knowlg-unified-service/app/utils/QuestionOperations.scala. Using presentation compiler with project's scala-library version: 3.3.6
2025.11.19 19:04:02 INFO  no build target found for /Users/sanketikam4/November/knowledge-platform/knowlg-unified-service/app/utils/QuestionOperations.scala. Using presentation compiler with project's scala-library version: 3.3.6
2025.11.19 19:04:02 WARN  no build target for: /Users/sanketikam4/November/knowledge-platform/knowlg-unified-service/app/utils/QuestionOperations.scala
Nov 19, 2025 7:04:06 PM org.eclipse.lsp4j.jsonrpc.RemoteEndpoint handleNotification
WARNING: Notification threw an exception: {
  "jsonrpc": "2.0",
  "method": "metals/didFocusTextDocument",
  "params": [
    "chat-editing-snapshot-text-model:/Users/sanketikam4/November/knowledge-platform/knowlg-unified-service/app/utils/QuestionOperations.scala?%7B%22sessionId%22%3A%22f0b397fd-3f05-4130-8cce-93e2b6a6fb9b%22%2C%22requestId%22%3A%22request_88ad392e-4c4c-468e-b61d-4c67d7f4790e%22%2C%22undoStop%22%3A%22__epoch_9007199254740991%22%7D"
  ]
}
java.nio.file.FileSystemNotFoundException: Provider "chat-editing-snapshot-text-model" not installed
	at java.base/java.nio.file.Path.of(Path.java:212)
	at java.base/java.nio.file.Paths.get(Paths.java:98)
	at scala.meta.internal.mtags.MtagsEnrichments$XtensionURIMtags.toAbsolutePath(MtagsEnrichments.scala:149)
	at scala.meta.internal.mtags.MtagsEnrichments$XtensionStringMtags.toAbsolutePath(MtagsEnrichments.scala:209)
	at scala.meta.internal.metals.MetalsEnrichments$XtensionString.toAbsolutePath(MetalsEnrichments.scala:796)
	at scala.meta.internal.metals.MetalsEnrichments$XtensionString.toAbsolutePath(MetalsEnrichments.scala:793)
	at scala.meta.internal.metals.WorkspaceLspService.didFocus(WorkspaceLspService.scala:786)
	at scala.meta.metals.lsp.DelegatingScalaService.didFocus(DelegatingScalaService.scala:42)
	at java.base/jdk.internal.reflect.NativeMethodAccessorImpl.invoke0(Native Method)
	at java.base/jdk.internal.reflect.NativeMethodAccessorImpl.invoke(NativeMethodAccessorImpl.java:77)
	at java.base/jdk.internal.reflect.DelegatingMethodAccessorImpl.invoke(DelegatingMethodAccessorImpl.java:43)
	at java.base/java.lang.reflect.Method.invoke(Method.java:569)
	at org.eclipse.lsp4j.jsonrpc.services.GenericEndpoint.lambda$recursiveFindRpcMethods$0(GenericEndpoint.java:65)
	at org.eclipse.lsp4j.jsonrpc.services.GenericEndpoint.notify(GenericEndpoint.java:160)
	at org.eclipse.lsp4j.jsonrpc.RemoteEndpoint.handleNotification(RemoteEndpoint.java:231)
	at org.eclipse.lsp4j.jsonrpc.RemoteEndpoint.consume(RemoteEndpoint.java:198)
	at org.eclipse.lsp4j.jsonrpc.json.StreamMessageProducer.handleMessage(StreamMessageProducer.java:185)
	at org.eclipse.lsp4j.jsonrpc.json.StreamMessageProducer.listen(StreamMessageProducer.java:97)
	at org.eclipse.lsp4j.jsonrpc.json.ConcurrentMessageProcessor.run(ConcurrentMessageProcessor.java:114)
	at java.base/java.util.concurrent.Executors$RunnableAdapter.call(Executors.java:539)
	at java.base/java.util.concurrent.FutureTask.run(FutureTask.java:264)
	at java.base/java.util.concurrent.ThreadPoolExecutor.runWorker(ThreadPoolExecutor.java:1136)
	at java.base/java.util.concurrent.ThreadPoolExecutor$Worker.run(ThreadPoolExecutor.java:635)
	at java.base/java.lang.Thread.run(Thread.java:840)

2025.11.19 19:04:09 INFO  no build target found for /Users/sanketikam4/November/knowledge-platform/knowlg-unified-service/app/utils/ApiId.scala. Using presentation compiler with project's scala-library version: 3.3.6
2025.11.19 19:04:09 WARN  no build target for: /Users/sanketikam4/November/knowledge-platform/knowlg-unified-service/app/utils/ApiId.scala
2025.11.19 19:04:09 INFO  no build target found for /Users/sanketikam4/November/knowledge-platform/knowlg-unified-service/app/utils/ApiId.scala. Using presentation compiler with project's scala-library version: 3.3.6
Nov 19, 2025 7:04:14 PM org.eclipse.lsp4j.jsonrpc.RemoteEndpoint handleNotification
WARNING: Notification threw an exception: {
  "jsonrpc": "2.0",
  "method": "metals/didFocusTextDocument",
  "params": [
    "chat-editing-snapshot-text-model:/Users/sanketikam4/November/knowledge-platform/knowlg-unified-service/app/utils/ApiId.scala?%7B%22sessionId%22%3A%22f0b397fd-3f05-4130-8cce-93e2b6a6fb9b%22%2C%22requestId%22%3A%22request_88ad392e-4c4c-468e-b61d-4c67d7f4790e%22%2C%22undoStop%22%3A%22__epoch_9007199254740991%22%7D"
  ]
}
java.nio.file.FileSystemNotFoundException: Provider "chat-editing-snapshot-text-model" not installed
	at java.base/java.nio.file.Path.of(Path.java:212)
	at java.base/java.nio.file.Paths.get(Paths.java:98)
	at scala.meta.internal.mtags.MtagsEnrichments$XtensionURIMtags.toAbsolutePath(MtagsEnrichments.scala:149)
	at scala.meta.internal.mtags.MtagsEnrichments$XtensionStringMtags.toAbsolutePath(MtagsEnrichments.scala:209)
	at scala.meta.internal.metals.MetalsEnrichments$XtensionString.toAbsolutePath(MetalsEnrichments.scala:796)
	at scala.meta.internal.metals.MetalsEnrichments$XtensionString.toAbsolutePath(MetalsEnrichments.scala:793)
	at scala.meta.internal.metals.WorkspaceLspService.didFocus(WorkspaceLspService.scala:786)
	at scala.meta.metals.lsp.DelegatingScalaService.didFocus(DelegatingScalaService.scala:42)
	at java.base/jdk.internal.reflect.NativeMethodAccessorImpl.invoke0(Native Method)
	at java.base/jdk.internal.reflect.NativeMethodAccessorImpl.invoke(NativeMethodAccessorImpl.java:77)
	at java.base/jdk.internal.reflect.DelegatingMethodAccessorImpl.invoke(DelegatingMethodAccessorImpl.java:43)
	at java.base/java.lang.reflect.Method.invoke(Method.java:569)
	at org.eclipse.lsp4j.jsonrpc.services.GenericEndpoint.lambda$recursiveFindRpcMethods$0(GenericEndpoint.java:65)
	at org.eclipse.lsp4j.jsonrpc.services.GenericEndpoint.notify(GenericEndpoint.java:160)
	at org.eclipse.lsp4j.jsonrpc.RemoteEndpoint.handleNotification(RemoteEndpoint.java:231)
	at org.eclipse.lsp4j.jsonrpc.RemoteEndpoint.consume(RemoteEndpoint.java:198)
	at org.eclipse.lsp4j.jsonrpc.json.StreamMessageProducer.handleMessage(StreamMessageProducer.java:185)
	at org.eclipse.lsp4j.jsonrpc.json.StreamMessageProducer.listen(StreamMessageProducer.java:97)
	at org.eclipse.lsp4j.jsonrpc.json.ConcurrentMessageProcessor.run(ConcurrentMessageProcessor.java:114)
	at java.base/java.util.concurrent.Executors$RunnableAdapter.call(Executors.java:539)
	at java.base/java.util.concurrent.FutureTask.run(FutureTask.java:264)
	at java.base/java.util.concurrent.ThreadPoolExecutor.runWorker(ThreadPoolExecutor.java:1136)
	at java.base/java.util.concurrent.ThreadPoolExecutor$Worker.run(ThreadPoolExecutor.java:635)
	at java.base/java.lang.Thread.run(Thread.java:840)

2025.11.19 19:04:23 INFO  no build target found for /Users/sanketikam4/November/knowledge-platform/knowlg-unified-service/app/controllers/assessment/v5/QuestionController.scala. Using presentation compiler with project's scala-library version: 3.3.6
2025.11.19 19:04:23 INFO  no build target found for /Users/sanketikam4/November/knowledge-platform/knowlg-unified-service/app/controllers/assessment/v5/QuestionController.scala. Using presentation compiler with project's scala-library version: 3.3.6
2025.11.19 19:04:23 WARN  no build target for: /Users/sanketikam4/November/knowledge-platform/knowlg-unified-service/app/controllers/assessment/v5/QuestionController.scala
2025.11.19 19:05:00 INFO  no build target found for /Users/sanketikam4/November/knowledge-platform/knowlg-unified-service/app/modules/UnifiedServiceModule.scala. Using presentation compiler with project's scala-library version: 3.3.6
2025.11.19 19:05:00 WARN  no build target for: /Users/sanketikam4/November/knowledge-platform/knowlg-unified-service/app/modules/UnifiedServiceModule.scala
2025.11.19 19:05:00 INFO  no build target found for /Users/sanketikam4/November/knowledge-platform/knowlg-unified-service/app/modules/UnifiedServiceModule.scala. Using presentation compiler with project's scala-library version: 3.3.6
2025.11.19 19:05:09 INFO  no build target found for /Users/sanketikam4/November/knowledge-platform/knowlg-unified-service/app/utils/ActorNames.scala. Using presentation compiler with project's scala-library version: 3.3.6
2025.11.19 19:05:09 WARN  no build target for: /Users/sanketikam4/November/knowledge-platform/knowlg-unified-service/app/utils/ActorNames.scala
2025.11.19 19:05:09 INFO  no build target found for /Users/sanketikam4/November/knowledge-platform/knowlg-unified-service/app/utils/ActorNames.scala. Using presentation compiler with project's scala-library version: 3.3.6
2025.11.19 19:06:47 INFO  no build target found for /Users/sanketikam4/November/knowledge-platform/knowlg-unified-service/app/modules/UnifiedServiceModule.scala. Using presentation compiler with project's scala-library version: 3.3.6
2025.11.19 19:06:47 WARN  no build target for: /Users/sanketikam4/November/knowledge-platform/knowlg-unified-service/app/modules/UnifiedServiceModule.scala
2025.11.19 19:06:47 INFO  no build target found for /Users/sanketikam4/November/knowledge-platform/knowlg-unified-service/app/modules/UnifiedServiceModule.scala. Using presentation compiler with project's scala-library version: 3.3.6
2025.11.19 19:07:00 INFO  no build target found for /Users/sanketikam4/November/knowledge-platform/knowlg-unified-service/app/controllers/content/v4/EventController.scala. Using presentation compiler with project's scala-library version: 3.3.6
2025.11.19 19:07:00 WARN  no build target for: /Users/sanketikam4/November/knowledge-platform/knowlg-unified-service/app/controllers/content/v4/EventController.scala
2025.11.19 19:07:09 INFO  no build target found for /Users/sanketikam4/November/knowledge-platform/knowlg-unified-service/app/org/sunbird/actors/assessment/AssessmentItemActor.scala. Using presentation compiler with project's scala-library version: 3.3.6
2025.11.19 19:07:09 WARN  no build target for: /Users/sanketikam4/November/knowledge-platform/knowlg-unified-service/app/org/sunbird/actors/assessment/AssessmentItemActor.scala
2025.11.19 19:07:09 INFO  no build target found for /Users/sanketikam4/November/knowledge-platform/knowlg-unified-service/app/org/sunbird/actors/assessment/AssessmentItemActor.scala. Using presentation compiler with project's scala-library version: 3.3.6
2025.11.19 19:07:09 WARN  no build target for: /Users/sanketikam4/November/knowledge-platform/knowlg-unified-service/app/org/sunbird/actors/assessment/AssessmentItemActor.scala
2025.11.19 19:07:09 INFO  no build target found for /Users/sanketikam4/November/knowledge-platform/knowlg-unified-service/app/org/sunbird/actors/assessment/AssessmentItemActor.scala. Using presentation compiler with project's scala-library version: 3.3.6
2025.11.19 19:07:16 INFO  no build target found for /Users/sanketikam4/November/knowledge-platform/knowlg-unified-service/app/org/sunbird/actors/assessment/QuestionActor.scala. Using presentation compiler with project's scala-library version: 3.3.6
2025.11.19 19:07:16 WARN  no build target for: /Users/sanketikam4/November/knowledge-platform/knowlg-unified-service/app/org/sunbird/actors/assessment/QuestionActor.scala
2025.11.19 19:07:16 INFO  no build target found for /Users/sanketikam4/November/knowledge-platform/knowlg-unified-service/app/org/sunbird/actors/assessment/QuestionActor.scala. Using presentation compiler with project's scala-library version: 3.3.6
2025.11.19 19:07:16 WARN  no build target for: /Users/sanketikam4/November/knowledge-platform/knowlg-unified-service/app/org/sunbird/actors/assessment/QuestionActor.scala
2025.11.19 19:07:16 INFO  no build target found for /Users/sanketikam4/November/knowledge-platform/knowlg-unified-service/app/org/sunbird/actors/assessment/QuestionActor.scala. Using presentation compiler with project's scala-library version: 3.3.6
Nov 19, 2025 7:07:20 PM org.eclipse.lsp4j.jsonrpc.RemoteEndpoint handleNotification
WARNING: Notification threw an exception: {
  "jsonrpc": "2.0",
  "method": "metals/didFocusTextDocument",
  "params": [
    "chat-editing-snapshot-text-model:/Users/sanketikam4/November/knowledge-platform/knowlg-unified-service/app/org/sunbird/actors/assessment/QuestionActor.scala?%7B%22sessionId%22%3A%22f0b397fd-3f05-4130-8cce-93e2b6a6fb9b%22%2C%22requestId%22%3A%22request_d8d8668e-a848-4aa0-8ece-2c6dd0bda0ee%22%2C%22undoStop%22%3A%22__epoch_9007199254740991%22%7D"
  ]
}
java.nio.file.FileSystemNotFoundException: Provider "chat-editing-snapshot-text-model" not installed
	at java.base/java.nio.file.Path.of(Path.java:212)
	at java.base/java.nio.file.Paths.get(Paths.java:98)
	at scala.meta.internal.mtags.MtagsEnrichments$XtensionURIMtags.toAbsolutePath(MtagsEnrichments.scala:149)
	at scala.meta.internal.mtags.MtagsEnrichments$XtensionStringMtags.toAbsolutePath(MtagsEnrichments.scala:209)
	at scala.meta.internal.metals.MetalsEnrichments$XtensionString.toAbsolutePath(MetalsEnrichments.scala:796)
	at scala.meta.internal.metals.MetalsEnrichments$XtensionString.toAbsolutePath(MetalsEnrichments.scala:793)
	at scala.meta.internal.metals.WorkspaceLspService.didFocus(WorkspaceLspService.scala:786)
	at scala.meta.metals.lsp.DelegatingScalaService.didFocus(DelegatingScalaService.scala:42)
	at java.base/jdk.internal.reflect.NativeMethodAccessorImpl.invoke0(Native Method)
	at java.base/jdk.internal.reflect.NativeMethodAccessorImpl.invoke(NativeMethodAccessorImpl.java:77)
	at java.base/jdk.internal.reflect.DelegatingMethodAccessorImpl.invoke(DelegatingMethodAccessorImpl.java:43)
	at java.base/java.lang.reflect.Method.invoke(Method.java:569)
	at org.eclipse.lsp4j.jsonrpc.services.GenericEndpoint.lambda$recursiveFindRpcMethods$0(GenericEndpoint.java:65)
	at org.eclipse.lsp4j.jsonrpc.services.GenericEndpoint.notify(GenericEndpoint.java:160)
	at org.eclipse.lsp4j.jsonrpc.RemoteEndpoint.handleNotification(RemoteEndpoint.java:231)
	at org.eclipse.lsp4j.jsonrpc.RemoteEndpoint.consume(RemoteEndpoint.java:198)
	at org.eclipse.lsp4j.jsonrpc.json.StreamMessageProducer.handleMessage(StreamMessageProducer.java:185)
	at org.eclipse.lsp4j.jsonrpc.json.StreamMessageProducer.listen(StreamMessageProducer.java:97)
	at org.eclipse.lsp4j.jsonrpc.json.ConcurrentMessageProcessor.run(ConcurrentMessageProcessor.java:114)
	at java.base/java.util.concurrent.Executors$RunnableAdapter.call(Executors.java:539)
	at java.base/java.util.concurrent.FutureTask.run(FutureTask.java:264)
	at java.base/java.util.concurrent.ThreadPoolExecutor.runWorker(ThreadPoolExecutor.java:1136)
	at java.base/java.util.concurrent.ThreadPoolExecutor$Worker.run(ThreadPoolExecutor.java:635)
	at java.base/java.lang.Thread.run(Thread.java:840)

2025.11.19 19:07:23 INFO  no build target found for /Users/sanketikam4/November/knowledge-platform/knowlg-unified-service/app/org/sunbird/actors/assessment/QuestionSetActor.scala. Using presentation compiler with project's scala-library version: 3.3.6
2025.11.19 19:07:23 WARN  no build target for: /Users/sanketikam4/November/knowledge-platform/knowlg-unified-service/app/org/sunbird/actors/assessment/QuestionSetActor.scala
2025.11.19 19:07:23 INFO  no build target found for /Users/sanketikam4/November/knowledge-platform/knowlg-unified-service/app/org/sunbird/actors/assessment/QuestionSetActor.scala. Using presentation compiler with project's scala-library version: 3.3.6
2025.11.19 19:07:23 WARN  no build target for: /Users/sanketikam4/November/knowledge-platform/knowlg-unified-service/app/org/sunbird/actors/assessment/QuestionSetActor.scala
2025.11.19 19:07:23 INFO  no build target found for /Users/sanketikam4/November/knowledge-platform/knowlg-unified-service/app/org/sunbird/actors/assessment/QuestionSetActor.scala. Using presentation compiler with project's scala-library version: 3.3.6
2025.11.19 19:07:29 INFO  no build target found for /Users/sanketikam4/November/knowledge-platform/knowlg-unified-service/app/org/sunbird/actors/assessment/QuestionActor.scala. Using presentation compiler with project's scala-library version: 3.3.6
2025.11.19 19:07:29 WARN  no build target for: /Users/sanketikam4/November/knowledge-platform/knowlg-unified-service/app/org/sunbird/actors/assessment/QuestionActor.scala
2025.11.19 19:07:29 INFO  no build target found for /Users/sanketikam4/November/knowledge-platform/knowlg-unified-service/app/org/sunbird/actors/assessment/QuestionActor.scala. Using presentation compiler with project's scala-library version: 3.3.6
2025.11.19 19:07:34 INFO  no build target found for /Users/sanketikam4/November/knowledge-platform/knowlg-unified-service/app/org/sunbird/actors/assessment/QuestionActor.scala. Using presentation compiler with project's scala-library version: 3.3.6
2025.11.19 19:07:34 WARN  no build target for: /Users/sanketikam4/November/knowledge-platform/knowlg-unified-service/app/org/sunbird/actors/assessment/QuestionActor.scala
2025.11.19 19:07:34 INFO  no build target found for /Users/sanketikam4/November/knowledge-platform/knowlg-unified-service/app/org/sunbird/actors/assessment/QuestionActor.scala. Using presentation compiler with project's scala-library version: 3.3.6
2025.11.19 19:07:42 INFO  no build target found for /Users/sanketikam4/November/knowledge-platform/knowlg-unified-service/app/org/sunbird/actors/assessment/QuestionSetActor.scala. Using presentation compiler with project's scala-library version: 3.3.6
2025.11.19 19:07:42 INFO  no build target found for /Users/sanketikam4/November/knowledge-platform/knowlg-unified-service/app/org/sunbird/actors/assessment/QuestionSetActor.scala. Using presentation compiler with project's scala-library version: 3.3.6
2025.11.19 19:07:42 WARN  no build target for: /Users/sanketikam4/November/knowledge-platform/knowlg-unified-service/app/org/sunbird/actors/assessment/QuestionSetActor.scala
2025.11.19 19:08:05 INFO  no build target found for /Users/sanketikam4/November/knowledge-platform/knowlg-unified-service/app/controllers/BaseController.scala. Using presentation compiler with project's scala-library version: 3.3.6
2025.11.19 19:08:05 INFO  no build target found for /Users/sanketikam4/November/knowledge-platform/knowlg-unified-service/app/controllers/BaseController.scala. Using presentation compiler with project's scala-library version: 3.3.6
2025.11.19 19:08:05 WARN  no build target for: /Users/sanketikam4/November/knowledge-platform/knowlg-unified-service/app/controllers/BaseController.scala
2025.11.19 19:08:44 WARN  no build target for: /Users/sanketikam4/November/knowledge-platform/knowlg-unified-service/app/org/sunbird/managers/assessment/CopyManager.scala
2025.11.19 19:08:44 INFO  no build target found for /Users/sanketikam4/November/knowledge-platform/knowlg-unified-service/app/org/sunbird/managers/assessment/CopyManager.scala. Using presentation compiler with project's scala-library version: 3.3.6
2025.11.19 19:08:44 INFO  no build target found for /Users/sanketikam4/November/knowledge-platform/knowlg-unified-service/app/org/sunbird/managers/assessment/CopyManager.scala. Using presentation compiler with project's scala-library version: 3.3.6
2025.11.19 19:08:44 WARN  no build target for: /Users/sanketikam4/November/knowledge-platform/knowlg-unified-service/app/org/sunbird/managers/assessment/CopyManager.scala
2025.11.19 19:08:44 INFO  no build target found for /Users/sanketikam4/November/knowledge-platform/knowlg-unified-service/app/org/sunbird/managers/assessment/CopyManager.scala. Using presentation compiler with project's scala-library version: 3.3.6
2025.11.19 19:08:52 WARN  no build target for: /Users/sanketikam4/November/knowledge-platform/knowlg-unified-service/app/org/sunbird/managers/assessment/AssessmentManager.scala
2025.11.19 19:08:52 INFO  no build target found for /Users/sanketikam4/November/knowledge-platform/knowlg-unified-service/app/org/sunbird/managers/assessment/AssessmentManager.scala. Using presentation compiler with project's scala-library version: 3.3.6
2025.11.19 19:08:52 INFO  no build target found for /Users/sanketikam4/November/knowledge-platform/knowlg-unified-service/app/org/sunbird/managers/assessment/AssessmentManager.scala. Using presentation compiler with project's scala-library version: 3.3.6
2025.11.19 19:08:52 WARN  no build target for: /Users/sanketikam4/November/knowledge-platform/knowlg-unified-service/app/org/sunbird/managers/assessment/AssessmentManager.scala
2025.11.19 19:08:52 INFO  no build target found for /Users/sanketikam4/November/knowledge-platform/knowlg-unified-service/app/org/sunbird/managers/assessment/AssessmentManager.scala. Using presentation compiler with project's scala-library version: 3.3.6
2025.11.19 19:08:57 INFO  no build target found for /Users/sanketikam4/November/knowledge-platform/knowlg-unified-service/app/org/sunbird/managers/assessment/CopyManager.scala. Using presentation compiler with project's scala-library version: 3.3.6
2025.11.19 19:08:57 INFO  no build target found for /Users/sanketikam4/November/knowledge-platform/knowlg-unified-service/app/org/sunbird/managers/assessment/CopyManager.scala. Using presentation compiler with project's scala-library version: 3.3.6
2025.11.19 19:08:57 WARN  no build target for: /Users/sanketikam4/November/knowledge-platform/knowlg-unified-service/app/org/sunbird/managers/assessment/CopyManager.scala
2025.11.19 19:09:02 WARN  no build target for: /Users/sanketikam4/November/knowledge-platform/knowlg-unified-service/app/org/sunbird/managers/assessment/HierarchyManager.scala
2025.11.19 19:09:02 INFO  no build target found for /Users/sanketikam4/November/knowledge-platform/knowlg-unified-service/app/org/sunbird/managers/assessment/HierarchyManager.scala. Using presentation compiler with project's scala-library version: 3.3.6
2025.11.19 19:09:02 INFO  no build target found for /Users/sanketikam4/November/knowledge-platform/knowlg-unified-service/app/org/sunbird/managers/assessment/HierarchyManager.scala. Using presentation compiler with project's scala-library version: 3.3.6
2025.11.19 19:09:02 WARN  no build target for: /Users/sanketikam4/November/knowledge-platform/knowlg-unified-service/app/org/sunbird/managers/assessment/HierarchyManager.scala
2025.11.19 19:09:02 INFO  no build target found for /Users/sanketikam4/November/knowledge-platform/knowlg-unified-service/app/org/sunbird/managers/assessment/HierarchyManager.scala. Using presentation compiler with project's scala-library version: 3.3.6
2025.11.19 19:09:07 INFO  no build target found for /Users/sanketikam4/November/knowledge-platform/knowlg-unified-service/app/org/sunbird/managers/assessment/UpdateHierarchyManager.scala. Using presentation compiler with project's scala-library version: 3.3.6
2025.11.19 19:09:07 WARN  no build target for: /Users/sanketikam4/November/knowledge-platform/knowlg-unified-service/app/org/sunbird/managers/assessment/UpdateHierarchyManager.scala
2025.11.19 19:09:07 INFO  no build target found for /Users/sanketikam4/November/knowledge-platform/knowlg-unified-service/app/org/sunbird/managers/assessment/UpdateHierarchyManager.scala. Using presentation compiler with project's scala-library version: 3.3.6
2025.11.19 19:09:07 WARN  no build target for: /Users/sanketikam4/November/knowledge-platform/knowlg-unified-service/app/org/sunbird/managers/assessment/UpdateHierarchyManager.scala
2025.11.19 19:09:07 INFO  no build target found for /Users/sanketikam4/November/knowledge-platform/knowlg-unified-service/app/org/sunbird/managers/assessment/UpdateHierarchyManager.scala. Using presentation compiler with project's scala-library version: 3.3.6
2025.11.19 19:09:12 INFO  no build target found for /Users/sanketikam4/November/knowledge-platform/knowlg-unified-service/app/org/sunbird/utils/assessment/BranchingUtil.scala. Using presentation compiler with project's scala-library version: 3.3.6
2025.11.19 19:09:12 WARN  no build target for: /Users/sanketikam4/November/knowledge-platform/knowlg-unified-service/app/org/sunbird/utils/assessment/BranchingUtil.scala
2025.11.19 19:09:12 INFO  no build target found for /Users/sanketikam4/November/knowledge-platform/knowlg-unified-service/app/org/sunbird/utils/assessment/BranchingUtil.scala. Using presentation compiler with project's scala-library version: 3.3.6
2025.11.19 19:09:12 WARN  no build target for: /Users/sanketikam4/November/knowledge-platform/knowlg-unified-service/app/org/sunbird/utils/assessment/BranchingUtil.scala
2025.11.19 19:09:12 INFO  no build target found for /Users/sanketikam4/November/knowledge-platform/knowlg-unified-service/app/org/sunbird/utils/assessment/BranchingUtil.scala. Using presentation compiler with project's scala-library version: 3.3.6
2025.11.19 19:09:16 WARN  no build target for: /Users/sanketikam4/November/knowledge-platform/knowlg-unified-service/app/org/sunbird/utils/assessment/RequestUtil.scala
2025.11.19 19:09:16 INFO  no build target found for /Users/sanketikam4/November/knowledge-platform/knowlg-unified-service/app/org/sunbird/utils/assessment/RequestUtil.scala. Using presentation compiler with project's scala-library version: 3.3.6
2025.11.19 19:09:16 INFO  no build target found for /Users/sanketikam4/November/knowledge-platform/knowlg-unified-service/app/org/sunbird/utils/assessment/RequestUtil.scala. Using presentation compiler with project's scala-library version: 3.3.6
2025.11.19 19:09:16 INFO  no build target found for /Users/sanketikam4/November/knowledge-platform/knowlg-unified-service/app/org/sunbird/utils/assessment/RequestUtil.scala. Using presentation compiler with project's scala-library version: 3.3.6
2025.11.19 19:09:16 WARN  no build target for: /Users/sanketikam4/November/knowledge-platform/knowlg-unified-service/app/org/sunbird/utils/assessment/RequestUtil.scala
2025.11.19 19:09:22 INFO  no build target found for /Users/sanketikam4/November/knowledge-platform/knowlg-unified-service/app/modules/UnifiedServiceModule.scala. Using presentation compiler with project's scala-library version: 3.3.6
2025.11.19 19:09:22 WARN  no build target for: /Users/sanketikam4/November/knowledge-platform/knowlg-unified-service/app/modules/UnifiedServiceModule.scala
2025.11.19 19:09:22 INFO  no build target found for /Users/sanketikam4/November/knowledge-platform/knowlg-unified-service/app/modules/UnifiedServiceModule.scala. Using presentation compiler with project's scala-library version: 3.3.6
2025.11.19 19:14:01 INFO  no build target found for /Users/sanketikam4/November/knowledge-platform/knowlg-unified-service/app/controllers/content/v4/EventController.scala. Using presentation compiler with project's scala-library version: 3.3.6
2025.11.20 10:45:48 INFO  no build target found for /Users/sanketikam4/November/knowledge-platform/knowlg-unified-service/app/controllers/content/v4/EventController.scala. Using presentation compiler with project's scala-library version: 3.3.6
2025.11.20 10:45:48 WARN  no build target for: /Users/sanketikam4/November/knowledge-platform/knowlg-unified-service/app/controllers/content/v4/EventController.scala
2025.11.20 10:46:20 INFO  no build target found for /Users/sanketikam4/November/knowledge-platform/knowlg-unified-service/app/org/sunbird/utils/assessment/HierarchyConstants.scala. Using presentation compiler with project's scala-library version: 3.3.6
2025.11.20 10:46:20 WARN  no build target for: /Users/sanketikam4/November/knowledge-platform/knowlg-unified-service/app/org/sunbird/utils/assessment/HierarchyConstants.scala
2025.11.20 10:46:26 INFO  no build target found for /Users/sanketikam4/November/knowledge-platform/knowlg-unified-service/app/org/sunbird/utils/assessment/BranchingUtil.scala. Using presentation compiler with project's scala-library version: 3.3.6
2025.11.20 10:46:26 WARN  no build target for: /Users/sanketikam4/November/knowledge-platform/knowlg-unified-service/app/org/sunbird/utils/assessment/BranchingUtil.scala
2025.11.20 10:46:26 INFO  no build target found for /Users/sanketikam4/November/knowledge-platform/knowlg-unified-service/app/org/sunbird/utils/assessment/BranchingUtil.scala. Using presentation compiler with project's scala-library version: 3.3.6
2025.11.20 10:46:33 INFO  no build target found for /Users/sanketikam4/November/knowledge-platform/knowlg-unified-service/app/org/sunbird/managers/assessment/CopyManager.scala. Using presentation compiler with project's scala-library version: 3.3.6
2025.11.20 10:46:33 WARN  no build target for: /Users/sanketikam4/November/knowledge-platform/knowlg-unified-service/app/org/sunbird/managers/assessment/CopyManager.scala
2025.11.20 10:46:33 INFO  no build target found for /Users/sanketikam4/November/knowledge-platform/knowlg-unified-service/app/org/sunbird/managers/assessment/CopyManager.scala. Using presentation compiler with project's scala-library version: 3.3.6
2025.11.20 10:46:45 INFO  no build target found for /Users/sanketikam4/November/knowledge-platform/knowlg-unified-service/app/org/sunbird/managers/assessment/HierarchyManager.scala. Using presentation compiler with project's scala-library version: 3.3.6
2025.11.20 10:46:45 WARN  no build target for: /Users/sanketikam4/November/knowledge-platform/knowlg-unified-service/app/org/sunbird/managers/assessment/HierarchyManager.scala
2025.11.20 10:46:45 INFO  no build target found for /Users/sanketikam4/November/knowledge-platform/knowlg-unified-service/app/org/sunbird/managers/assessment/HierarchyManager.scala. Using presentation compiler with project's scala-library version: 3.3.6
2025.11.20 10:46:57 WARN  no build target for: /Users/sanketikam4/November/knowledge-platform/knowlg-unified-service/app/org/sunbird/utils/assessment/HierarchyErrorCodes.scala
2025.11.20 10:46:57 INFO  no build target found for /Users/sanketikam4/November/knowledge-platform/knowlg-unified-service/app/org/sunbird/utils/assessment/HierarchyErrorCodes.scala. Using presentation compiler with project's scala-library version: 3.3.6
2025.11.20 10:46:57 INFO  no build target found for /Users/sanketikam4/November/knowledge-platform/knowlg-unified-service/app/org/sunbird/utils/assessment/HierarchyErrorCodes.scala. Using presentation compiler with project's scala-library version: 3.3.6
2025.11.20 10:46:57 INFO  no build target found for /Users/sanketikam4/November/knowledge-platform/knowlg-unified-service/app/org/sunbird/utils/assessment/HierarchyErrorCodes.scala. Using presentation compiler with project's scala-library version: 3.3.6
2025.11.20 10:46:57 WARN  no build target for: /Users/sanketikam4/November/knowledge-platform/knowlg-unified-service/app/org/sunbird/utils/assessment/HierarchyErrorCodes.scala
2025.11.20 10:47:11 INFO  no build target found for /Users/sanketikam4/November/knowledge-platform/knowlg-unified-service/app/org/sunbird/managers/assessment/UpdateHierarchyManager.scala. Using presentation compiler with project's scala-library version: 3.3.6
2025.11.20 10:47:11 WARN  no build target for: /Users/sanketikam4/November/knowledge-platform/knowlg-unified-service/app/org/sunbird/managers/assessment/UpdateHierarchyManager.scala
2025.11.20 10:47:11 INFO  no build target found for /Users/sanketikam4/November/knowledge-platform/knowlg-unified-service/app/org/sunbird/managers/assessment/UpdateHierarchyManager.scala. Using presentation compiler with project's scala-library version: 3.3.6
2025.11.20 10:48:48 INFO  no build target found for /Users/sanketikam4/November/knowledge-platform/knowlg-unified-service/app/controllers/content/v4/EventController.scala. Using presentation compiler with project's scala-library version: 3.3.6
2025.11.20 10:49:20 INFO  no build target found for /Users/sanketikam4/November/knowledge-platform/knowlg-unified-service/app/org/sunbird/utils/assessment/HierarchyConstants.scala. Using presentation compiler with project's scala-library version: 3.3.6
2025.11.20 10:49:52 INFO  no build target found for /Users/sanketikam4/November/knowledge-platform/knowlg-unified-service/app/controllers/content/v4/EventController.scala. Using presentation compiler with project's scala-library version: 3.3.6
2025.11.20 10:49:52 WARN  no build target for: /Users/sanketikam4/November/knowledge-platform/knowlg-unified-service/app/controllers/content/v4/EventController.scala
2025.11.20 10:50:17 INFO  no build target found for /Users/sanketikam4/November/knowledge-platform/knowlg-unified-service/app/org/sunbird/managers/assessment/CopyManager.scala. Using presentation compiler with project's scala-library version: 3.3.6
2025.11.20 10:50:17 INFO  no build target found for /Users/sanketikam4/November/knowledge-platform/knowlg-unified-service/app/org/sunbird/utils/assessment/BranchingUtil.scala. Using presentation compiler with project's scala-library version: 3.3.6
2025.11.20 10:50:17 INFO  no build target found for /Users/sanketikam4/November/knowledge-platform/knowlg-unified-service/app/org/sunbird/managers/assessment/HierarchyManager.scala. Using presentation compiler with project's scala-library version: 3.3.6
2025.11.20 10:50:17 INFO  no build target found for /Users/sanketikam4/November/knowledge-platform/knowlg-unified-service/app/org/sunbird/managers/assessment/UpdateHierarchyManager.scala. Using presentation compiler with project's scala-library version: 3.3.6
2025.11.20 10:50:17 WARN  no build target for: /Users/sanketikam4/November/knowledge-platform/knowlg-unified-service/app/org/sunbird/managers/assessment/CopyManager.scala
2025.11.20 10:50:17 INFO  no build target found for /Users/sanketikam4/November/knowledge-platform/knowlg-unified-service/app/org/sunbird/managers/assessment/CopyManager.scala. Using presentation compiler with project's scala-library version: 3.3.6
2025.11.20 10:50:17 WARN  no build target for: /Users/sanketikam4/November/knowledge-platform/knowlg-unified-service/app/org/sunbird/utils/assessment/BranchingUtil.scala
2025.11.20 10:50:17 WARN  no build target for: /Users/sanketikam4/November/knowledge-platform/knowlg-unified-service/app/org/sunbird/managers/assessment/HierarchyManager.scala
2025.11.20 10:50:17 WARN  no build target for: /Users/sanketikam4/November/knowledge-platform/knowlg-unified-service/app/org/sunbird/managers/assessment/UpdateHierarchyManager.scala
2025.11.20 10:50:17 INFO  no build target found for /Users/sanketikam4/November/knowledge-platform/knowlg-unified-service/app/org/sunbird/managers/assessment/UpdateHierarchyManager.scala. Using presentation compiler with project's scala-library version: 3.3.6
2025.11.20 10:50:17 INFO  no build target found for /Users/sanketikam4/November/knowledge-platform/knowlg-unified-service/app/org/sunbird/managers/assessment/HierarchyManager.scala. Using presentation compiler with project's scala-library version: 3.3.6
2025.11.20 10:50:17 INFO  no build target found for /Users/sanketikam4/November/knowledge-platform/knowlg-unified-service/app/org/sunbird/utils/assessment/BranchingUtil.scala. Using presentation compiler with project's scala-library version: 3.3.6
2025.11.20 10:50:39 WARN  no build target for: /Users/sanketikam4/November/knowledge-platform/knowlg-unified-service/app/org/sunbird/utils/BranchingUtil.scala
2025.11.20 10:50:39 INFO  no build target found for /Users/sanketikam4/November/knowledge-platform/knowlg-unified-service/app/org/sunbird/utils/BranchingUtil.scala. Using presentation compiler with project's scala-library version: 3.3.6
2025.11.20 10:50:46 INFO  no build target found for /Users/sanketikam4/November/knowledge-platform/knowlg-unified-service/app/org/sunbird/utils/BranchingUtil.scala. Using presentation compiler with project's scala-library version: 3.3.6
2025.11.20 10:50:46 INFO  no build target found for /Users/sanketikam4/November/knowledge-platform/knowlg-unified-service/app/org/sunbird/utils/BranchingUtil.scala. Using presentation compiler with project's scala-library version: 3.3.6
2025.11.20 10:50:46 WARN  no build target for: /Users/sanketikam4/November/knowledge-platform/knowlg-unified-service/app/org/sunbird/utils/BranchingUtil.scala
2025.11.20 10:51:19 WARN  no build target for: /Users/sanketikam4/November/knowledge-platform/knowlg-unified-service/app/org/sunbird/utils/RequestUtil.scala
2025.11.20 10:51:19 INFO  no build target found for /Users/sanketikam4/November/knowledge-platform/knowlg-unified-service/app/org/sunbird/utils/RequestUtil.scala. Using presentation compiler with project's scala-library version: 3.3.6
2025.11.20 10:51:20 INFO  no build target found for /Users/sanketikam4/November/knowledge-platform/knowlg-unified-service/app/org/sunbird/utils/RequestUtil.scala. Using presentation compiler with project's scala-library version: 3.3.6
2025.11.20 10:51:20 WARN  no build target for: /Users/sanketikam4/November/knowledge-platform/knowlg-unified-service/app/org/sunbird/utils/RequestUtil.scala
2025.11.20 10:51:20 INFO  no build target found for /Users/sanketikam4/November/knowledge-platform/knowlg-unified-service/app/org/sunbird/utils/RequestUtil.scala. Using presentation compiler with project's scala-library version: 3.3.6
2025.11.20 10:51:50 INFO  no build target found for /Users/sanketikam4/November/knowledge-platform/knowlg-unified-service/app/org/sunbird/actors/assessment/ItemSetActor.scala. Using presentation compiler with project's scala-library version: 3.3.6
2025.11.20 10:51:50 WARN  no build target for: /Users/sanketikam4/November/knowledge-platform/knowlg-unified-service/app/org/sunbird/actors/assessment/ItemSetActor.scala
2025.11.20 10:51:50 INFO  no build target found for /Users/sanketikam4/November/knowledge-platform/knowlg-unified-service/app/org/sunbird/actors/assessment/QuestionActor.scala. Using presentation compiler with project's scala-library version: 3.3.6
2025.11.20 10:51:50 INFO  no build target found for /Users/sanketikam4/November/knowledge-platform/knowlg-unified-service/app/org/sunbird/actors/assessment/QuestionSetActor.scala. Using presentation compiler with project's scala-library version: 3.3.6
2025.11.20 10:51:50 INFO  no build target found for /Users/sanketikam4/November/knowledge-platform/knowlg-unified-service/app/org/sunbird/actors/assessment/AssessmentItemActor.scala. Using presentation compiler with project's scala-library version: 3.3.6
2025.11.20 10:51:50 INFO  no build target found for /Users/sanketikam4/November/knowledge-platform/knowlg-unified-service/app/org/sunbird/actors/assessment/ItemSetActor.scala. Using presentation compiler with project's scala-library version: 3.3.6
2025.11.20 10:51:50 INFO  no build target found for /Users/sanketikam4/November/knowledge-platform/knowlg-unified-service/app/org/sunbird/actors/assessment/QuestionActor.scala. Using presentation compiler with project's scala-library version: 3.3.6
2025.11.20 10:51:50 WARN  no build target for: /Users/sanketikam4/November/knowledge-platform/knowlg-unified-service/app/org/sunbird/actors/assessment/QuestionActor.scala
2025.11.20 10:51:50 WARN  no build target for: /Users/sanketikam4/November/knowledge-platform/knowlg-unified-service/app/org/sunbird/actors/assessment/QuestionSetActor.scala
2025.11.20 10:51:50 WARN  no build target for: /Users/sanketikam4/November/knowledge-platform/knowlg-unified-service/app/org/sunbird/actors/assessment/AssessmentItemActor.scala
2025.11.20 10:51:50 WARN  no build target for: /Users/sanketikam4/November/knowledge-platform/knowlg-unified-service/app/org/sunbird/actors/assessment/ItemSetActor.scala
2025.11.20 10:51:50 INFO  no build target found for /Users/sanketikam4/November/knowledge-platform/knowlg-unified-service/app/org/sunbird/actors/assessment/ItemSetActor.scala. Using presentation compiler with project's scala-library version: 3.3.6
2025.11.20 10:51:50 INFO  no build target found for /Users/sanketikam4/November/knowledge-platform/knowlg-unified-service/app/org/sunbird/actors/assessment/AssessmentItemActor.scala. Using presentation compiler with project's scala-library version: 3.3.6
2025.11.20 10:51:50 INFO  no build target found for /Users/sanketikam4/November/knowledge-platform/knowlg-unified-service/app/org/sunbird/actors/assessment/QuestionSetActor.scala. Using presentation compiler with project's scala-library version: 3.3.6
2025.11.20 10:52:08 INFO  no build target found for /Users/sanketikam4/November/knowledge-platform/knowlg-unified-service/app/org/sunbird/actors/assessment/QuestionActor.scala. Using presentation compiler with project's scala-library version: 3.3.6
2025.11.20 10:52:08 INFO  no build target found for /Users/sanketikam4/November/knowledge-platform/knowlg-unified-service/app/org/sunbird/actors/assessment/QuestionSetActor.scala. Using presentation compiler with project's scala-library version: 3.3.6
2025.11.20 10:52:08 INFO  no build target found for /Users/sanketikam4/November/knowledge-platform/knowlg-unified-service/app/org/sunbird/actors/assessment/QuestionSetActor.scala. Using presentation compiler with project's scala-library version: 3.3.6
2025.11.20 10:52:08 WARN  no build target for: /Users/sanketikam4/November/knowledge-platform/knowlg-unified-service/app/org/sunbird/actors/assessment/QuestionSetActor.scala
2025.11.20 10:52:08 WARN  no build target for: /Users/sanketikam4/November/knowledge-platform/knowlg-unified-service/app/org/sunbird/actors/assessment/QuestionActor.scala
2025.11.20 10:52:08 INFO  no build target found for /Users/sanketikam4/November/knowledge-platform/knowlg-unified-service/app/org/sunbird/actors/assessment/QuestionActor.scala. Using presentation compiler with project's scala-library version: 3.3.6
2025.11.20 10:52:34 INFO  no build target found for /Users/sanketikam4/November/knowledge-platform/knowlg-unified-service/app/org/sunbird/managers/assessment/CopyManager.scala. Using presentation compiler with project's scala-library version: 3.3.6
2025.11.20 10:52:34 INFO  no build target found for /Users/sanketikam4/November/knowledge-platform/knowlg-unified-service/app/org/sunbird/managers/assessment/CopyManager.scala. Using presentation compiler with project's scala-library version: 3.3.6
2025.11.20 10:52:34 WARN  no build target for: /Users/sanketikam4/November/knowledge-platform/knowlg-unified-service/app/org/sunbird/managers/assessment/CopyManager.scala
2025.11.20 10:52:52 INFO  no build target found for /Users/sanketikam4/November/knowledge-platform/knowlg-unified-service/app/controllers/content/v4/EventController.scala. Using presentation compiler with project's scala-library version: 3.3.6
2025.11.20 10:53:15 INFO  no build target found for /Users/sanketikam4/November/knowledge-platform/knowlg-unified-service/app/org/sunbird/managers/assessment/HierarchyManager.scala. Using presentation compiler with project's scala-library version: 3.3.6
2025.11.20 10:53:36 INFO  no build target found for /Users/sanketikam4/November/knowledge-platform/knowlg-unified-service/app/org/sunbird/actors/assessment/QuestionSetActor.scala. Using presentation compiler with project's scala-library version: 3.3.6
2025.11.20 10:53:36 INFO  no build target found for /Users/sanketikam4/November/knowledge-platform/knowlg-unified-service/app/org/sunbird/actors/assessment/AssessmentItemActor.scala. Using presentation compiler with project's scala-library version: 3.3.6
2025.11.20 10:53:36 INFO  no build target found for /Users/sanketikam4/November/knowledge-platform/knowlg-unified-service/app/org/sunbird/actors/assessment/QuestionActor.scala. Using presentation compiler with project's scala-library version: 3.3.6
2025.11.20 10:53:36 INFO  no build target found for /Users/sanketikam4/November/knowledge-platform/knowlg-unified-service/app/org/sunbird/managers/assessment/HierarchyManager.scala. Using presentation compiler with project's scala-library version: 3.3.6
2025.11.20 10:53:36 INFO  no build target found for /Users/sanketikam4/November/knowledge-platform/knowlg-unified-service/app/org/sunbird/managers/assessment/AssessmentManager.scala. Using presentation compiler with project's scala-library version: 3.3.6
2025.11.20 10:53:36 INFO  no build target found for /Users/sanketikam4/November/knowledge-platform/knowlg-unified-service/app/org/sunbird/managers/assessment/UpdateHierarchyManager.scala. Using presentation compiler with project's scala-library version: 3.3.6
2025.11.20 10:53:36 INFO  no build target found for /Users/sanketikam4/November/knowledge-platform/knowlg-unified-service/app/org/sunbird/actors/assessment/ItemSetActor.scala. Using presentation compiler with project's scala-library version: 3.3.6
2025.11.20 10:54:58 INFO  no build target found for /Users/sanketikam4/November/knowledge-platform/knowlg-unified-service/app/controllers/content/v4/EventController.scala. Using presentation compiler with project's scala-library version: 3.3.6
2025.11.20 10:54:58 WARN  no build target for: /Users/sanketikam4/November/knowledge-platform/knowlg-unified-service/app/controllers/content/v4/EventController.scala
2025.11.20 10:55:27 INFO  no build target found for /Users/sanketikam4/November/knowledge-platform/knowlg-unified-service/app/org/sunbird/actors/assessment/QuestionActor.scala. Using presentation compiler with project's scala-library version: 3.3.6
2025.11.20 10:55:27 WARN  no build target for: /Users/sanketikam4/November/knowledge-platform/knowlg-unified-service/app/org/sunbird/actors/assessment/QuestionActor.scala
2025.11.20 10:55:27 INFO  no build target found for /Users/sanketikam4/November/knowledge-platform/knowlg-unified-service/app/org/sunbird/actors/assessment/QuestionActor.scala. Using presentation compiler with project's scala-library version: 3.3.6
2025.11.20 10:55:48 INFO  no build target found for /Users/sanketikam4/November/knowledge-platform/knowlg-unified-service/app/org/sunbird/actors/assessment/QuestionActor.scala. Using presentation compiler with project's scala-library version: 3.3.6
2025.11.20 10:55:48 INFO  no build target found for /Users/sanketikam4/November/knowledge-platform/knowlg-unified-service/app/org/sunbird/actors/assessment/QuestionActor.scala. Using presentation compiler with project's scala-library version: 3.3.6
2025.11.20 10:55:48 WARN  no build target for: /Users/sanketikam4/November/knowledge-platform/knowlg-unified-service/app/org/sunbird/actors/assessment/QuestionActor.scala
2025.11.20 10:56:27 INFO  no build target found for /Users/sanketikam4/November/knowledge-platform/knowlg-unified-service/app/org/sunbird/actors/assessment/ItemSetActor.scala. Using presentation compiler with project's scala-library version: 3.3.6
2025.11.20 10:56:27 INFO  no build target found for /Users/sanketikam4/November/knowledge-platform/knowlg-unified-service/app/org/sunbird/actors/assessment/ItemSetActor.scala. Using presentation compiler with project's scala-library version: 3.3.6
2025.11.20 10:56:27 WARN  no build target for: /Users/sanketikam4/November/knowledge-platform/knowlg-unified-service/app/org/sunbird/actors/assessment/ItemSetActor.scala
2025.11.20 10:56:36 INFO  no build target found for /Users/sanketikam4/November/knowledge-platform/knowlg-unified-service/app/org/sunbird/managers/assessment/HierarchyManager.scala. Using presentation compiler with project's scala-library version: 3.3.6
2025.11.20 10:56:36 INFO  no build target found for /Users/sanketikam4/November/knowledge-platform/knowlg-unified-service/app/org/sunbird/managers/assessment/UpdateHierarchyManager.scala. Using presentation compiler with project's scala-library version: 3.3.6
2025.11.20 10:56:36 INFO  no build target found for /Users/sanketikam4/November/knowledge-platform/knowlg-unified-service/app/org/sunbird/managers/assessment/AssessmentManager.scala. Using presentation compiler with project's scala-library version: 3.3.6
2025.11.20 10:56:42 INFO  no build target found for /Users/sanketikam4/November/knowledge-platform/knowlg-unified-service/app/org/sunbird/managers/assessment/AssessmentManager.scala. Using presentation compiler with project's scala-library version: 3.3.6
2025.11.20 10:56:42 INFO  no build target found for /Users/sanketikam4/November/knowledge-platform/knowlg-unified-service/app/org/sunbird/managers/assessment/CopyManager.scala. Using presentation compiler with project's scala-library version: 3.3.6
2025.11.20 10:56:47 INFO  no build target found for /Users/sanketikam4/November/knowledge-platform/knowlg-unified-service/app/org/sunbird/managers/assessment/HierarchyManager.scala. Using presentation compiler with project's scala-library version: 3.3.6
2025.11.20 10:56:47 INFO  no build target found for /Users/sanketikam4/November/knowledge-platform/knowlg-unified-service/app/org/sunbird/managers/assessment/CopyManager.scala. Using presentation compiler with project's scala-library version: 3.3.6
2025.11.20 10:56:47 INFO  no build target found for /Users/sanketikam4/November/knowledge-platform/knowlg-unified-service/app/org/sunbird/managers/assessment/AssessmentManager.scala. Using presentation compiler with project's scala-library version: 3.3.6
2025.11.20 10:56:47 INFO  no build target found for /Users/sanketikam4/November/knowledge-platform/knowlg-unified-service/app/org/sunbird/managers/assessment/UpdateHierarchyManager.scala. Using presentation compiler with project's scala-library version: 3.3.6
2025.11.20 10:57:05 INFO  no build target found for /Users/sanketikam4/November/knowledge-platform/knowlg-unified-service/app/org/sunbird/actors/assessment/ItemSetActor.scala. Using presentation compiler with project's scala-library version: 3.3.6
2025.11.20 10:57:05 WARN  no build target for: /Users/sanketikam4/November/knowledge-platform/knowlg-unified-service/app/org/sunbird/actors/assessment/ItemSetActor.scala
2025.11.20 10:57:05 INFO  no build target found for /Users/sanketikam4/November/knowledge-platform/knowlg-unified-service/app/org/sunbird/actors/assessment/ItemSetActor.scala. Using presentation compiler with project's scala-library version: 3.3.6
2025.11.20 10:57:17 INFO  no build target found for /Users/sanketikam4/November/knowledge-platform/knowlg-unified-service/app/org/sunbird/managers/assessment/HierarchyManager.scala. Using presentation compiler with project's scala-library version: 3.3.6
2025.11.20 10:57:17 INFO  no build target found for /Users/sanketikam4/November/knowledge-platform/knowlg-unified-service/app/org/sunbird/managers/assessment/CopyManager.scala. Using presentation compiler with project's scala-library version: 3.3.6
2025.11.20 10:57:17 INFO  no build target found for /Users/sanketikam4/November/knowledge-platform/knowlg-unified-service/app/org/sunbird/managers/assessment/AssessmentManager.scala. Using presentation compiler with project's scala-library version: 3.3.6
2025.11.20 10:57:17 INFO  no build target found for /Users/sanketikam4/November/knowledge-platform/knowlg-unified-service/app/org/sunbird/managers/assessment/UpdateHierarchyManager.scala. Using presentation compiler with project's scala-library version: 3.3.6
Nov 20, 2025 10:57:25 AM org.eclipse.lsp4j.jsonrpc.services.GenericEndpoint notify
INFO: Unsupported notification method: $/setTrace
2025.11.20 10:57:35 INFO  no build target found for /Users/sanketikam4/November/knowledge-platform/knowlg-unified-service/app/org/sunbird/managers/assessment/CopyManager.scala. Using presentation compiler with project's scala-library version: 3.3.6
2025.11.20 10:57:35 INFO  no build target found for /Users/sanketikam4/November/knowledge-platform/knowlg-unified-service/app/org/sunbird/managers/assessment/HierarchyManager.scala. Using presentation compiler with project's scala-library version: 3.3.6
2025.11.20 10:57:35 INFO  no build target found for /Users/sanketikam4/November/knowledge-platform/knowlg-unified-service/app/org/sunbird/managers/assessment/AssessmentManager.scala. Using presentation compiler with project's scala-library version: 3.3.6
2025.11.20 10:57:35 INFO  no build target found for /Users/sanketikam4/November/knowledge-platform/knowlg-unified-service/app/org/sunbird/managers/assessment/UpdateHierarchyManager.scala. Using presentation compiler with project's scala-library version: 3.3.6
2025.11.20 10:57:58 INFO  no build target found for /Users/sanketikam4/November/knowledge-platform/knowlg-unified-service/app/controllers/content/v4/EventController.scala. Using presentation compiler with project's scala-library version: 3.3.6
2025.11.20 10:59:04 INFO  no build target found for /Users/sanketikam4/November/knowledge-platform/knowlg-unified-service/app/org/sunbird/managers/assessment/AssessmentManager.scala. Using presentation compiler with project's scala-library version: 3.3.6
2025.11.20 10:59:04 INFO  no build target found for /Users/sanketikam4/November/knowledge-platform/knowlg-unified-service/app/org/sunbird/managers/assessment/UpdateHierarchyManager.scala. Using presentation compiler with project's scala-library version: 3.3.6
2025.11.20 10:59:04 INFO  no build target found for /Users/sanketikam4/November/knowledge-platform/knowlg-unified-service/app/org/sunbird/managers/assessment/HierarchyManager.scala. Using presentation compiler with project's scala-library version: 3.3.6
2025.11.20 10:59:40 INFO  no build target found for /Users/sanketikam4/November/knowledge-platform/knowlg-unified-service/app/controllers/content/v4/EventController.scala. Using presentation compiler with project's scala-library version: 3.3.6
2025.11.20 10:59:40 WARN  no build target for: /Users/sanketikam4/November/knowledge-platform/knowlg-unified-service/app/controllers/content/v4/EventController.scala
2025.11.20 11:00:09 INFO  no build target found for /Users/sanketikam4/November/knowledge-platform/knowlg-unified-service/app/org/sunbird/managers/assessment/CopyManager.scala. Using presentation compiler with project's scala-library version: 3.3.6
2025.11.20 11:00:09 INFO  no build target found for /Users/sanketikam4/November/knowledge-platform/knowlg-unified-service/app/org/sunbird/actors/assessment/QuestionActor.scala. Using presentation compiler with project's scala-library version: 3.3.6
2025.11.20 11:00:09 INFO  no build target found for /Users/sanketikam4/November/knowledge-platform/knowlg-unified-service/app/org/sunbird/actors/assessment/AssessmentItemActor.scala. Using presentation compiler with project's scala-library version: 3.3.6
2025.11.20 11:00:09 INFO  no build target found for /Users/sanketikam4/November/knowledge-platform/knowlg-unified-service/app/org/sunbird/actors/assessment/QuestionSetActor.scala. Using presentation compiler with project's scala-library version: 3.3.6
2025.11.20 11:00:09 INFO  no build target found for /Users/sanketikam4/November/knowledge-platform/knowlg-unified-service/app/org/sunbird/managers/assessment/AssessmentManager.scala. Using presentation compiler with project's scala-library version: 3.3.6
2025.11.20 11:00:09 INFO  no build target found for /Users/sanketikam4/November/knowledge-platform/knowlg-unified-service/app/org/sunbird/managers/assessment/HierarchyManager.scala. Using presentation compiler with project's scala-library version: 3.3.6
2025.11.20 11:00:09 INFO  no build target found for /Users/sanketikam4/November/knowledge-platform/knowlg-unified-service/app/org/sunbird/managers/assessment/UpdateHierarchyManager.scala. Using presentation compiler with project's scala-library version: 3.3.6
2025.11.20 11:00:09 INFO  no build target found for /Users/sanketikam4/November/knowledge-platform/knowlg-unified-service/app/org/sunbird/actors/assessment/ItemSetActor.scala. Using presentation compiler with project's scala-library version: 3.3.6
2025.11.20 11:00:55 INFO  no build target found for /Users/sanketikam4/November/knowledge-platform/knowlg-unified-service/app/org/sunbird/actors/assessment/AssessmentItemActor.scala. Using presentation compiler with project's scala-library version: 3.3.6
2025.11.20 11:00:55 INFO  no build target found for /Users/sanketikam4/November/knowledge-platform/knowlg-unified-service/app/org/sunbird/actors/assessment/AssessmentItemActor.scala. Using presentation compiler with project's scala-library version: 3.3.6
2025.11.20 11:00:55 WARN  no build target for: /Users/sanketikam4/November/knowledge-platform/knowlg-unified-service/app/org/sunbird/actors/assessment/AssessmentItemActor.scala
2025.11.20 11:01:01 INFO  no build target found for /Users/sanketikam4/November/knowledge-platform/knowlg-unified-service/app/org/sunbird/actors/assessment/QuestionActor.scala. Using presentation compiler with project's scala-library version: 3.3.6
2025.11.20 11:01:01 INFO  no build target found for /Users/sanketikam4/November/knowledge-platform/knowlg-unified-service/app/org/sunbird/actors/assessment/QuestionSetActor.scala. Using presentation compiler with project's scala-library version: 3.3.6
2025.11.20 11:01:01 INFO  no build target found for /Users/sanketikam4/November/knowledge-platform/knowlg-unified-service/app/org/sunbird/managers/assessment/CopyManager.scala. Using presentation compiler with project's scala-library version: 3.3.6
2025.11.20 11:01:01 INFO  no build target found for /Users/sanketikam4/November/knowledge-platform/knowlg-unified-service/app/org/sunbird/managers/assessment/AssessmentManager.scala. Using presentation compiler with project's scala-library version: 3.3.6
2025.11.20 11:01:01 INFO  no build target found for /Users/sanketikam4/November/knowledge-platform/knowlg-unified-service/app/org/sunbird/managers/assessment/HierarchyManager.scala. Using presentation compiler with project's scala-library version: 3.3.6
2025.11.20 11:01:01 INFO  no build target found for /Users/sanketikam4/November/knowledge-platform/knowlg-unified-service/app/org/sunbird/managers/assessment/UpdateHierarchyManager.scala. Using presentation compiler with project's scala-library version: 3.3.6
2025.11.20 11:01:01 INFO  no build target found for /Users/sanketikam4/November/knowledge-platform/knowlg-unified-service/app/org/sunbird/actors/assessment/ItemSetActor.scala. Using presentation compiler with project's scala-library version: 3.3.6
2025.11.20 11:01:08 INFO  no build target found for /Users/sanketikam4/November/knowledge-platform/knowlg-unified-service/app/org/sunbird/managers/assessment/AssessmentManager.scala. Using presentation compiler with project's scala-library version: 3.3.6
2025.11.20 11:01:08 INFO  no build target found for /Users/sanketikam4/November/knowledge-platform/knowlg-unified-service/app/org/sunbird/managers/assessment/AssessmentManager.scala. Using presentation compiler with project's scala-library version: 3.3.6
2025.11.20 11:01:08 WARN  no build target for: /Users/sanketikam4/November/knowledge-platform/knowlg-unified-service/app/org/sunbird/managers/assessment/AssessmentManager.scala
2025.11.20 11:01:14 INFO  no build target found for /Users/sanketikam4/November/knowledge-platform/knowlg-unified-service/app/org/sunbird/managers/assessment/AssessmentManager.scala. Using presentation compiler with project's scala-library version: 3.3.6
2025.11.20 11:01:28 INFO  no build target found for /Users/sanketikam4/November/knowledge-platform/knowlg-unified-service/app/org/sunbird/managers/assessment/CopyManager.scala. Using presentation compiler with project's scala-library version: 3.3.6
2025.11.20 11:01:28 INFO  no build target found for /Users/sanketikam4/November/knowledge-platform/knowlg-unified-service/app/org/sunbird/actors/assessment/QuestionSetActor.scala. Using presentation compiler with project's scala-library version: 3.3.6
2025.11.20 11:01:28 INFO  no build target found for /Users/sanketikam4/November/knowledge-platform/knowlg-unified-service/app/org/sunbird/actors/assessment/AssessmentItemActor.scala. Using presentation compiler with project's scala-library version: 3.3.6
2025.11.20 11:01:28 INFO  no build target found for /Users/sanketikam4/November/knowledge-platform/knowlg-unified-service/app/org/sunbird/actors/assessment/QuestionActor.scala. Using presentation compiler with project's scala-library version: 3.3.6
2025.11.20 11:01:28 INFO  no build target found for /Users/sanketikam4/November/knowledge-platform/knowlg-unified-service/app/org/sunbird/managers/assessment/UpdateHierarchyManager.scala. Using presentation compiler with project's scala-library version: 3.3.6
2025.11.20 11:01:33 INFO  no build target found for /Users/sanketikam4/November/knowledge-platform/knowlg-unified-service/app/org/sunbird/managers/assessment/HierarchyManager.scala. Using presentation compiler with project's scala-library version: 3.3.6
2025.11.20 11:01:33 INFO  no build target found for /Users/sanketikam4/November/knowledge-platform/knowlg-unified-service/app/org/sunbird/managers/assessment/CopyManager.scala. Using presentation compiler with project's scala-library version: 3.3.6
2025.11.20 11:01:33 INFO  no build target found for /Users/sanketikam4/November/knowledge-platform/knowlg-unified-service/app/org/sunbird/actors/assessment/QuestionActor.scala. Using presentation compiler with project's scala-library version: 3.3.6
2025.11.20 11:01:33 INFO  no build target found for /Users/sanketikam4/November/knowledge-platform/knowlg-unified-service/app/org/sunbird/actors/assessment/AssessmentItemActor.scala. Using presentation compiler with project's scala-library version: 3.3.6
2025.11.20 11:01:33 INFO  no build target found for /Users/sanketikam4/November/knowledge-platform/knowlg-unified-service/app/org/sunbird/actors/assessment/QuestionSetActor.scala. Using presentation compiler with project's scala-library version: 3.3.6
2025.11.20 11:01:33 INFO  no build target found for /Users/sanketikam4/November/knowledge-platform/knowlg-unified-service/app/org/sunbird/managers/assessment/AssessmentManager.scala. Using presentation compiler with project's scala-library version: 3.3.6
2025.11.20 11:01:33 INFO  no build target found for /Users/sanketikam4/November/knowledge-platform/knowlg-unified-service/app/org/sunbird/managers/assessment/UpdateHierarchyManager.scala. Using presentation compiler with project's scala-library version: 3.3.6
2025.11.20 11:01:33 INFO  no build target found for /Users/sanketikam4/November/knowledge-platform/knowlg-unified-service/app/org/sunbird/actors/assessment/ItemSetActor.scala. Using presentation compiler with project's scala-library version: 3.3.6
2025.11.20 11:01:47 INFO  no build target found for /Users/sanketikam4/November/knowledge-platform/knowlg-unified-service/app/org/sunbird/actors/assessment/ItemSetActor.scala. Using presentation compiler with project's scala-library version: 3.3.6
2025.11.20 11:01:47 INFO  no build target found for /Users/sanketikam4/November/knowledge-platform/knowlg-unified-service/app/org/sunbird/actors/assessment/ItemSetActor.scala. Using presentation compiler with project's scala-library version: 3.3.6
2025.11.20 11:01:47 WARN  no build target for: /Users/sanketikam4/November/knowledge-platform/knowlg-unified-service/app/org/sunbird/actors/assessment/ItemSetActor.scala
2025.11.20 11:01:53 INFO  no build target found for /Users/sanketikam4/November/knowledge-platform/knowlg-unified-service/app/org/sunbird/actors/assessment/ItemSetActor.scala. Using presentation compiler with project's scala-library version: 3.3.6
2025.11.20 11:01:53 INFO  no build target found for /Users/sanketikam4/November/knowledge-platform/knowlg-unified-service/app/org/sunbird/actors/assessment/ItemSetActor.scala. Using presentation compiler with project's scala-library version: 3.3.6
2025.11.20 11:01:53 WARN  no build target for: /Users/sanketikam4/November/knowledge-platform/knowlg-unified-service/app/org/sunbird/actors/assessment/ItemSetActor.scala
2025.11.20 11:02:40 INFO  no build target found for /Users/sanketikam4/November/knowledge-platform/knowlg-unified-service/app/controllers/content/v4/EventController.scala. Using presentation compiler with project's scala-library version: 3.3.6
2025.11.20 11:02:49 INFO  no build target found for /Users/sanketikam4/November/knowledge-platform/knowlg-unified-service/app/controllers/content/v4/EventController.scala. Using presentation compiler with project's scala-library version: 3.3.6
2025.11.20 11:02:49 WARN  no build target for: /Users/sanketikam4/November/knowledge-platform/knowlg-unified-service/app/controllers/content/v4/EventController.scala
2025.11.20 11:03:09 INFO  no build target found for /Users/sanketikam4/November/knowledge-platform/knowlg-unified-service/app/org/sunbird/managers/assessment/AssessmentManager.scala. Using presentation compiler with project's scala-library version: 3.3.6
2025.11.20 11:03:09 INFO  no build target found for /Users/sanketikam4/November/knowledge-platform/knowlg-unified-service/app/org/sunbird/managers/assessment/AssessmentManager.scala. Using presentation compiler with project's scala-library version: 3.3.6
2025.11.20 11:03:09 WARN  no build target for: /Users/sanketikam4/November/knowledge-platform/knowlg-unified-service/app/org/sunbird/managers/assessment/AssessmentManager.scala
2025.11.20 11:03:33 INFO  no build target found for /Users/sanketikam4/November/knowledge-platform/knowlg-unified-service/app/org/sunbird/managers/assessment/AssessmentManager.scala. Using presentation compiler with project's scala-library version: 3.3.6
2025.11.20 11:03:33 INFO  no build target found for /Users/sanketikam4/November/knowledge-platform/knowlg-unified-service/app/org/sunbird/managers/assessment/AssessmentManager.scala. Using presentation compiler with project's scala-library version: 3.3.6
2025.11.20 11:03:33 WARN  no build target for: /Users/sanketikam4/November/knowledge-platform/knowlg-unified-service/app/org/sunbird/managers/assessment/AssessmentManager.scala
2025.11.20 11:03:54 INFO  no build target found for /Users/sanketikam4/November/knowledge-platform/knowlg-unified-service/app/org/sunbird/managers/assessment/CopyManager.scala. Using presentation compiler with project's scala-library version: 3.3.6
2025.11.20 11:03:54 INFO  no build target found for /Users/sanketikam4/November/knowledge-platform/knowlg-unified-service/app/org/sunbird/managers/assessment/AssessmentManager.scala. Using presentation compiler with project's scala-library version: 3.3.6
2025.11.20 11:03:54 INFO  no build target found for /Users/sanketikam4/November/knowledge-platform/knowlg-unified-service/app/org/sunbird/managers/assessment/HierarchyManager.scala. Using presentation compiler with project's scala-library version: 3.3.6
2025.11.20 11:03:54 INFO  no build target found for /Users/sanketikam4/November/knowledge-platform/knowlg-unified-service/app/org/sunbird/managers/assessment/UpdateHierarchyManager.scala. Using presentation compiler with project's scala-library version: 3.3.6
2025.11.20 11:04:00 INFO  no build target found for /Users/sanketikam4/November/knowledge-platform/knowlg-unified-service/app/org/sunbird/managers/assessment/CopyManager.scala. Using presentation compiler with project's scala-library version: 3.3.6
2025.11.20 11:04:05 INFO  no build target found for /Users/sanketikam4/November/knowledge-platform/knowlg-unified-service/app/org/sunbird/managers/assessment/HierarchyManager.scala. Using presentation compiler with project's scala-library version: 3.3.6
2025.11.20 11:04:05 INFO  no build target found for /Users/sanketikam4/November/knowledge-platform/knowlg-unified-service/app/org/sunbird/managers/assessment/CopyManager.scala. Using presentation compiler with project's scala-library version: 3.3.6
2025.11.20 11:04:05 INFO  no build target found for /Users/sanketikam4/November/knowledge-platform/knowlg-unified-service/app/org/sunbird/managers/assessment/UpdateHierarchyManager.scala. Using presentation compiler with project's scala-library version: 3.3.6
2025.11.20 11:04:05 INFO  no build target found for /Users/sanketikam4/November/knowledge-platform/knowlg-unified-service/app/org/sunbird/managers/assessment/AssessmentManager.scala. Using presentation compiler with project's scala-library version: 3.3.6
2025.11.20 11:04:05 INFO  no build target found for /Users/sanketikam4/November/knowledge-platform/knowlg-unified-service/app/org/sunbird/utils/BranchingUtil.scala. Using presentation compiler with project's scala-library version: 3.3.6
2025.11.20 11:04:05 INFO  no build target found for /Users/sanketikam4/November/knowledge-platform/knowlg-unified-service/app/org/sunbird/actors/assessment/ItemSetActor.scala. Using presentation compiler with project's scala-library version: 3.3.6
2025.11.20 11:04:09 INFO  no build target found for /Users/sanketikam4/November/knowledge-platform/knowlg-unified-service/app/org/sunbird/managers/assessment/HierarchyManager.scala. Using presentation compiler with project's scala-library version: 3.3.6
2025.11.20 11:04:13 INFO  no build target found for /Users/sanketikam4/November/knowledge-platform/knowlg-unified-service/app/org/sunbird/managers/assessment/AssessmentManager.scala. Using presentation compiler with project's scala-library version: 3.3.6
2025.11.20 11:04:46 INFO  no build target found for /Users/sanketikam4/November/knowledge-platform/knowlg-unified-service/app/org/sunbird/managers/assessment/AssessmentManager.scala. Using presentation compiler with project's scala-library version: 3.3.6
2025.11.20 11:04:46 WARN  no build target for: /Users/sanketikam4/November/knowledge-platform/knowlg-unified-service/app/org/sunbird/managers/assessment/AssessmentManager.scala
2025.11.20 11:04:46 INFO  no build target found for /Users/sanketikam4/November/knowledge-platform/knowlg-unified-service/app/org/sunbird/managers/assessment/AssessmentManager.scala. Using presentation compiler with project's scala-library version: 3.3.6
2025.11.20 11:05:24 INFO  no build target found for /Users/sanketikam4/November/knowledge-platform/knowlg-unified-service/app/org/sunbird/managers/assessment/CopyManager.scala. Using presentation compiler with project's scala-library version: 3.3.6
2025.11.20 11:05:24 INFO  no build target found for /Users/sanketikam4/November/knowledge-platform/knowlg-unified-service/app/org/sunbird/managers/assessment/HierarchyManager.scala. Using presentation compiler with project's scala-library version: 3.3.6
2025.11.20 11:05:24 INFO  no build target found for /Users/sanketikam4/November/knowledge-platform/knowlg-unified-service/app/org/sunbird/managers/assessment/AssessmentManager.scala. Using presentation compiler with project's scala-library version: 3.3.6
2025.11.20 11:05:24 INFO  no build target found for /Users/sanketikam4/November/knowledge-platform/knowlg-unified-service/app/org/sunbird/managers/assessment/UpdateHierarchyManager.scala. Using presentation compiler with project's scala-library version: 3.3.6
2025.11.20 11:05:49 INFO  no build target found for /Users/sanketikam4/November/knowledge-platform/knowlg-unified-service/app/controllers/content/v4/EventController.scala. Using presentation compiler with project's scala-library version: 3.3.6
2025.11.20 11:06:32 INFO  no build target found for /Users/sanketikam4/November/knowledge-platform/knowlg-unified-service/app/controllers/content/v4/EventController.scala. Using presentation compiler with project's scala-library version: 3.3.6
2025.11.20 11:06:32 WARN  no build target for: /Users/sanketikam4/November/knowledge-platform/knowlg-unified-service/app/controllers/content/v4/EventController.scala
2025.11.20 11:06:58 INFO  no build target found for /Users/sanketikam4/November/knowledge-platform/knowlg-unified-service/app/org/sunbird/managers/assessment/CopyManager.scala. Using presentation compiler with project's scala-library version: 3.3.6
2025.11.20 11:06:58 INFO  no build target found for /Users/sanketikam4/November/knowledge-platform/knowlg-unified-service/app/org/sunbird/managers/assessment/HierarchyManager.scala. Using presentation compiler with project's scala-library version: 3.3.6
2025.11.20 11:06:58 WARN  no build target for: /Users/sanketikam4/November/knowledge-platform/knowlg-unified-service/app/org/sunbird/managers/assessment/CopyManager.scala
2025.11.20 11:06:58 INFO  no build target found for /Users/sanketikam4/November/knowledge-platform/knowlg-unified-service/app/org/sunbird/managers/assessment/CopyManager.scala. Using presentation compiler with project's scala-library version: 3.3.6
2025.11.20 11:06:58 INFO  no build target found for /Users/sanketikam4/November/knowledge-platform/knowlg-unified-service/app/org/sunbird/managers/assessment/HierarchyManager.scala. Using presentation compiler with project's scala-library version: 3.3.6
2025.11.20 11:06:58 WARN  no build target for: /Users/sanketikam4/November/knowledge-platform/knowlg-unified-service/app/org/sunbird/managers/assessment/HierarchyManager.scala
2025.11.20 11:06:58 INFO  no build target found for /Users/sanketikam4/November/knowledge-platform/knowlg-unified-service/app/org/sunbird/managers/assessment/HierarchyManager.scala. Using presentation compiler with project's scala-library version: 3.3.6
2025.11.20 11:07:23 INFO  no build target found for /Users/sanketikam4/November/knowledge-platform/knowlg-unified-service/app/org/sunbird/managers/assessment/HierarchyManager.scala. Using presentation compiler with project's scala-library version: 3.3.6
2025.11.20 11:07:23 WARN  no build target for: /Users/sanketikam4/November/knowledge-platform/knowlg-unified-service/app/org/sunbird/managers/assessment/HierarchyManager.scala
2025.11.20 11:07:23 INFO  no build target found for /Users/sanketikam4/November/knowledge-platform/knowlg-unified-service/app/org/sunbird/managers/assessment/HierarchyManager.scala. Using presentation compiler with project's scala-library version: 3.3.6
2025.11.20 11:07:42 INFO  no build target found for /Users/sanketikam4/November/knowledge-platform/knowlg-unified-service/app/org/sunbird/managers/assessment/HierarchyManager.scala. Using presentation compiler with project's scala-library version: 3.3.6
2025.11.20 11:07:42 WARN  no build target for: /Users/sanketikam4/November/knowledge-platform/knowlg-unified-service/app/org/sunbird/managers/assessment/HierarchyManager.scala
2025.11.20 11:07:42 INFO  no build target found for /Users/sanketikam4/November/knowledge-platform/knowlg-unified-service/app/org/sunbird/managers/assessment/HierarchyManager.scala. Using presentation compiler with project's scala-library version: 3.3.6
2025.11.20 11:08:02 INFO  no build target found for /Users/sanketikam4/November/knowledge-platform/knowlg-unified-service/app/org/sunbird/managers/assessment/UpdateHierarchyManager.scala. Using presentation compiler with project's scala-library version: 3.3.6
2025.11.20 11:08:02 WARN  no build target for: /Users/sanketikam4/November/knowledge-platform/knowlg-unified-service/app/org/sunbird/managers/assessment/UpdateHierarchyManager.scala
2025.11.20 11:08:02 INFO  no build target found for /Users/sanketikam4/November/knowledge-platform/knowlg-unified-service/app/org/sunbird/managers/assessment/UpdateHierarchyManager.scala. Using presentation compiler with project's scala-library version: 3.3.6
2025.11.20 11:08:24 INFO  no build target found for /Users/sanketikam4/November/knowledge-platform/knowlg-unified-service/app/org/sunbird/managers/assessment/UpdateHierarchyManager.scala. Using presentation compiler with project's scala-library version: 3.3.6
2025.11.20 11:08:24 INFO  no build target found for /Users/sanketikam4/November/knowledge-platform/knowlg-unified-service/app/org/sunbird/managers/assessment/UpdateHierarchyManager.scala. Using presentation compiler with project's scala-library version: 3.3.6
2025.11.20 11:08:24 WARN  no build target for: /Users/sanketikam4/November/knowledge-platform/knowlg-unified-service/app/org/sunbird/managers/assessment/UpdateHierarchyManager.scala
2025.11.20 11:08:43 INFO  no build target found for /Users/sanketikam4/November/knowledge-platform/knowlg-unified-service/app/org/sunbird/managers/assessment/UpdateHierarchyManager.scala. Using presentation compiler with project's scala-library version: 3.3.6
2025.11.20 11:08:43 WARN  no build target for: /Users/sanketikam4/November/knowledge-platform/knowlg-unified-service/app/org/sunbird/managers/assessment/UpdateHierarchyManager.scala
2025.11.20 11:08:43 INFO  no build target found for /Users/sanketikam4/November/knowledge-platform/knowlg-unified-service/app/org/sunbird/managers/assessment/UpdateHierarchyManager.scala. Using presentation compiler with project's scala-library version: 3.3.6
2025.11.20 11:08:52 INFO  no build target found for /Users/sanketikam4/November/knowledge-platform/knowlg-unified-service/app/org/sunbird/utils/BranchingUtil.scala. Using presentation compiler with project's scala-library version: 3.3.6
2025.11.20 11:08:52 WARN  no build target for: /Users/sanketikam4/November/knowledge-platform/knowlg-unified-service/app/org/sunbird/utils/BranchingUtil.scala
2025.11.20 11:08:52 INFO  no build target found for /Users/sanketikam4/November/knowledge-platform/knowlg-unified-service/app/org/sunbird/utils/BranchingUtil.scala. Using presentation compiler with project's scala-library version: 3.3.6
2025.11.20 11:09:32 INFO  no build target found for /Users/sanketikam4/November/knowledge-platform/knowlg-unified-service/app/controllers/content/v4/EventController.scala. Using presentation compiler with project's scala-library version: 3.3.6
2025.11.20 11:09:35 INFO  no build target found for /Users/sanketikam4/November/knowledge-platform/knowlg-unified-service/app/controllers/content/v4/EventController.scala. Using presentation compiler with project's scala-library version: 3.3.6
2025.11.20 11:09:35 WARN  no build target for: /Users/sanketikam4/November/knowledge-platform/knowlg-unified-service/app/controllers/content/v4/EventController.scala
2025.11.20 11:10:04 INFO  no build target found for /Users/sanketikam4/November/knowledge-platform/knowlg-unified-service/app/org/sunbird/managers/assessment/AssessmentManager.scala. Using presentation compiler with project's scala-library version: 3.3.6
2025.11.20 11:10:04 INFO  no build target found for /Users/sanketikam4/November/knowledge-platform/knowlg-unified-service/app/org/sunbird/utils/BranchingUtil.scala. Using presentation compiler with project's scala-library version: 3.3.6
2025.11.20 11:10:04 WARN  no build target for: /Users/sanketikam4/November/knowledge-platform/knowlg-unified-service/app/org/sunbird/managers/assessment/AssessmentManager.scala
2025.11.20 11:10:04 INFO  no build target found for /Users/sanketikam4/November/knowledge-platform/knowlg-unified-service/app/org/sunbird/managers/assessment/AssessmentManager.scala. Using presentation compiler with project's scala-library version: 3.3.6
2025.11.20 11:10:04 WARN  no build target for: /Users/sanketikam4/November/knowledge-platform/knowlg-unified-service/app/org/sunbird/utils/BranchingUtil.scala
2025.11.20 11:10:04 INFO  no build target found for /Users/sanketikam4/November/knowledge-platform/knowlg-unified-service/app/org/sunbird/utils/BranchingUtil.scala. Using presentation compiler with project's scala-library version: 3.3.6
2025.11.20 11:12:06 INFO  no build target found for /Users/sanketikam4/November/knowledge-platform/inquiry-api-service/assessment-api/assessment-actors/src/main/scala/org/sunbird/managers/AssessmentManager.scala. Using presentation compiler with project's scala-library version: 3.3.6
2025.11.20 11:12:06 WARN  no build target for: /Users/sanketikam4/November/knowledge-platform/inquiry-api-service/assessment-api/assessment-actors/src/main/scala/org/sunbird/managers/AssessmentManager.scala
2025.11.20 11:12:35 INFO  no build target found for /Users/sanketikam4/November/knowledge-platform/knowlg-unified-service/app/controllers/content/v4/EventController.scala. Using presentation compiler with project's scala-library version: 3.3.6
2025.11.20 11:12:49 INFO  no build target found for /Users/sanketikam4/November/knowledge-platform/knowlg-unified-service/app/org/sunbird/managers/assessment/AssessmentManager.scala. Using presentation compiler with project's scala-library version: 3.3.6
2025.11.20 11:12:49 INFO  no build target found for /Users/sanketikam4/November/knowledge-platform/knowlg-unified-service/app/org/sunbird/managers/assessment/AssessmentManager.scala. Using presentation compiler with project's scala-library version: 3.3.6
2025.11.20 11:12:49 WARN  no build target for: /Users/sanketikam4/November/knowledge-platform/knowlg-unified-service/app/org/sunbird/managers/assessment/AssessmentManager.scala
Nov 20, 2025 11:12:55 AM org.eclipse.lsp4j.jsonrpc.RemoteEndpoint handleNotification
WARNING: Notification threw an exception: {
  "jsonrpc": "2.0",
  "method": "metals/didFocusTextDocument",
  "params": [
    "chat-editing-snapshot-text-model:/Users/sanketikam4/November/knowledge-platform/knowlg-unified-service/app/org/sunbird/managers/assessment/AssessmentManager.scala?%7B%22sessionId%22%3A%22f0b397fd-3f05-4130-8cce-93e2b6a6fb9b%22%2C%22requestId%22%3A%22request_8b7277fa-d8bd-4438-acda-d12908064efb%22%2C%22undoStop%22%3A%22__epoch_9007199254740991%22%7D"
  ]
}
java.nio.file.FileSystemNotFoundException: Provider "chat-editing-snapshot-text-model" not installed
	at java.base/java.nio.file.Path.of(Path.java:212)
	at java.base/java.nio.file.Paths.get(Paths.java:98)
	at scala.meta.internal.mtags.MtagsEnrichments$XtensionURIMtags.toAbsolutePath(MtagsEnrichments.scala:149)
	at scala.meta.internal.mtags.MtagsEnrichments$XtensionStringMtags.toAbsolutePath(MtagsEnrichments.scala:209)
	at scala.meta.internal.metals.MetalsEnrichments$XtensionString.toAbsolutePath(MetalsEnrichments.scala:796)
	at scala.meta.internal.metals.MetalsEnrichments$XtensionString.toAbsolutePath(MetalsEnrichments.scala:793)
	at scala.meta.internal.metals.WorkspaceLspService.didFocus(WorkspaceLspService.scala:786)
	at scala.meta.metals.lsp.DelegatingScalaService.didFocus(DelegatingScalaService.scala:42)
	at java.base/jdk.internal.reflect.NativeMethodAccessorImpl.invoke0(Native Method)
	at java.base/jdk.internal.reflect.NativeMethodAccessorImpl.invoke(NativeMethodAccessorImpl.java:77)
	at java.base/jdk.internal.reflect.DelegatingMethodAccessorImpl.invoke(DelegatingMethodAccessorImpl.java:43)
	at java.base/java.lang.reflect.Method.invoke(Method.java:569)
	at org.eclipse.lsp4j.jsonrpc.services.GenericEndpoint.lambda$recursiveFindRpcMethods$0(GenericEndpoint.java:65)
	at org.eclipse.lsp4j.jsonrpc.services.GenericEndpoint.notify(GenericEndpoint.java:160)
	at org.eclipse.lsp4j.jsonrpc.RemoteEndpoint.handleNotification(RemoteEndpoint.java:231)
	at org.eclipse.lsp4j.jsonrpc.RemoteEndpoint.consume(RemoteEndpoint.java:198)
	at org.eclipse.lsp4j.jsonrpc.json.StreamMessageProducer.handleMessage(StreamMessageProducer.java:185)
	at org.eclipse.lsp4j.jsonrpc.json.StreamMessageProducer.listen(StreamMessageProducer.java:97)
	at org.eclipse.lsp4j.jsonrpc.json.ConcurrentMessageProcessor.run(ConcurrentMessageProcessor.java:114)
	at java.base/java.util.concurrent.Executors$RunnableAdapter.call(Executors.java:539)
	at java.base/java.util.concurrent.FutureTask.run(FutureTask.java:264)
	at java.base/java.util.concurrent.ThreadPoolExecutor.runWorker(ThreadPoolExecutor.java:1136)
	at java.base/java.util.concurrent.ThreadPoolExecutor$Worker.run(ThreadPoolExecutor.java:635)
	at java.base/java.lang.Thread.run(Thread.java:840)

2025.11.20 11:13:48 INFO  no build target found for /Users/sanketikam4/November/knowledge-platform/knowlg-unified-service/app/org/sunbird/actors/assessment/AssessmentItemActor.scala. Using presentation compiler with project's scala-library version: 3.3.6
2025.11.20 11:13:48 INFO  no build target found for /Users/sanketikam4/November/knowledge-platform/knowlg-unified-service/app/org/sunbird/managers/assessment/CopyManager.scala. Using presentation compiler with project's scala-library version: 3.3.6
2025.11.20 11:13:48 WARN  no build target for: /Users/sanketikam4/November/knowledge-platform/knowlg-unified-service/app/org/sunbird/managers/assessment/CopyManager.scala
2025.11.20 11:13:48 INFO  no build target found for /Users/sanketikam4/November/knowledge-platform/knowlg-unified-service/app/org/sunbird/managers/assessment/CopyManager.scala. Using presentation compiler with project's scala-library version: 3.3.6
2025.11.20 11:13:48 WARN  no build target for: /Users/sanketikam4/November/knowledge-platform/knowlg-unified-service/app/org/sunbird/actors/assessment/AssessmentItemActor.scala
2025.11.20 11:13:48 INFO  no build target found for /Users/sanketikam4/November/knowledge-platform/knowlg-unified-service/app/org/sunbird/actors/assessment/AssessmentItemActor.scala. Using presentation compiler with project's scala-library version: 3.3.6
2025.11.20 11:14:23 INFO  no build target found for /Users/sanketikam4/November/knowledge-platform/knowlg-unified-service/app/org/sunbird/managers/assessment/AssessmentManager.scala. Using presentation compiler with project's scala-library version: 3.3.6
2025.11.20 11:14:23 WARN  no build target for: /Users/sanketikam4/November/knowledge-platform/knowlg-unified-service/app/org/sunbird/managers/assessment/AssessmentManager.scala
2025.11.20 11:14:23 INFO  no build target found for /Users/sanketikam4/November/knowledge-platform/knowlg-unified-service/app/org/sunbird/managers/assessment/AssessmentManager.scala. Using presentation compiler with project's scala-library version: 3.3.6
Nov 20, 2025 11:14:26 AM org.eclipse.lsp4j.jsonrpc.RemoteEndpoint handleNotification
WARNING: Notification threw an exception: {
  "jsonrpc": "2.0",
  "method": "metals/didFocusTextDocument",
  "params": [
    "chat-editing-snapshot-text-model:/Users/sanketikam4/November/knowledge-platform/knowlg-unified-service/app/org/sunbird/managers/assessment/AssessmentManager.scala?%7B%22sessionId%22%3A%22f0b397fd-3f05-4130-8cce-93e2b6a6fb9b%22%2C%22requestId%22%3A%22request_8b7277fa-d8bd-4438-acda-d12908064efb%22%2C%22undoStop%22%3A%22__epoch_9007199254740991%22%7D"
  ]
}
java.nio.file.FileSystemNotFoundException: Provider "chat-editing-snapshot-text-model" not installed
	at java.base/java.nio.file.Path.of(Path.java:212)
	at java.base/java.nio.file.Paths.get(Paths.java:98)
	at scala.meta.internal.mtags.MtagsEnrichments$XtensionURIMtags.toAbsolutePath(MtagsEnrichments.scala:149)
	at scala.meta.internal.mtags.MtagsEnrichments$XtensionStringMtags.toAbsolutePath(MtagsEnrichments.scala:209)
	at scala.meta.internal.metals.MetalsEnrichments$XtensionString.toAbsolutePath(MetalsEnrichments.scala:796)
	at scala.meta.internal.metals.MetalsEnrichments$XtensionString.toAbsolutePath(MetalsEnrichments.scala:793)
	at scala.meta.internal.metals.WorkspaceLspService.didFocus(WorkspaceLspService.scala:786)
	at scala.meta.metals.lsp.DelegatingScalaService.didFocus(DelegatingScalaService.scala:42)
	at java.base/jdk.internal.reflect.NativeMethodAccessorImpl.invoke0(Native Method)
	at java.base/jdk.internal.reflect.NativeMethodAccessorImpl.invoke(NativeMethodAccessorImpl.java:77)
	at java.base/jdk.internal.reflect.DelegatingMethodAccessorImpl.invoke(DelegatingMethodAccessorImpl.java:43)
	at java.base/java.lang.reflect.Method.invoke(Method.java:569)
	at org.eclipse.lsp4j.jsonrpc.services.GenericEndpoint.lambda$recursiveFindRpcMethods$0(GenericEndpoint.java:65)
	at org.eclipse.lsp4j.jsonrpc.services.GenericEndpoint.notify(GenericEndpoint.java:160)
	at org.eclipse.lsp4j.jsonrpc.RemoteEndpoint.handleNotification(RemoteEndpoint.java:231)
	at org.eclipse.lsp4j.jsonrpc.RemoteEndpoint.consume(RemoteEndpoint.java:198)
	at org.eclipse.lsp4j.jsonrpc.json.StreamMessageProducer.handleMessage(StreamMessageProducer.java:185)
	at org.eclipse.lsp4j.jsonrpc.json.StreamMessageProducer.listen(StreamMessageProducer.java:97)
	at org.eclipse.lsp4j.jsonrpc.json.ConcurrentMessageProcessor.run(ConcurrentMessageProcessor.java:114)
	at java.base/java.util.concurrent.Executors$RunnableAdapter.call(Executors.java:539)
	at java.base/java.util.concurrent.FutureTask.run(FutureTask.java:264)
	at java.base/java.util.concurrent.ThreadPoolExecutor.runWorker(ThreadPoolExecutor.java:1136)
	at java.base/java.util.concurrent.ThreadPoolExecutor$Worker.run(ThreadPoolExecutor.java:635)
	at java.base/java.lang.Thread.run(Thread.java:840)

2025.11.20 11:14:45 INFO  no build target found for /Users/sanketikam4/November/knowledge-platform/knowlg-unified-service/app/org/sunbird/managers/assessment/AssessmentManager.scala. Using presentation compiler with project's scala-library version: 3.3.6
2025.11.20 11:14:45 INFO  no build target found for /Users/sanketikam4/November/knowledge-platform/knowlg-unified-service/app/org/sunbird/managers/assessment/AssessmentManager.scala. Using presentation compiler with project's scala-library version: 3.3.6
2025.11.20 11:14:45 WARN  no build target for: /Users/sanketikam4/November/knowledge-platform/knowlg-unified-service/app/org/sunbird/managers/assessment/AssessmentManager.scala
2025.11.20 11:15:06 INFO  no build target found for /Users/sanketikam4/November/knowledge-platform/inquiry-api-service/assessment-api/assessment-actors/src/main/scala/org/sunbird/managers/AssessmentManager.scala. Using presentation compiler with project's scala-library version: 3.3.6
2025.11.20 11:15:26 INFO  no build target found for /Users/sanketikam4/November/knowledge-platform/knowlg-unified-service/app/org/sunbird/managers/assessment/AssessmentManager.scala. Using presentation compiler with project's scala-library version: 3.3.6
2025.11.20 11:15:26 WARN  no build target for: /Users/sanketikam4/November/knowledge-platform/knowlg-unified-service/app/org/sunbird/managers/assessment/AssessmentManager.scala
2025.11.20 11:15:26 INFO  no build target found for /Users/sanketikam4/November/knowledge-platform/knowlg-unified-service/app/org/sunbird/managers/assessment/AssessmentManager.scala. Using presentation compiler with project's scala-library version: 3.3.6
2025.11.20 11:15:52 INFO  no build target found for /Users/sanketikam4/November/knowledge-platform/knowlg-unified-service/app/org/sunbird/managers/assessment/AssessmentManager.scala. Using presentation compiler with project's scala-library version: 3.3.6
2025.11.20 11:15:52 INFO  no build target found for /Users/sanketikam4/November/knowledge-platform/knowlg-unified-service/app/org/sunbird/managers/assessment/AssessmentManager.scala. Using presentation compiler with project's scala-library version: 3.3.6
2025.11.20 11:15:52 WARN  no build target for: /Users/sanketikam4/November/knowledge-platform/knowlg-unified-service/app/org/sunbird/managers/assessment/AssessmentManager.scala
2025.11.20 11:40:17 INFO  no build target found for /Users/sanketikam4/November/knowledge-platform/knowlg-unified-service/app/utils/QuestionOperations.scala. Using presentation compiler with project's scala-library version: 3.3.6
2025.11.20 11:40:17 INFO  no build target found for /Users/sanketikam4/November/knowledge-platform/knowlg-unified-service/app/utils/QuestionOperations.scala. Using presentation compiler with project's scala-library version: 3.3.6
2025.11.20 11:40:17 WARN  no build target for: /Users/sanketikam4/November/knowledge-platform/knowlg-unified-service/app/utils/QuestionOperations.scala
2025.11.20 11:40:17 INFO  no build target found for /Users/sanketikam4/November/knowledge-platform/knowlg-unified-service/app/utils/ApiId.scala. Using presentation compiler with project's scala-library version: 3.3.6
2025.11.20 11:40:17 INFO  no build target found for /Users/sanketikam4/November/knowledge-platform/knowlg-unified-service/app/utils/ApiId.scala. Using presentation compiler with project's scala-library version: 3.3.6
2025.11.20 11:40:17 WARN  no build target for: /Users/sanketikam4/November/knowledge-platform/knowlg-unified-service/app/utils/ApiId.scala
2025.11.20 11:40:17 INFO  no build target found for /Users/sanketikam4/November/knowledge-platform/knowlg-unified-service/app/utils/ActorNames.scala. Using presentation compiler with project's scala-library version: 3.3.6
2025.11.20 11:40:18 WARN  no build target for: /Users/sanketikam4/November/knowledge-platform/knowlg-unified-service/app/utils/ActorNames.scala
2025.11.20 11:40:17 INFO  no build target found for /Users/sanketikam4/November/knowledge-platform/knowlg-unified-service/app/utils/ActorNames.scala. Using presentation compiler with project's scala-library version: 3.3.6
2025.11.20 11:40:17 INFO  no build target found for /Users/sanketikam4/November/knowledge-platform/knowlg-unified-service/app/org/sunbird/utils/RequestUtil.scala. Using presentation compiler with project's scala-library version: 3.3.6
2025.11.20 11:40:18 WARN  no build target for: /Users/sanketikam4/November/knowledge-platform/knowlg-unified-service/app/org/sunbird/utils/RequestUtil.scala
2025.11.20 11:40:18 INFO  no build target found for /Users/sanketikam4/November/knowledge-platform/knowlg-unified-service/app/org/sunbird/utils/RequestUtil.scala. Using presentation compiler with project's scala-library version: 3.3.6
2025.11.20 11:40:18 INFO  no build target found for /Users/sanketikam4/November/knowledge-platform/knowlg-unified-service/app/org/sunbird/utils/BranchingUtil.scala. Using presentation compiler with project's scala-library version: 3.3.6
2025.11.20 11:40:18 INFO  no build target found for /Users/sanketikam4/November/knowledge-platform/knowlg-unified-service/app/org/sunbird/utils/assessment/RequestUtil.scala. Using presentation compiler with project's scala-library version: 3.3.6
2025.11.20 11:40:18 WARN  no build target for: /Users/sanketikam4/November/knowledge-platform/knowlg-unified-service/app/org/sunbird/utils/assessment/RequestUtil.scala
2025.11.20 11:40:18 INFO  no build target found for /Users/sanketikam4/November/knowledge-platform/knowlg-unified-service/app/org/sunbird/utils/assessment/RequestUtil.scala. Using presentation compiler with project's scala-library version: 3.3.6
2025.11.20 11:40:18 INFO  no build target found for /Users/sanketikam4/November/knowledge-platform/knowlg-unified-service/app/org/sunbird/utils/assessment/HierarchyErrorCodes.scala. Using presentation compiler with project's scala-library version: 3.3.6
2025.11.20 11:40:18 WARN  no build target for: /Users/sanketikam4/November/knowledge-platform/knowlg-unified-service/app/org/sunbird/utils/assessment/HierarchyErrorCodes.scala
2025.11.20 11:40:19 INFO  no build target found for /Users/sanketikam4/November/knowledge-platform/knowlg-unified-service/app/org/sunbird/utils/assessment/HierarchyErrorCodes.scala. Using presentation compiler with project's scala-library version: 3.3.6
2025.11.20 11:40:18 INFO  no build target found for /Users/sanketikam4/November/knowledge-platform/knowlg-unified-service/app/org/sunbird/utils/assessment/BranchingUtil.scala. Using presentation compiler with project's scala-library version: 3.3.6
2025.11.20 11:40:19 WARN  no build target for: /Users/sanketikam4/November/knowledge-platform/knowlg-unified-service/app/org/sunbird/utils/assessment/BranchingUtil.scala
2025.11.20 11:40:19 INFO  no build target found for /Users/sanketikam4/November/knowledge-platform/knowlg-unified-service/app/org/sunbird/utils/assessment/BranchingUtil.scala. Using presentation compiler with project's scala-library version: 3.3.6
2025.11.20 11:40:20 INFO  no build target found for /Users/sanketikam4/November/knowledge-platform/knowlg-unified-service/app/org/sunbird/managers/assessment/UpdateHierarchyManager.scala. Using presentation compiler with project's scala-library version: 3.3.6
2025.11.20 11:40:20 INFO  no build target found for /Users/sanketikam4/November/knowledge-platform/knowlg-unified-service/app/org/sunbird/managers/assessment/HierarchyManager.scala. Using presentation compiler with project's scala-library version: 3.3.6
2025.11.20 11:40:20 INFO  no build target found for /Users/sanketikam4/November/knowledge-platform/knowlg-unified-service/app/org/sunbird/managers/assessment/CopyManager.scala. Using presentation compiler with project's scala-library version: 3.3.6
2025.11.20 11:40:21 INFO  no build target found for /Users/sanketikam4/November/knowledge-platform/knowlg-unified-service/app/org/sunbird/managers/assessment/AssessmentManager.scala. Using presentation compiler with project's scala-library version: 3.3.6
2025.11.20 11:40:21 INFO  no build target found for /Users/sanketikam4/November/knowledge-platform/knowlg-unified-service/app/org/sunbird/actors/assessment/QuestionSetActor.scala. Using presentation compiler with project's scala-library version: 3.3.6
2025.11.20 11:40:21 INFO  no build target found for /Users/sanketikam4/November/knowledge-platform/knowlg-unified-service/app/org/sunbird/actors/assessment/QuestionActor.scala. Using presentation compiler with project's scala-library version: 3.3.6
2025.11.20 11:40:21 INFO  no build target found for /Users/sanketikam4/November/knowledge-platform/knowlg-unified-service/app/org/sunbird/actors/assessment/ItemSetActor.scala. Using presentation compiler with project's scala-library version: 3.3.6
2025.11.20 11:40:22 INFO  no build target found for /Users/sanketikam4/November/knowledge-platform/knowlg-unified-service/app/org/sunbird/actors/assessment/AssessmentItemActor.scala. Using presentation compiler with project's scala-library version: 3.3.6
2025.11.20 11:40:22 INFO  no build target found for /Users/sanketikam4/November/knowledge-platform/knowlg-unified-service/app/modules/UnifiedServiceModule.scala. Using presentation compiler with project's scala-library version: 3.3.6
2025.11.20 11:40:22 WARN  no build target for: /Users/sanketikam4/November/knowledge-platform/knowlg-unified-service/app/modules/UnifiedServiceModule.scala
2025.11.20 11:40:22 INFO  no build target found for /Users/sanketikam4/November/knowledge-platform/knowlg-unified-service/app/modules/UnifiedServiceModule.scala. Using presentation compiler with project's scala-library version: 3.3.6
2025.11.20 11:40:22 INFO  no build target found for /Users/sanketikam4/November/knowledge-platform/knowlg-unified-service/app/controllers/BaseController.scala. Using presentation compiler with project's scala-library version: 3.3.6
2025.11.20 11:40:22 WARN  no build target for: /Users/sanketikam4/November/knowledge-platform/knowlg-unified-service/app/controllers/BaseController.scala
2025.11.20 11:40:22 INFO  no build target found for /Users/sanketikam4/November/knowledge-platform/knowlg-unified-service/app/controllers/BaseController.scala. Using presentation compiler with project's scala-library version: 3.3.6
2025.11.20 11:40:22 INFO  no build target found for /Users/sanketikam4/November/knowledge-platform/knowlg-unified-service/app/controllers/assessment/v5/QuestionSetController.scala. Using presentation compiler with project's scala-library version: 3.3.6
2025.11.20 11:40:22 INFO  no build target found for /Users/sanketikam4/November/knowledge-platform/knowlg-unified-service/app/controllers/assessment/v5/QuestionSetController.scala. Using presentation compiler with project's scala-library version: 3.3.6
2025.11.20 11:40:23 WARN  no build target for: /Users/sanketikam4/November/knowledge-platform/knowlg-unified-service/app/controllers/assessment/v5/QuestionSetController.scala
2025.11.20 11:40:23 INFO  no build target found for /Users/sanketikam4/November/knowledge-platform/knowlg-unified-service/app/controllers/assessment/v5/QuestionController.scala. Using presentation compiler with project's scala-library version: 3.3.6
2025.11.20 11:40:23 INFO  no build target found for /Users/sanketikam4/November/knowledge-platform/knowlg-unified-service/app/controllers/assessment/v5/QuestionController.scala. Using presentation compiler with project's scala-library version: 3.3.6
2025.11.20 11:40:23 WARN  no build target for: /Users/sanketikam4/November/knowledge-platform/knowlg-unified-service/app/controllers/assessment/v5/QuestionController.scala
2025.11.20 11:40:23 INFO  no build target found for /Users/sanketikam4/November/knowledge-platform/knowlg-unified-service/app/controllers/assessment/v4/QuestionSetController.scala. Using presentation compiler with project's scala-library version: 3.3.6
2025.11.20 11:40:23 INFO  no build target found for /Users/sanketikam4/November/knowledge-platform/knowlg-unified-service/app/controllers/assessment/v4/QuestionController.scala. Using presentation compiler with project's scala-library version: 3.3.6
2025.11.20 11:40:23 INFO  no build target found for /Users/sanketikam4/November/knowledge-platform/knowlg-unified-service/app/controllers/assessment/v3/ItemSetController.scala. Using presentation compiler with project's scala-library version: 3.3.6
2025.11.20 11:40:25 INFO  no build target found for /Users/sanketikam4/November/knowledge-platform/knowlg-unified-service/app/controllers/assessment/v3/AssessmentItemController.scala. Using presentation compiler with project's scala-library version: 3.3.6
2025.11.20 11:41:00 INFO  no build target found for /Users/sanketikam4/November/knowledge-platform/knowlg-unified-service/app/controllers/content/v4/EventController.scala. Using presentation compiler with project's scala-library version: 3.3.6
2025.11.20 11:41:00 WARN  no build target for: /Users/sanketikam4/November/knowledge-platform/knowlg-unified-service/app/controllers/content/v4/EventController.scala
2025.11.20 11:41:00 INFO  no build target found for /Users/sanketikam4/November/knowledge-platform/knowlg-unified-service/app/org/sunbird/managers/assessment/CopyManager.scala. Using presentation compiler with project's scala-library version: 3.3.6
2025.11.20 11:41:00 INFO  no build target found for /Users/sanketikam4/November/knowledge-platform/knowlg-unified-service/app/org/sunbird/managers/assessment/HierarchyManager.scala. Using presentation compiler with project's scala-library version: 3.3.6
2025.11.20 11:41:00 INFO  no build target found for /Users/sanketikam4/November/knowledge-platform/knowlg-unified-service/app/org/sunbird/managers/assessment/HierarchyManager.scala. Using presentation compiler with project's scala-library version: 3.3.6
2025.11.20 11:41:00 WARN  no build target for: /Users/sanketikam4/November/knowledge-platform/knowlg-unified-service/app/org/sunbird/managers/assessment/HierarchyManager.scala
2025.11.20 11:41:00 WARN  no build target for: /Users/sanketikam4/November/knowledge-platform/knowlg-unified-service/app/org/sunbird/managers/assessment/CopyManager.scala
2025.11.20 11:41:00 INFO  no build target found for /Users/sanketikam4/November/knowledge-platform/knowlg-unified-service/app/org/sunbird/managers/assessment/CopyManager.scala. Using presentation compiler with project's scala-library version: 3.3.6
2025.11.20 11:41:05 INFO  no build target found for /Users/sanketikam4/November/knowledge-platform/knowlg-unified-service/app/org/sunbird/managers/assessment/HierarchyManager.scala. Using presentation compiler with project's scala-library version: 3.3.6
2025.11.20 11:41:06 INFO  no build target found for /Users/sanketikam4/November/knowledge-platform/knowlg-unified-service/app/org/sunbird/managers/assessment/CopyManager.scala. Using presentation compiler with project's scala-library version: 3.3.6
2025.11.20 11:44:00 INFO  no build target found for /Users/sanketikam4/November/knowledge-platform/knowlg-unified-service/app/controllers/content/v4/EventController.scala. Using presentation compiler with project's scala-library version: 3.3.6
2025.11.20 11:45:03 INFO  no build target found for /Users/sanketikam4/November/knowledge-platform/knowlg-unified-service/app/controllers/content/v4/EventController.scala. Using presentation compiler with project's scala-library version: 3.3.6
2025.11.20 11:45:03 WARN  no build target for: /Users/sanketikam4/November/knowledge-platform/knowlg-unified-service/app/controllers/content/v4/EventController.scala
2025.11.20 11:45:12 INFO  no build target found for /Users/sanketikam4/November/knowledge-platform/knowlg-unified-service/app/org/sunbird/utils/RequestUtil.scala. Using presentation compiler with project's scala-library version: 3.3.6
2025.11.20 11:45:12 WARN  no build target for: /Users/sanketikam4/November/knowledge-platform/knowlg-unified-service/app/org/sunbird/utils/RequestUtil.scala
2025.11.20 11:45:12 INFO  no build target found for /Users/sanketikam4/November/knowledge-platform/knowlg-unified-service/app/org/sunbird/utils/RequestUtil.scala. Using presentation compiler with project's scala-library version: 3.3.6
2025.11.20 11:45:19 INFO  no build target found for /Users/sanketikam4/November/knowledge-platform/knowlg-unified-service/app/org/sunbird/utils/RequestUtil.scala. Using presentation compiler with project's scala-library version: 3.3.6
2025.11.20 11:45:19 INFO  no build target found for /Users/sanketikam4/November/knowledge-platform/knowlg-unified-service/app/org/sunbird/utils/RequestUtil.scala. Using presentation compiler with project's scala-library version: 3.3.6
2025.11.20 11:45:19 WARN  no build target for: /Users/sanketikam4/November/knowledge-platform/knowlg-unified-service/app/org/sunbird/utils/RequestUtil.scala
2025.11.20 11:48:04 INFO  no build target found for /Users/sanketikam4/November/knowledge-platform/knowlg-unified-service/app/controllers/content/v4/EventController.scala. Using presentation compiler with project's scala-library version: 3.3.6
2025.11.20 12:03:15 INFO  no build target found for /Users/sanketikam4/November/knowledge-platform/knowlg-unified-service/app/controllers/content/v4/EventController.scala. Using presentation compiler with project's scala-library version: 3.3.6
2025.11.20 12:03:15 WARN  no build target for: /Users/sanketikam4/November/knowledge-platform/knowlg-unified-service/app/controllers/content/v4/EventController.scala
2025.11.20 12:04:00 WARN  no build target for: /Users/sanketikam4/November/knowledge-platform/search-api/search-actors/src/main/java/org/sunbird/actors/AuditHistoryActor.java
2025.11.20 12:04:01 INFO  no build target found for /Users/sanketikam4/November/knowledge-platform/search-api/search-actors/src/main/java/org/sunbird/actors/AuditHistoryActor.java. Using fallback presentation compiler.
2025.11.20 12:04:01 WARN  no build target for: /Users/sanketikam4/November/knowledge-platform/search-api/search-actors/src/main/java/org/sunbird/actors/HealthActor.java
2025.11.20 12:04:01 INFO  no build target found for /Users/sanketikam4/November/knowledge-platform/search-api/search-actors/src/main/java/org/sunbird/actors/HealthActor.java. Using fallback presentation compiler.
2025.11.20 12:04:01 WARN  no build target for: /Users/sanketikam4/November/knowledge-platform/search-api/search-actors/src/main/java/org/sunbird/actors/SearchActor.java
2025.11.20 12:04:01 INFO  no build target found for /Users/sanketikam4/November/knowledge-platform/search-api/search-actors/src/main/java/org/sunbird/actors/SearchActor.java. Using fallback presentation compiler.
2025.11.20 12:04:01 WARN  no build target for: /Users/sanketikam4/November/knowledge-platform/search-api/search-actors/src/main/java/org/sunbird/actors/SearchBaseActor.java
2025.11.20 12:04:01 INFO  no build target found for /Users/sanketikam4/November/knowledge-platform/search-api/search-actors/src/main/java/org/sunbird/actors/SearchBaseActor.java. Using fallback presentation compiler.
2025.11.20 12:04:01 WARN  no build target for: /Users/sanketikam4/November/knowledge-platform/search-api/search-actors/src/test/java/org/sunbird/actors/HealthActorTest.java
2025.11.20 12:04:01 INFO  no build target found for /Users/sanketikam4/November/knowledge-platform/search-api/search-actors/src/test/java/org/sunbird/actors/HealthActorTest.java. Using fallback presentation compiler.
2025.11.20 12:04:10 WARN  no build target for: /Users/sanketikam4/November/knowledge-platform/search-api/search-actors/src/main/java/org/sunbird/actors/AuditHistoryActor.java
2025.11.20 12:04:11 INFO  no build target found for /Users/sanketikam4/November/knowledge-platform/search-api/search-actors/src/main/java/org/sunbird/actors/AuditHistoryActor.java. Using fallback presentation compiler.
2025.11.20 12:04:11 WARN  no build target for: /Users/sanketikam4/November/knowledge-platform/search-api/search-actors/src/main/java/org/sunbird/actors/HealthActor.java
2025.11.20 12:04:11 INFO  no build target found for /Users/sanketikam4/November/knowledge-platform/search-api/search-actors/src/main/java/org/sunbird/actors/HealthActor.java. Using fallback presentation compiler.
2025.11.20 12:04:11 WARN  no build target for: /Users/sanketikam4/November/knowledge-platform/search-api/search-actors/src/main/java/org/sunbird/actors/SearchActor.java
2025.11.20 12:04:11 INFO  no build target found for /Users/sanketikam4/November/knowledge-platform/search-api/search-actors/src/main/java/org/sunbird/actors/SearchActor.java. Using fallback presentation compiler.
2025.11.20 12:04:10 WARN  no build target for: /Users/sanketikam4/November/knowledge-platform/search-api/search-actors/src/main/java/org/sunbird/actors/SearchBaseActor.java
2025.11.20 12:04:11 INFO  no build target found for /Users/sanketikam4/November/knowledge-platform/search-api/search-actors/src/main/java/org/sunbird/actors/SearchBaseActor.java. Using fallback presentation compiler.
2025.11.20 12:04:10 WARN  no build target for: /Users/sanketikam4/November/knowledge-platform/search-api/search-actors/src/test/java/org/sunbird/actors/HealthActorTest.java
2025.11.20 12:04:11 INFO  no build target found for /Users/sanketikam4/November/knowledge-platform/search-api/search-actors/src/test/java/org/sunbird/actors/HealthActorTest.java. Using fallback presentation compiler.
2025.11.20 12:04:11 WARN  no build target for: /Users/sanketikam4/November/knowledge-platform/search-api/search-actors/src/main/java/org/sunbird/actors/AuditHistoryActor.java
2025.11.20 12:04:11 INFO  no build target found for /Users/sanketikam4/November/knowledge-platform/search-api/search-actors/src/main/java/org/sunbird/actors/AuditHistoryActor.java. Using fallback presentation compiler.
2025.11.20 12:04:12 WARN  no build target for: /Users/sanketikam4/November/knowledge-platform/search-api/search-actors/src/main/java/org/sunbird/actors/SearchActor.java
2025.11.20 12:04:12 INFO  no build target found for /Users/sanketikam4/November/knowledge-platform/search-api/search-actors/src/main/java/org/sunbird/actors/SearchActor.java. Using fallback presentation compiler.
2025.11.20 12:04:12 WARN  no build target for: /Users/sanketikam4/November/knowledge-platform/search-api/search-actors/src/main/java/org/sunbird/actors/HealthActor.java
2025.11.20 12:04:12 INFO  no build target found for /Users/sanketikam4/November/knowledge-platform/search-api/search-actors/src/main/java/org/sunbird/actors/HealthActor.java. Using fallback presentation compiler.
2025.11.20 12:04:12 WARN  no build target for: /Users/sanketikam4/November/knowledge-platform/search-api/search-actors/src/main/java/org/sunbird/actors/SearchBaseActor.java
2025.11.20 12:04:12 INFO  no build target found for /Users/sanketikam4/November/knowledge-platform/search-api/search-actors/src/main/java/org/sunbird/actors/SearchBaseActor.java. Using fallback presentation compiler.
2025.11.20 12:04:12 WARN  no build target for: /Users/sanketikam4/November/knowledge-platform/search-api/search-actors/src/test/java/org/sunbird/actors/HealthActorTest.java
2025.11.20 12:04:12 WARN  no build target for: /Users/sanketikam4/November/knowledge-platform/search-api/search-actors/src/main/java/org/sunbird/actors/AuditHistoryActor.java
2025.11.20 12:04:12 INFO  no build target found for /Users/sanketikam4/November/knowledge-platform/search-api/search-actors/src/test/java/org/sunbird/actors/HealthActorTest.java. Using fallback presentation compiler.
2025.11.20 12:04:12 INFO  no build target found for /Users/sanketikam4/November/knowledge-platform/search-api/search-actors/src/main/java/org/sunbird/actors/AuditHistoryActor.java. Using fallback presentation compiler.
2025.11.20 12:04:12 WARN  no build target for: /Users/sanketikam4/November/knowledge-platform/search-api/search-actors/src/main/java/org/sunbird/actors/HealthActor.java
2025.11.20 12:04:12 INFO  no build target found for /Users/sanketikam4/November/knowledge-platform/search-api/search-actors/src/main/java/org/sunbird/actors/HealthActor.java. Using fallback presentation compiler.
2025.11.20 12:04:11 WARN  no build target for: /Users/sanketikam4/November/knowledge-platform/search-api/search-actors/src/main/java/org/sunbird/actors/SearchActor.java
2025.11.20 12:04:12 INFO  no build target found for /Users/sanketikam4/November/knowledge-platform/search-api/search-actors/src/main/java/org/sunbird/actors/SearchActor.java. Using fallback presentation compiler.
2025.11.20 12:04:11 WARN  no build target for: /Users/sanketikam4/November/knowledge-platform/search-api/search-actors/src/test/java/org/sunbird/actors/HealthActorTest.java
2025.11.20 12:04:12 INFO  no build target found for /Users/sanketikam4/November/knowledge-platform/search-api/search-actors/src/test/java/org/sunbird/actors/HealthActorTest.java. Using fallback presentation compiler.
2025.11.20 12:04:13 WARN  no build target for: /Users/sanketikam4/November/knowledge-platform/search-api/search-actors/src/main/java/org/sunbird/actors/HealthActor.java
2025.11.20 12:04:13 INFO  no build target found for /Users/sanketikam4/November/knowledge-platform/search-api/search-actors/src/main/java/org/sunbird/actors/HealthActor.java. Using fallback presentation compiler.
2025.11.20 12:04:13 WARN  no build target for: /Users/sanketikam4/November/knowledge-platform/search-api/search-actors/src/main/java/org/sunbird/actors/SearchActor.java
2025.11.20 12:04:13 INFO  no build target found for /Users/sanketikam4/November/knowledge-platform/search-api/search-actors/src/main/java/org/sunbird/actors/SearchActor.java. Using fallback presentation compiler.
2025.11.20 12:04:14 WARN  no build target for: /Users/sanketikam4/November/knowledge-platform/search-api/search-actors/src/main/java/org/sunbird/actors/AuditHistoryActor.java
2025.11.20 12:04:13 INFO  no build target found for /Users/sanketikam4/November/knowledge-platform/search-api/search-actors/src/main/java/org/sunbird/actors/AuditHistoryActor.java. Using fallback presentation compiler.
2025.11.20 12:04:14 WARN  no build target for: /Users/sanketikam4/November/knowledge-platform/search-api/search-actors/src/main/java/org/sunbird/actors/SearchBaseActor.java
2025.11.20 12:04:13 INFO  no build target found for /Users/sanketikam4/November/knowledge-platform/search-api/search-actors/src/main/java/org/sunbird/actors/SearchBaseActor.java. Using fallback presentation compiler.
2025.11.20 12:04:14 WARN  no build target for: /Users/sanketikam4/November/knowledge-platform/search-api/search-actors/src/test/java/org/sunbird/actors/HealthActorTest.java
2025.11.20 12:04:13 INFO  no build target found for /Users/sanketikam4/November/knowledge-platform/search-api/search-actors/src/test/java/org/sunbird/actors/HealthActorTest.java. Using fallback presentation compiler.
2025.11.20 12:04:18 WARN  no build target for: /Users/sanketikam4/November/knowledge-platform/search-api/search-actors/src/main/java/org/sunbird/actors/SearchActor.java
2025.11.20 12:04:18 WARN  no build target for: /Users/sanketikam4/November/knowledge-platform/search-api/search-actors/src/main/java/org/sunbird/actors/SearchBaseActor.java
2025.11.20 12:04:18 INFO  no build target found for /Users/sanketikam4/November/knowledge-platform/search-api/search-actors/src/main/java/org/sunbird/actors/SearchActor.java. Using fallback presentation compiler.
2025.11.20 12:04:18 INFO  no build target found for /Users/sanketikam4/November/knowledge-platform/search-api/search-actors/src/main/java/org/sunbird/actors/SearchBaseActor.java. Using fallback presentation compiler.
2025.11.20 12:04:18 WARN  no build target for: /Users/sanketikam4/November/knowledge-platform/search-api/search-actors/src/main/java/org/sunbird/actors/AuditHistoryActor.java
2025.11.20 12:04:18 INFO  no build target found for /Users/sanketikam4/November/knowledge-platform/search-api/search-actors/src/main/java/org/sunbird/actors/AuditHistoryActor.java. Using fallback presentation compiler.
2025.11.20 12:04:18 WARN  no build target for: /Users/sanketikam4/November/knowledge-platform/search-api/search-actors/src/main/java/org/sunbird/actors/HealthActor.java
2025.11.20 12:04:18 INFO  no build target found for /Users/sanketikam4/November/knowledge-platform/search-api/search-actors/src/main/java/org/sunbird/actors/HealthActor.java. Using fallback presentation compiler.
2025.11.20 12:04:18 WARN  no build target for: /Users/sanketikam4/November/knowledge-platform/search-api/search-actors/src/main/java/org/sunbird/actors/SearchActor.java
2025.11.20 12:04:18 INFO  no build target found for /Users/sanketikam4/November/knowledge-platform/search-api/search-actors/src/main/java/org/sunbird/actors/SearchActor.java. Using fallback presentation compiler.
2025.11.20 12:04:18 WARN  no build target for: /Users/sanketikam4/November/knowledge-platform/search-api/search-actors/src/main/java/org/sunbird/actors/SearchBaseActor.java
2025.11.20 12:04:18 INFO  no build target found for /Users/sanketikam4/November/knowledge-platform/search-api/search-actors/src/main/java/org/sunbird/actors/SearchBaseActor.java. Using fallback presentation compiler.
2025.11.20 12:04:18 WARN  no build target for: /Users/sanketikam4/November/knowledge-platform/search-api/search-actors/src/test/java/org/sunbird/actors/HealthActorTest.java
2025.11.20 12:04:18 INFO  no build target found for /Users/sanketikam4/November/knowledge-platform/search-api/search-actors/src/test/java/org/sunbird/actors/HealthActorTest.java. Using fallback presentation compiler.
2025.11.20 12:06:15 INFO  no build target found for /Users/sanketikam4/November/knowledge-platform/knowlg-unified-service/app/controllers/content/v4/EventController.scala. Using presentation compiler with project's scala-library version: 3.3.6
2025.11.20 12:10:05 WARN  no build target for: /Users/sanketikam4/November/knowledge-platform/knowlg-unified-service/app/org/sunbird/utils/RequestUtil.scala
2025.11.20 12:10:18 INFO  no build target found for /Users/sanketikam4/November/knowledge-platform/knowlg-unified-service/app/controllers/content/v4/EventController.scala. Using presentation compiler with project's scala-library version: 3.3.6
2025.11.20 12:10:18 WARN  no build target for: /Users/sanketikam4/November/knowledge-platform/knowlg-unified-service/app/controllers/content/v4/EventController.scala
2025.11.20 12:12:29 INFO  no build target found for /Users/sanketikam4/November/knowledge-platform/knowlg-unified-service/app/controllers/assessment/v3/ItemSetController.scala. Using presentation compiler with project's scala-library version: 3.3.6
2025.11.20 12:12:29 WARN  no build target for: /Users/sanketikam4/November/knowledge-platform/knowlg-unified-service/app/controllers/assessment/v3/ItemSetController.scala
2025.11.20 12:12:29 WARN  no build target for: /Users/sanketikam4/November/knowledge-platform/knowlg-unified-service/app/controllers/assessment/v3/AssessmentItemController.scala
2025.11.20 12:12:29 INFO  no build target found for /Users/sanketikam4/November/knowledge-platform/knowlg-unified-service/app/controllers/assessment/v3/AssessmentItemController.scala. Using presentation compiler with project's scala-library version: 3.3.6
2025.11.20 12:12:29 INFO  no build target found for /Users/sanketikam4/November/knowledge-platform/knowlg-unified-service/app/controllers/assessment/v3/AssessmentItemController.scala. Using presentation compiler with project's scala-library version: 3.3.6
2025.11.20 12:12:29 INFO  no build target found for /Users/sanketikam4/November/knowledge-platform/knowlg-unified-service/app/controllers/assessment/v3/ItemSetController.scala. Using presentation compiler with project's scala-library version: 3.3.6
2025.11.20 12:12:29 WARN  no build target for: /Users/sanketikam4/November/knowledge-platform/knowlg-unified-service/app/controllers/assessment/v3/AssessmentItemController.scala
2025.11.20 12:12:29 WARN  no build target for: /Users/sanketikam4/November/knowledge-platform/knowlg-unified-service/app/controllers/assessment/v3/ItemSetController.scala
2025.11.20 12:12:29 INFO  no build target found for /Users/sanketikam4/November/knowledge-platform/knowlg-unified-service/app/controllers/assessment/v3/ItemSetController.scala. Using presentation compiler with project's scala-library version: 3.3.6
2025.11.20 12:12:29 INFO  no build target found for /Users/sanketikam4/November/knowledge-platform/knowlg-unified-service/app/controllers/assessment/v3/AssessmentItemController.scala. Using presentation compiler with project's scala-library version: 3.3.6
2025.11.20 12:12:39 INFO  no build target found for /Users/sanketikam4/November/knowledge-platform/knowlg-unified-service/app/controllers/assessment/v4/QuestionController.scala. Using presentation compiler with project's scala-library version: 3.3.6
2025.11.20 12:12:39 WARN  no build target for: /Users/sanketikam4/November/knowledge-platform/knowlg-unified-service/app/controllers/assessment/v4/QuestionController.scala
2025.11.20 12:12:39 WARN  no build target for: /Users/sanketikam4/November/knowledge-platform/knowlg-unified-service/app/controllers/assessment/v4/QuestionSetController.scala
2025.11.20 12:12:39 INFO  no build target found for /Users/sanketikam4/November/knowledge-platform/knowlg-unified-service/app/controllers/assessment/v4/QuestionController.scala. Using presentation compiler with project's scala-library version: 3.3.6
2025.11.20 12:12:39 INFO  no build target found for /Users/sanketikam4/November/knowledge-platform/knowlg-unified-service/app/controllers/assessment/v4/QuestionSetController.scala. Using presentation compiler with project's scala-library version: 3.3.6
2025.11.20 12:12:39 INFO  no build target found for /Users/sanketikam4/November/knowledge-platform/knowlg-unified-service/app/controllers/assessment/v4/QuestionSetController.scala. Using presentation compiler with project's scala-library version: 3.3.6
2025.11.20 12:12:39 WARN  no build target for: /Users/sanketikam4/November/knowledge-platform/knowlg-unified-service/app/controllers/assessment/v4/QuestionController.scala
2025.11.20 12:12:39 WARN  no build target for: /Users/sanketikam4/November/knowledge-platform/knowlg-unified-service/app/controllers/assessment/v4/QuestionSetController.scala
2025.11.20 12:12:39 INFO  no build target found for /Users/sanketikam4/November/knowledge-platform/knowlg-unified-service/app/controllers/assessment/v4/QuestionController.scala. Using presentation compiler with project's scala-library version: 3.3.6
2025.11.20 12:12:48 INFO  no build target found for /Users/sanketikam4/November/knowledge-platform/knowlg-unified-service/app/controllers/assessment/v5/QuestionController.scala. Using presentation compiler with project's scala-library version: 3.3.6
2025.11.20 12:12:48 INFO  no build target found for /Users/sanketikam4/November/knowledge-platform/knowlg-unified-service/app/controllers/assessment/v5/QuestionSetController.scala. Using presentation compiler with project's scala-library version: 3.3.6
2025.11.20 12:12:48 WARN  no build target for: /Users/sanketikam4/November/knowledge-platform/knowlg-unified-service/app/controllers/assessment/v5/QuestionController.scala
2025.11.20 12:12:48 INFO  no build target found for /Users/sanketikam4/November/knowledge-platform/knowlg-unified-service/app/controllers/assessment/v5/QuestionController.scala. Using presentation compiler with project's scala-library version: 3.3.6
2025.11.20 12:12:48 WARN  no build target for: /Users/sanketikam4/November/knowledge-platform/knowlg-unified-service/app/controllers/assessment/v5/QuestionSetController.scala
2025.11.20 12:12:48 INFO  no build target found for /Users/sanketikam4/November/knowledge-platform/knowlg-unified-service/app/controllers/assessment/v5/QuestionSetController.scala. Using presentation compiler with project's scala-library version: 3.3.6
2025.11.20 12:13:18 INFO  no build target found for /Users/sanketikam4/November/knowledge-platform/knowlg-unified-service/app/controllers/content/v4/EventController.scala. Using presentation compiler with project's scala-library version: 3.3.6
2025.11.20 12:13:41 INFO  no build target found for /Users/sanketikam4/November/knowledge-platform/knowlg-unified-service/app/org/sunbird/actors/assessment/AssessmentItemActor.scala. Using presentation compiler with project's scala-library version: 3.3.6
2025.11.20 12:13:41 INFO  no build target found for /Users/sanketikam4/November/knowledge-platform/knowlg-unified-service/app/org/sunbird/actors/assessment/ItemSetActor.scala. Using presentation compiler with project's scala-library version: 3.3.6
2025.11.20 12:13:41 INFO  no build target found for /Users/sanketikam4/November/knowledge-platform/knowlg-unified-service/app/org/sunbird/actors/assessment/QuestionActor.scala. Using presentation compiler with project's scala-library version: 3.3.6
2025.11.20 12:13:41 INFO  no build target found for /Users/sanketikam4/November/knowledge-platform/knowlg-unified-service/app/org/sunbird/actors/assessment/QuestionSetActor.scala. Using presentation compiler with project's scala-library version: 3.3.6
2025.11.20 12:13:56 INFO  no build target found for /Users/sanketikam4/November/knowledge-platform/knowlg-unified-service/app/org/sunbird/v5/actors/QuestionActor.scala. Using presentation compiler with project's scala-library version: 3.3.6
2025.11.20 12:13:56 WARN  no build target for: /Users/sanketikam4/November/knowledge-platform/knowlg-unified-service/app/org/sunbird/v5/actors/QuestionActor.scala
2025.11.20 12:13:56 WARN  no build target for: /Users/sanketikam4/November/knowledge-platform/knowlg-unified-service/app/org/sunbird/actors/assessment/HealthActor.scala
2025.11.20 12:13:56 WARN  no build target for: /Users/sanketikam4/November/knowledge-platform/knowlg-unified-service/app/org/sunbird/v5/actors/QuestionSetActor.scala
2025.11.20 12:13:56 INFO  no build target found for /Users/sanketikam4/November/knowledge-platform/knowlg-unified-service/app/org/sunbird/actors/assessment/HealthActor.scala. Using presentation compiler with project's scala-library version: 3.3.6
2025.11.20 12:13:56 WARN  no build target for: /Users/sanketikam4/November/knowledge-platform/knowlg-unified-service/app/org/sunbird/actors/assessment/HealthActor.scala
2025.11.20 12:13:56 INFO  no build target found for /Users/sanketikam4/November/knowledge-platform/knowlg-unified-service/app/org/sunbird/actors/assessment/HealthActor.scala. Using presentation compiler with project's scala-library version: 3.3.6
2025.11.20 12:13:56 INFO  no build target found for /Users/sanketikam4/November/knowledge-platform/knowlg-unified-service/app/org/sunbird/v5/actors/QuestionSetActor.scala. Using presentation compiler with project's scala-library version: 3.3.6
2025.11.20 12:14:44 INFO  no build target found for /Users/sanketikam4/November/knowledge-platform/knowlg-unified-service/app/utils/ActorNames.scala. Using presentation compiler with project's scala-library version: 3.3.6
2025.11.20 12:14:44 INFO  no build target found for /Users/sanketikam4/November/knowledge-platform/knowlg-unified-service/app/utils/ApiId.scala. Using presentation compiler with project's scala-library version: 3.3.6
2025.11.20 12:14:52 INFO  no build target found for /Users/sanketikam4/November/knowledge-platform/knowlg-unified-service/app/org/sunbird/managers/assessment/AssessmentManager.scala. Using presentation compiler with project's scala-library version: 3.3.6
2025.11.20 12:14:52 INFO  no build target found for /Users/sanketikam4/November/knowledge-platform/knowlg-unified-service/app/org/sunbird/managers/assessment/CopyManager.scala. Using presentation compiler with project's scala-library version: 3.3.6
2025.11.20 12:14:52 INFO  no build target found for /Users/sanketikam4/November/knowledge-platform/knowlg-unified-service/app/org/sunbird/managers/assessment/HierarchyManager.scala. Using presentation compiler with project's scala-library version: 3.3.6
2025.11.20 12:15:04 INFO  no build target found for /Users/sanketikam4/November/knowledge-platform/knowlg-unified-service/app/org/sunbird/utils/assessment/AssessmentContants.scala. Using presentation compiler with project's scala-library version: 3.3.6
2025.11.20 12:15:04 WARN  no build target for: /Users/sanketikam4/November/knowledge-platform/knowlg-unified-service/app/org/sunbird/utils/assessment/AssessmentContants.scala
2025.11.20 12:15:04 INFO  no build target found for /Users/sanketikam4/November/knowledge-platform/knowlg-unified-service/app/org/sunbird/utils/assessment/AssessmentContants.scala. Using presentation compiler with project's scala-library version: 3.3.6
2025.11.20 12:15:04 INFO  no build target found for /Users/sanketikam4/November/knowledge-platform/knowlg-unified-service/app/org/sunbird/utils/assessment/BranchingUtil.scala. Using presentation compiler with project's scala-library version: 3.3.6
2025.11.20 12:15:04 INFO  no build target found for /Users/sanketikam4/November/knowledge-platform/knowlg-unified-service/app/org/sunbird/utils/assessment/HierarchyErrorCodes.scala. Using presentation compiler with project's scala-library version: 3.3.6
2025.11.20 12:15:04 WARN  no build target for: /Users/sanketikam4/November/knowledge-platform/knowlg-unified-service/app/org/sunbird/utils/assessment/AssessmentContants.scala
2025.11.20 12:15:04 INFO  no build target found for /Users/sanketikam4/November/knowledge-platform/knowlg-unified-service/app/org/sunbird/utils/assessment/AssessmentContants.scala. Using presentation compiler with project's scala-library version: 3.3.6
2025.11.20 12:15:04 WARN  no build target for: /Users/sanketikam4/November/knowledge-platform/knowlg-unified-service/app/org/sunbird/utils/assessment/BranchingUtil.scala
2025.11.20 12:15:04 WARN  no build target for: /Users/sanketikam4/November/knowledge-platform/knowlg-unified-service/app/org/sunbird/utils/assessment/HierarchyErrorCodes.scala
2025.11.20 12:15:04 INFO  no build target found for /Users/sanketikam4/November/knowledge-platform/knowlg-unified-service/app/org/sunbird/utils/assessment/HierarchyErrorCodes.scala. Using presentation compiler with project's scala-library version: 3.3.6
2025.11.20 12:15:04 INFO  no build target found for /Users/sanketikam4/November/knowledge-platform/knowlg-unified-service/app/org/sunbird/utils/assessment/BranchingUtil.scala. Using presentation compiler with project's scala-library version: 3.3.6
2025.11.20 12:15:24 INFO  no build target found for /Users/sanketikam4/November/knowledge-platform/knowlg-unified-service/app/modules/UnifiedServiceModule.scala. Using presentation compiler with project's scala-library version: 3.3.6
2025.11.20 12:15:24 INFO  no build target found for /Users/sanketikam4/November/knowledge-platform/knowlg-unified-service/app/modules/UnifiedServiceModule.scala. Using presentation compiler with project's scala-library version: 3.3.6
2025.11.20 12:15:24 WARN  no build target for: /Users/sanketikam4/November/knowledge-platform/knowlg-unified-service/app/modules/UnifiedServiceModule.scala
2025.11.20 12:15:33 INFO  no build target found for /Users/sanketikam4/November/knowledge-platform/knowlg-unified-service/app/modules/UnifiedServiceModule.scala. Using presentation compiler with project's scala-library version: 3.3.6
2025.11.20 12:15:33 WARN  no build target for: /Users/sanketikam4/November/knowledge-platform/knowlg-unified-service/app/modules/UnifiedServiceModule.scala
2025.11.20 12:15:33 INFO  no build target found for /Users/sanketikam4/November/knowledge-platform/knowlg-unified-service/app/modules/UnifiedServiceModule.scala. Using presentation compiler with project's scala-library version: 3.3.6
2025.11.20 12:15:43 WARN  no build target for: /Users/sanketikam4/November/knowledge-platform/content-api/content-service/app/utils/ActorNames.scala
2025.11.20 12:15:43 INFO  no build target found for /Users/sanketikam4/November/knowledge-platform/content-api/content-service/app/utils/ActorNames.scala. Using presentation compiler with project's scala-library version: 3.3.6
2025.11.20 12:15:53 INFO  no build target found for /Users/sanketikam4/November/knowledge-platform/knowlg-unified-service/app/controllers/content/v4/EventController.scala. Using presentation compiler with project's scala-library version: 3.3.6
2025.11.20 12:15:53 WARN  no build target for: /Users/sanketikam4/November/knowledge-platform/knowlg-unified-service/app/controllers/content/v4/EventController.scala
2025.11.20 12:15:53 INFO  no build target found for /Users/sanketikam4/November/knowledge-platform/knowlg-unified-service/app/utils/ActorNames.scala. Using presentation compiler with project's scala-library version: 3.3.6
2025.11.20 12:15:53 INFO  no build target found for /Users/sanketikam4/November/knowledge-platform/knowlg-unified-service/app/utils/ActorNames.scala. Using presentation compiler with project's scala-library version: 3.3.6
2025.11.20 12:15:53 WARN  no build target for: /Users/sanketikam4/November/knowledge-platform/knowlg-unified-service/app/utils/ActorNames.scala
2025.11.20 12:16:10 INFO  no build target found for /Users/sanketikam4/November/knowledge-platform/knowlg-unified-service/app/org/sunbird/managers/assessment/AssessmentManager.scala. Using presentation compiler with project's scala-library version: 3.3.6
2025.11.20 12:16:20 INFO  no build target found for /Users/sanketikam4/November/knowledge-platform/knowlg-unified-service/app/org/sunbird/managers/assessment/AssessmentManager.scala. Using presentation compiler with project's scala-library version: 3.3.6
2025.11.20 12:16:29 INFO  no build target found for /Users/sanketikam4/November/knowledge-platform/knowlg-unified-service/app/org/sunbird/managers/assessment/CopyManager.scala. Using presentation compiler with project's scala-library version: 3.3.6
2025.11.20 12:16:40 INFO  no build target found for /Users/sanketikam4/November/knowledge-platform/knowlg-unified-service/app/org/sunbird/actors/assessment/QuestionActor.scala. Using presentation compiler with project's scala-library version: 3.3.6
2025.11.20 12:16:51 INFO  no build target found for /Users/sanketikam4/November/knowledge-platform/knowlg-unified-service/app/org/sunbird/actors/assessment/QuestionSetActor.scala. Using presentation compiler with project's scala-library version: 3.3.6
2025.11.20 12:16:56 INFO  no build target found for /Users/sanketikam4/November/knowledge-platform/knowlg-unified-service/app/org/sunbird/v5/actors/QuestionActor.scala. Using presentation compiler with project's scala-library version: 3.3.6
2025.11.20 12:16:56 INFO  no build target found for /Users/sanketikam4/November/knowledge-platform/knowlg-unified-service/app/org/sunbird/v5/actors/QuestionSetActor.scala. Using presentation compiler with project's scala-library version: 3.3.6
2025.11.20 12:17:04 INFO  no build target found for /Users/sanketikam4/November/knowledge-platform/knowlg-unified-service/app/org/sunbird/actors/assessment/AssessmentItemActor.scala. Using presentation compiler with project's scala-library version: 3.3.6
2025.11.20 12:17:16 INFO  no build target found for /Users/sanketikam4/November/knowledge-platform/knowlg-unified-service/app/org/sunbird/actors/assessment/QuestionSetActor.scala. Using presentation compiler with project's scala-library version: 3.3.6
2025.11.20 12:17:28 INFO  no build target found for /Users/sanketikam4/November/knowledge-platform/knowlg-unified-service/app/org/sunbird/utils/assessment/BranchingUtil.scala. Using presentation compiler with project's scala-library version: 3.3.6
2025.11.20 12:17:28 INFO  no build target found for /Users/sanketikam4/November/knowledge-platform/knowlg-unified-service/app/org/sunbird/utils/assessment/BranchingUtil.scala. Using presentation compiler with project's scala-library version: 3.3.6
2025.11.20 12:17:28 WARN  no build target for: /Users/sanketikam4/November/knowledge-platform/knowlg-unified-service/app/org/sunbird/utils/assessment/BranchingUtil.scala
2025.11.20 12:18:43 INFO  no build target found for /Users/sanketikam4/November/knowledge-platform/content-api/content-service/app/utils/ActorNames.scala. Using presentation compiler with project's scala-library version: 3.3.6
2025.11.20 12:18:53 INFO  no build target found for /Users/sanketikam4/November/knowledge-platform/knowlg-unified-service/app/controllers/content/v4/EventController.scala. Using presentation compiler with project's scala-library version: 3.3.6
2025.11.20 12:19:30 INFO  no build target found for /Users/sanketikam4/November/knowledge-platform/inquiry-api-service/assessment-api/qs-hierarchy-manager/src/main/scala/org/sunbird/utils/HierarchyConstants.scala. Using presentation compiler with project's scala-library version: 3.3.6
2025.11.20 12:19:30 WARN  no build target for: /Users/sanketikam4/November/knowledge-platform/inquiry-api-service/assessment-api/qs-hierarchy-manager/src/main/scala/org/sunbird/utils/HierarchyConstants.scala
2025.11.20 12:19:44 INFO  no build target found for /Users/sanketikam4/November/knowledge-platform/knowlg-unified-service/app/org/sunbird/utils/assessment/HierarchyConstants.scala. Using presentation compiler with project's scala-library version: 3.3.6
2025.11.20 12:19:44 WARN  no build target for: /Users/sanketikam4/November/knowledge-platform/knowlg-unified-service/app/org/sunbird/utils/assessment/HierarchyConstants.scala
2025.11.20 12:19:45 INFO  no build target found for /Users/sanketikam4/November/knowledge-platform/knowlg-unified-service/app/org/sunbird/utils/assessment/HierarchyConstants.scala. Using presentation compiler with project's scala-library version: 3.3.6
2025.11.20 12:19:45 INFO  no build target found for /Users/sanketikam4/November/knowledge-platform/knowlg-unified-service/app/org/sunbird/utils/assessment/HierarchyConstants.scala. Using presentation compiler with project's scala-library version: 3.3.6
2025.11.20 12:19:45 WARN  no build target for: /Users/sanketikam4/November/knowledge-platform/knowlg-unified-service/app/org/sunbird/utils/assessment/HierarchyConstants.scala
2025.11.20 12:19:50 INFO  no build target found for /Users/sanketikam4/November/knowledge-platform/inquiry-api-service/assessment-api/qs-hierarchy-manager/src/main/scala/org/sunbird/utils/JavaJsonUtils.scala. Using presentation compiler with project's scala-library version: 3.3.6
2025.11.20 12:19:50 WARN  no build target for: /Users/sanketikam4/November/knowledge-platform/inquiry-api-service/assessment-api/qs-hierarchy-manager/src/main/scala/org/sunbird/utils/JavaJsonUtils.scala
2025.11.20 12:19:56 INFO  no build target found for /Users/sanketikam4/November/knowledge-platform/knowlg-unified-service/app/org/sunbird/utils/assessment/JavaJsonUtils.scala. Using presentation compiler with project's scala-library version: 3.3.6
2025.11.20 12:19:56 WARN  no build target for: /Users/sanketikam4/November/knowledge-platform/knowlg-unified-service/app/org/sunbird/utils/assessment/JavaJsonUtils.scala
2025.11.20 12:19:57 INFO  no build target found for /Users/sanketikam4/November/knowledge-platform/knowlg-unified-service/app/org/sunbird/utils/assessment/JavaJsonUtils.scala. Using presentation compiler with project's scala-library version: 3.3.6
2025.11.20 12:19:57 WARN  no build target for: /Users/sanketikam4/November/knowledge-platform/knowlg-unified-service/app/org/sunbird/utils/assessment/JavaJsonUtils.scala
2025.11.20 12:19:57 INFO  no build target found for /Users/sanketikam4/November/knowledge-platform/knowlg-unified-service/app/org/sunbird/utils/assessment/JavaJsonUtils.scala. Using presentation compiler with project's scala-library version: 3.3.6
2025.11.20 12:20:01 INFO  no build target found for /Users/sanketikam4/November/knowledge-platform/inquiry-api-service/assessment-api/qs-hierarchy-manager/src/main/scala/org/sunbird/utils/NodeUtil.scala. Using presentation compiler with project's scala-library version: 3.3.6
2025.11.20 12:20:01 WARN  no build target for: /Users/sanketikam4/November/knowledge-platform/inquiry-api-service/assessment-api/qs-hierarchy-manager/src/main/scala/org/sunbird/utils/NodeUtil.scala
2025.11.20 12:20:04 WARN  no build target for: /Users/sanketikam4/November/knowledge-platform/inquiry-api-service/assessment-api/qs-hierarchy-manager/src/main/scala/org/sunbird/managers/UpdateHierarchyManager.scala
2025.11.20 12:20:04 INFO  no build target found for /Users/sanketikam4/November/knowledge-platform/inquiry-api-service/assessment-api/qs-hierarchy-manager/src/main/scala/org/sunbird/managers/UpdateHierarchyManager.scala. Using presentation compiler with project's scala-library version: 3.3.6
2025.11.20 12:20:48 INFO  no build target found for /Users/sanketikam4/November/knowledge-platform/knowlg-unified-service/app/controllers/content/v4/EventController.scala. Using presentation compiler with project's scala-library version: 3.3.6
2025.11.20 12:20:48 WARN  no build target for: /Users/sanketikam4/November/knowledge-platform/knowlg-unified-service/app/controllers/content/v4/EventController.scala
2025.11.20 12:20:48 INFO  no build target found for /Users/sanketikam4/November/knowledge-platform/knowlg-unified-service/app/controllers/assessment/v4/QuestionController.scala. Using presentation compiler with project's scala-library version: 3.3.6
2025.11.20 12:20:48 WARN  no build target for: /Users/sanketikam4/November/knowledge-platform/knowlg-unified-service/app/controllers/assessment/v4/QuestionController.scala
2025.11.20 12:20:48 INFO  no build target found for /Users/sanketikam4/November/knowledge-platform/knowlg-unified-service/app/controllers/assessment/v4/QuestionController.scala. Using presentation compiler with project's scala-library version: 3.3.6
2025.11.20 12:21:07 INFO  no build target found for /Users/sanketikam4/November/knowledge-platform/inquiry-api-service/assessment-api/assessment-service/app/controllers/v4/QuestionController.scala. Using presentation compiler with project's scala-library version: 3.3.6
2025.11.20 12:21:07 WARN  no build target for: /Users/sanketikam4/November/knowledge-platform/inquiry-api-service/assessment-api/assessment-service/app/controllers/v4/QuestionController.scala
2025.11.20 12:21:18 INFO  no build target found for /Users/sanketikam4/November/knowledge-platform/knowlg-unified-service/app/controllers/content/v4/ContentController.scala. Using presentation compiler with project's scala-library version: 3.3.6
2025.11.20 12:21:18 WARN  no build target for: /Users/sanketikam4/November/knowledge-platform/knowlg-unified-service/app/controllers/content/v4/ContentController.scala
2025.11.20 12:21:25 WARN  no build target for: /Users/sanketikam4/November/knowledge-platform/inquiry-api-service/assessment-api/assessment-service/app/controllers/BaseController.scala
2025.11.20 12:21:25 INFO  no build target found for /Users/sanketikam4/November/knowledge-platform/inquiry-api-service/assessment-api/assessment-service/app/controllers/BaseController.scala. Using presentation compiler with project's scala-library version: 3.3.6
2025.11.20 12:21:38 INFO  no build target found for /Users/sanketikam4/November/knowledge-platform/knowlg-unified-service/app/controllers/BaseController.scala. Using presentation compiler with project's scala-library version: 3.3.6
2025.11.20 12:21:38 INFO  no build target found for /Users/sanketikam4/November/knowledge-platform/knowlg-unified-service/app/controllers/BaseController.scala. Using presentation compiler with project's scala-library version: 3.3.6
2025.11.20 12:21:38 WARN  no build target for: /Users/sanketikam4/November/knowledge-platform/knowlg-unified-service/app/controllers/BaseController.scala
2025.11.20 12:22:03 INFO  no build target found for /Users/sanketikam4/November/knowledge-platform/knowlg-unified-service/app/controllers/assessment/v5/BaseController.scala. Using presentation compiler with project's scala-library version: 3.3.6
2025.11.20 12:22:03 WARN  no build target for: /Users/sanketikam4/November/knowledge-platform/knowlg-unified-service/app/controllers/assessment/v5/BaseController.scala
2025.11.20 12:22:07 INFO  no build target found for /Users/sanketikam4/November/knowledge-platform/knowlg-unified-service/app/controllers/assessment/v5/BaseController.scala. Using presentation compiler with project's scala-library version: 3.3.6
2025.11.20 12:22:07 INFO  no build target found for /Users/sanketikam4/November/knowledge-platform/knowlg-unified-service/app/controllers/assessment/v5/BaseController.scala. Using presentation compiler with project's scala-library version: 3.3.6
2025.11.20 12:22:07 WARN  no build target for: /Users/sanketikam4/November/knowledge-platform/knowlg-unified-service/app/controllers/assessment/v5/BaseController.scala
2025.11.20 12:22:15 INFO  no build target found for /Users/sanketikam4/November/knowledge-platform/knowlg-unified-service/app/controllers/assessment/v5/QuestionController.scala. Using presentation compiler with project's scala-library version: 3.3.6
2025.11.20 12:22:15 INFO  no build target found for /Users/sanketikam4/November/knowledge-platform/knowlg-unified-service/app/controllers/assessment/v5/QuestionController.scala. Using presentation compiler with project's scala-library version: 3.3.6
2025.11.20 12:22:15 WARN  no build target for: /Users/sanketikam4/November/knowledge-platform/knowlg-unified-service/app/controllers/assessment/v5/QuestionController.scala
2025.11.20 12:22:30 INFO  no build target found for /Users/sanketikam4/November/knowledge-platform/inquiry-api-service/assessment-api/qs-hierarchy-manager/src/main/scala/org/sunbird/utils/HierarchyConstants.scala. Using presentation compiler with project's scala-library version: 3.3.6
2025.11.20 12:22:31 INFO  no build target found for /Users/sanketikam4/November/knowledge-platform/knowlg-unified-service/app/controllers/assessment/v5/QuestionSetController.scala. Using presentation compiler with project's scala-library version: 3.3.6
2025.11.20 12:22:31 INFO  no build target found for /Users/sanketikam4/November/knowledge-platform/knowlg-unified-service/app/controllers/assessment/v5/QuestionSetController.scala. Using presentation compiler with project's scala-library version: 3.3.6
2025.11.20 12:22:31 WARN  no build target for: /Users/sanketikam4/November/knowledge-platform/knowlg-unified-service/app/controllers/assessment/v5/QuestionSetController.scala
2025.11.20 12:22:50 INFO  no build target found for /Users/sanketikam4/November/knowledge-platform/inquiry-api-service/assessment-api/qs-hierarchy-manager/src/main/scala/org/sunbird/utils/JavaJsonUtils.scala. Using presentation compiler with project's scala-library version: 3.3.6
2025.11.20 12:23:01 INFO  no build target found for /Users/sanketikam4/November/knowledge-platform/inquiry-api-service/assessment-api/qs-hierarchy-manager/src/main/scala/org/sunbird/utils/NodeUtil.scala. Using presentation compiler with project's scala-library version: 3.3.6
2025.11.20 12:23:04 INFO  no build target found for /Users/sanketikam4/November/knowledge-platform/inquiry-api-service/assessment-api/qs-hierarchy-manager/src/main/scala/org/sunbird/managers/UpdateHierarchyManager.scala. Using presentation compiler with project's scala-library version: 3.3.6
2025.11.20 12:23:09 INFO  no build target found for /Users/sanketikam4/November/knowledge-platform/content-api/content-service/app/utils/ApiId.scala. Using presentation compiler with project's scala-library version: 3.3.6
2025.11.20 12:23:09 WARN  no build target for: /Users/sanketikam4/November/knowledge-platform/content-api/content-service/app/utils/ApiId.scala
2025.11.20 12:23:25 INFO  no build target found for /Users/sanketikam4/November/knowledge-platform/knowlg-unified-service/app/utils/ApiId.scala. Using presentation compiler with project's scala-library version: 3.3.6
2025.11.20 12:23:25 INFO  no build target found for /Users/sanketikam4/November/knowledge-platform/knowlg-unified-service/app/utils/ApiId.scala. Using presentation compiler with project's scala-library version: 3.3.6
2025.11.20 12:23:25 WARN  no build target for: /Users/sanketikam4/November/knowledge-platform/knowlg-unified-service/app/utils/ApiId.scala
Nov 20, 2025 12:23:30 PM org.eclipse.lsp4j.jsonrpc.RemoteEndpoint handleNotification
WARNING: Notification threw an exception: {
  "jsonrpc": "2.0",
  "method": "metals/didFocusTextDocument",
  "params": [
    "chat-editing-snapshot-text-model:/Users/sanketikam4/November/knowledge-platform/knowlg-unified-service/app/utils/ApiId.scala?%7B%22sessionId%22%3A%22f0b397fd-3f05-4130-8cce-93e2b6a6fb9b%22%2C%22requestId%22%3A%22request_58b40c46-7059-4277-9fa2-5030ba6ccada%22%2C%22undoStop%22%3A%22__epoch_9007199254740991%22%7D"
  ]
}
java.nio.file.FileSystemNotFoundException: Provider "chat-editing-snapshot-text-model" not installed
	at java.base/java.nio.file.Path.of(Path.java:212)
	at java.base/java.nio.file.Paths.get(Paths.java:98)
	at scala.meta.internal.mtags.MtagsEnrichments$XtensionURIMtags.toAbsolutePath(MtagsEnrichments.scala:149)
	at scala.meta.internal.mtags.MtagsEnrichments$XtensionStringMtags.toAbsolutePath(MtagsEnrichments.scala:209)
	at scala.meta.internal.metals.MetalsEnrichments$XtensionString.toAbsolutePath(MetalsEnrichments.scala:796)
	at scala.meta.internal.metals.MetalsEnrichments$XtensionString.toAbsolutePath(MetalsEnrichments.scala:793)
	at scala.meta.internal.metals.WorkspaceLspService.didFocus(WorkspaceLspService.scala:786)
	at scala.meta.metals.lsp.DelegatingScalaService.didFocus(DelegatingScalaService.scala:42)
	at java.base/jdk.internal.reflect.NativeMethodAccessorImpl.invoke0(Native Method)
	at java.base/jdk.internal.reflect.NativeMethodAccessorImpl.invoke(NativeMethodAccessorImpl.java:77)
	at java.base/jdk.internal.reflect.DelegatingMethodAccessorImpl.invoke(DelegatingMethodAccessorImpl.java:43)
	at java.base/java.lang.reflect.Method.invoke(Method.java:569)
	at org.eclipse.lsp4j.jsonrpc.services.GenericEndpoint.lambda$recursiveFindRpcMethods$0(GenericEndpoint.java:65)
	at org.eclipse.lsp4j.jsonrpc.services.GenericEndpoint.notify(GenericEndpoint.java:160)
	at org.eclipse.lsp4j.jsonrpc.RemoteEndpoint.handleNotification(RemoteEndpoint.java:231)
	at org.eclipse.lsp4j.jsonrpc.RemoteEndpoint.consume(RemoteEndpoint.java:198)
	at org.eclipse.lsp4j.jsonrpc.json.StreamMessageProducer.handleMessage(StreamMessageProducer.java:185)
	at org.eclipse.lsp4j.jsonrpc.json.StreamMessageProducer.listen(StreamMessageProducer.java:97)
	at org.eclipse.lsp4j.jsonrpc.json.ConcurrentMessageProcessor.run(ConcurrentMessageProcessor.java:114)
	at java.base/java.util.concurrent.Executors$RunnableAdapter.call(Executors.java:539)
	at java.base/java.util.concurrent.FutureTask.run(FutureTask.java:264)
	at java.base/java.util.concurrent.ThreadPoolExecutor.runWorker(ThreadPoolExecutor.java:1136)
	at java.base/java.util.concurrent.ThreadPoolExecutor$Worker.run(ThreadPoolExecutor.java:635)
	at java.base/java.lang.Thread.run(Thread.java:840)

2025.11.20 12:23:45 INFO  no build target found for /Users/sanketikam4/November/knowledge-platform/knowlg-unified-service/app/utils/ApiId.scala. Using presentation compiler with project's scala-library version: 3.3.6
2025.11.20 12:23:45 INFO  no build target found for /Users/sanketikam4/November/knowledge-platform/knowlg-unified-service/app/utils/ApiId.scala. Using presentation compiler with project's scala-library version: 3.3.6
2025.11.20 12:23:45 WARN  no build target for: /Users/sanketikam4/November/knowledge-platform/knowlg-unified-service/app/utils/ApiId.scala
2025.11.20 12:23:48 INFO  no build target found for /Users/sanketikam4/November/knowledge-platform/knowlg-unified-service/app/controllers/content/v4/EventController.scala. Using presentation compiler with project's scala-library version: 3.3.6
2025.11.20 12:23:51 INFO  no build target found for /Users/sanketikam4/November/knowledge-platform/knowlg-unified-service/app/utils/ApiId.scala. Using presentation compiler with project's scala-library version: 3.3.6
2025.11.20 12:23:51 INFO  no build target found for /Users/sanketikam4/November/knowledge-platform/knowlg-unified-service/app/utils/ApiId.scala. Using presentation compiler with project's scala-library version: 3.3.6
2025.11.20 12:23:51 WARN  no build target for: /Users/sanketikam4/November/knowledge-platform/knowlg-unified-service/app/utils/ApiId.scala
Nov 20, 2025 12:23:53 PM org.eclipse.lsp4j.jsonrpc.RemoteEndpoint handleNotification
WARNING: Notification threw an exception: {
  "jsonrpc": "2.0",
  "method": "metals/didFocusTextDocument",
  "params": [
    "chat-editing-snapshot-text-model:/Users/sanketikam4/November/knowledge-platform/knowlg-unified-service/app/utils/ApiId.scala?%7B%22sessionId%22%3A%22f0b397fd-3f05-4130-8cce-93e2b6a6fb9b%22%2C%22requestId%22%3A%22request_58b40c46-7059-4277-9fa2-5030ba6ccada%22%2C%22undoStop%22%3A%22__epoch_9007199254740991%22%7D"
  ]
}
java.nio.file.FileSystemNotFoundException: Provider "chat-editing-snapshot-text-model" not installed
	at java.base/java.nio.file.Path.of(Path.java:212)
	at java.base/java.nio.file.Paths.get(Paths.java:98)
	at scala.meta.internal.mtags.MtagsEnrichments$XtensionURIMtags.toAbsolutePath(MtagsEnrichments.scala:149)
	at scala.meta.internal.mtags.MtagsEnrichments$XtensionStringMtags.toAbsolutePath(MtagsEnrichments.scala:209)
	at scala.meta.internal.metals.MetalsEnrichments$XtensionString.toAbsolutePath(MetalsEnrichments.scala:796)
	at scala.meta.internal.metals.MetalsEnrichments$XtensionString.toAbsolutePath(MetalsEnrichments.scala:793)
	at scala.meta.internal.metals.WorkspaceLspService.didFocus(WorkspaceLspService.scala:786)
	at scala.meta.metals.lsp.DelegatingScalaService.didFocus(DelegatingScalaService.scala:42)
	at java.base/jdk.internal.reflect.NativeMethodAccessorImpl.invoke0(Native Method)
	at java.base/jdk.internal.reflect.NativeMethodAccessorImpl.invoke(NativeMethodAccessorImpl.java:77)
	at java.base/jdk.internal.reflect.DelegatingMethodAccessorImpl.invoke(DelegatingMethodAccessorImpl.java:43)
	at java.base/java.lang.reflect.Method.invoke(Method.java:569)
	at org.eclipse.lsp4j.jsonrpc.services.GenericEndpoint.lambda$recursiveFindRpcMethods$0(GenericEndpoint.java:65)
	at org.eclipse.lsp4j.jsonrpc.services.GenericEndpoint.notify(GenericEndpoint.java:160)
	at org.eclipse.lsp4j.jsonrpc.RemoteEndpoint.handleNotification(RemoteEndpoint.java:231)
	at org.eclipse.lsp4j.jsonrpc.RemoteEndpoint.consume(RemoteEndpoint.java:198)
	at org.eclipse.lsp4j.jsonrpc.json.StreamMessageProducer.handleMessage(StreamMessageProducer.java:185)
	at org.eclipse.lsp4j.jsonrpc.json.StreamMessageProducer.listen(StreamMessageProducer.java:97)
	at org.eclipse.lsp4j.jsonrpc.json.ConcurrentMessageProcessor.run(ConcurrentMessageProcessor.java:114)
	at java.base/java.util.concurrent.Executors$RunnableAdapter.call(Executors.java:539)
	at java.base/java.util.concurrent.FutureTask.run(FutureTask.java:264)
	at java.base/java.util.concurrent.ThreadPoolExecutor.runWorker(ThreadPoolExecutor.java:1136)
	at java.base/java.util.concurrent.ThreadPoolExecutor$Worker.run(ThreadPoolExecutor.java:635)
	at java.base/java.lang.Thread.run(Thread.java:840)

2025.11.20 12:24:07 INFO  no build target found for /Users/sanketikam4/November/knowledge-platform/inquiry-api-service/assessment-api/assessment-service/app/controllers/v4/QuestionController.scala. Using presentation compiler with project's scala-library version: 3.3.6
2025.11.20 12:24:09 INFO  no build target found for /Users/sanketikam4/November/knowledge-platform/knowlg-unified-service/app/utils/ApiId.scala. Using presentation compiler with project's scala-library version: 3.3.6
2025.11.20 12:24:09 INFO  no build target found for /Users/sanketikam4/November/knowledge-platform/knowlg-unified-service/app/utils/ApiId.scala. Using presentation compiler with project's scala-library version: 3.3.6
2025.11.20 12:24:09 WARN  no build target for: /Users/sanketikam4/November/knowledge-platform/knowlg-unified-service/app/utils/ApiId.scala
2025.11.20 12:24:18 INFO  no build target found for /Users/sanketikam4/November/knowledge-platform/knowlg-unified-service/app/controllers/content/v4/ContentController.scala. Using presentation compiler with project's scala-library version: 3.3.6
Nov 20, 2025 12:24:19 PM org.eclipse.lsp4j.jsonrpc.RemoteEndpoint handleNotification
WARNING: Notification threw an exception: {
  "jsonrpc": "2.0",
  "method": "metals/didFocusTextDocument",
  "params": [
    "chat-editing-snapshot-text-model:/Users/sanketikam4/November/knowledge-platform/knowlg-unified-service/app/utils/ApiId.scala?%7B%22sessionId%22%3A%22f0b397fd-3f05-4130-8cce-93e2b6a6fb9b%22%2C%22requestId%22%3A%22request_58b40c46-7059-4277-9fa2-5030ba6ccada%22%2C%22undoStop%22%3A%22__epoch_9007199254740991%22%7D"
  ]
}
java.nio.file.FileSystemNotFoundException: Provider "chat-editing-snapshot-text-model" not installed
	at java.base/java.nio.file.Path.of(Path.java:212)
	at java.base/java.nio.file.Paths.get(Paths.java:98)
	at scala.meta.internal.mtags.MtagsEnrichments$XtensionURIMtags.toAbsolutePath(MtagsEnrichments.scala:149)
	at scala.meta.internal.mtags.MtagsEnrichments$XtensionStringMtags.toAbsolutePath(MtagsEnrichments.scala:209)
	at scala.meta.internal.metals.MetalsEnrichments$XtensionString.toAbsolutePath(MetalsEnrichments.scala:796)
	at scala.meta.internal.metals.MetalsEnrichments$XtensionString.toAbsolutePath(MetalsEnrichments.scala:793)
	at scala.meta.internal.metals.WorkspaceLspService.didFocus(WorkspaceLspService.scala:786)
	at scala.meta.metals.lsp.DelegatingScalaService.didFocus(DelegatingScalaService.scala:42)
	at java.base/jdk.internal.reflect.NativeMethodAccessorImpl.invoke0(Native Method)
	at java.base/jdk.internal.reflect.NativeMethodAccessorImpl.invoke(NativeMethodAccessorImpl.java:77)
	at java.base/jdk.internal.reflect.DelegatingMethodAccessorImpl.invoke(DelegatingMethodAccessorImpl.java:43)
	at java.base/java.lang.reflect.Method.invoke(Method.java:569)
	at org.eclipse.lsp4j.jsonrpc.services.GenericEndpoint.lambda$recursiveFindRpcMethods$0(GenericEndpoint.java:65)
	at org.eclipse.lsp4j.jsonrpc.services.GenericEndpoint.notify(GenericEndpoint.java:160)
	at org.eclipse.lsp4j.jsonrpc.RemoteEndpoint.handleNotification(RemoteEndpoint.java:231)
	at org.eclipse.lsp4j.jsonrpc.RemoteEndpoint.consume(RemoteEndpoint.java:198)
	at org.eclipse.lsp4j.jsonrpc.json.StreamMessageProducer.handleMessage(StreamMessageProducer.java:185)
	at org.eclipse.lsp4j.jsonrpc.json.StreamMessageProducer.listen(StreamMessageProducer.java:97)
	at org.eclipse.lsp4j.jsonrpc.json.ConcurrentMessageProcessor.run(ConcurrentMessageProcessor.java:114)
	at java.base/java.util.concurrent.Executors$RunnableAdapter.call(Executors.java:539)
	at java.base/java.util.concurrent.FutureTask.run(FutureTask.java:264)
	at java.base/java.util.concurrent.ThreadPoolExecutor.runWorker(ThreadPoolExecutor.java:1136)
	at java.base/java.util.concurrent.ThreadPoolExecutor$Worker.run(ThreadPoolExecutor.java:635)
	at java.base/java.lang.Thread.run(Thread.java:840)

2025.11.20 12:24:25 INFO  no build target found for /Users/sanketikam4/November/knowledge-platform/inquiry-api-service/assessment-api/assessment-service/app/controllers/BaseController.scala. Using presentation compiler with project's scala-library version: 3.3.6
2025.11.20 12:24:27 INFO  no build target found for /Users/sanketikam4/November/knowledge-platform/knowlg-unified-service/app/utils/ApiId.scala. Using presentation compiler with project's scala-library version: 3.3.6
2025.11.20 12:24:27 INFO  no build target found for /Users/sanketikam4/November/knowledge-platform/knowlg-unified-service/app/utils/ApiId.scala. Using presentation compiler with project's scala-library version: 3.3.6
2025.11.20 12:24:27 WARN  no build target for: /Users/sanketikam4/November/knowledge-platform/knowlg-unified-service/app/utils/ApiId.scala
2025.11.20 12:24:42 INFO  no build target found for /Users/sanketikam4/November/knowledge-platform/knowlg-unified-service/app/utils/ApiId.scala. Using presentation compiler with project's scala-library version: 3.3.6
2025.11.20 12:24:42 INFO  no build target found for /Users/sanketikam4/November/knowledge-platform/knowlg-unified-service/app/utils/ApiId.scala. Using presentation compiler with project's scala-library version: 3.3.6
2025.11.20 12:24:42 WARN  no build target for: /Users/sanketikam4/November/knowledge-platform/knowlg-unified-service/app/utils/ApiId.scala
2025.11.20 12:25:02 INFO  no build target found for /Users/sanketikam4/November/knowledge-platform/knowlg-unified-service/app/utils/ApiId.scala. Using presentation compiler with project's scala-library version: 3.3.6
2025.11.20 12:25:02 INFO  no build target found for /Users/sanketikam4/November/knowledge-platform/knowlg-unified-service/app/utils/ApiId.scala. Using presentation compiler with project's scala-library version: 3.3.6
2025.11.20 12:25:02 WARN  no build target for: /Users/sanketikam4/November/knowledge-platform/knowlg-unified-service/app/utils/ApiId.scala
2025.11.20 12:25:56 WARN  no build target for: /Users/sanketikam4/November/knowledge-platform/inquiry-api-service/assessment-api/assessment-actors/src/main/scala/org/sunbird/validators/AssessmentItemValidator.scala
2025.11.20 12:25:56 INFO  no build target found for /Users/sanketikam4/November/knowledge-platform/inquiry-api-service/assessment-api/assessment-actors/src/main/scala/org/sunbird/validators/AssessmentItemValidator.scala. Using presentation compiler with project's scala-library version: 3.3.6
2025.11.20 12:26:09 INFO  no build target found for /Users/sanketikam4/November/knowledge-platform/content-api/content-service/app/utils/ApiId.scala. Using presentation compiler with project's scala-library version: 3.3.6
2025.11.20 12:27:03 INFO  no build target found for /Users/sanketikam4/November/knowledge-platform/knowlg-unified-service/app/controllers/content/v4/EventController.scala. Using presentation compiler with project's scala-library version: 3.3.6
2025.11.20 12:27:03 WARN  no build target for: /Users/sanketikam4/November/knowledge-platform/knowlg-unified-service/app/controllers/content/v4/EventController.scala
2025.11.20 12:28:56 INFO  no build target found for /Users/sanketikam4/November/knowledge-platform/inquiry-api-service/assessment-api/assessment-actors/src/main/scala/org/sunbird/validators/AssessmentItemValidator.scala. Using presentation compiler with project's scala-library version: 3.3.6
2025.11.20 12:29:31 INFO  no build target found for /Users/sanketikam4/November/knowledge-platform/knowlg-unified-service/app/utils/AssessmentItemOperations.scala. Using presentation compiler with project's scala-library version: 3.3.6
2025.11.20 12:29:31 WARN  no build target for: /Users/sanketikam4/November/knowledge-platform/knowlg-unified-service/app/utils/AssessmentItemOperations.scala
2025.11.20 12:29:31 INFO  no build target found for /Users/sanketikam4/November/knowledge-platform/knowlg-unified-service/app/utils/AssessmentItemOperations.scala. Using presentation compiler with project's scala-library version: 3.3.6
2025.11.20 12:29:31 INFO  no build target found for /Users/sanketikam4/November/knowledge-platform/knowlg-unified-service/app/utils/AssessmentItemOperations.scala. Using presentation compiler with project's scala-library version: 3.3.6
2025.11.20 12:29:31 INFO  no build target found for /Users/sanketikam4/November/knowledge-platform/knowlg-unified-service/app/utils/AssessmentItemOperations.scala. Using presentation compiler with project's scala-library version: 3.3.6
2025.11.20 12:30:03 INFO  no build target found for /Users/sanketikam4/November/knowledge-platform/knowlg-unified-service/app/controllers/content/v4/EventController.scala. Using presentation compiler with project's scala-library version: 3.3.6
2025.11.20 12:30:33 INFO  no build target found for /Users/sanketikam4/November/knowledge-platform/knowlg-unified-service/app/controllers/content/v4/EventController.scala. Using presentation compiler with project's scala-library version: 3.3.6
2025.11.20 12:30:33 WARN  no build target for: /Users/sanketikam4/November/knowledge-platform/knowlg-unified-service/app/controllers/content/v4/EventController.scala
2025.11.20 12:30:33 INFO  no build target found for /Users/sanketikam4/November/knowledge-platform/knowlg-unified-service/app/utils/AssessmentItemOperations.scala. Using presentation compiler with project's scala-library version: 3.3.6
2025.11.20 12:33:33 INFO  no build target found for /Users/sanketikam4/November/knowledge-platform/knowlg-unified-service/app/controllers/content/v4/EventController.scala. Using presentation compiler with project's scala-library version: 3.3.6
2025.11.20 12:33:47 INFO  no build target found for /Users/sanketikam4/November/knowledge-platform/knowlg-unified-service/app/utils/ApiId.scala. Using presentation compiler with project's scala-library version: 3.3.6
2025.11.20 12:33:47 INFO  no build target found for /Users/sanketikam4/November/knowledge-platform/knowlg-unified-service/app/utils/ApiId.scala. Using presentation compiler with project's scala-library version: 3.3.6
2025.11.20 12:33:47 WARN  no build target for: /Users/sanketikam4/November/knowledge-platform/knowlg-unified-service/app/utils/ApiId.scala
2025.11.20 12:33:47 INFO  no build target found for /Users/sanketikam4/November/knowledge-platform/knowlg-unified-service/app/utils/AssessmentItemOperations.scala. Using presentation compiler with project's scala-library version: 3.3.6
2025.11.20 12:33:49 INFO  no build target found for /Users/sanketikam4/November/knowledge-platform/knowlg-unified-service/app/utils/AssessmentItemOperations.scala. Using presentation compiler with project's scala-library version: 3.3.6
Nov 20, 2025 12:33:49 PM org.eclipse.lsp4j.jsonrpc.RemoteEndpoint handleNotification
WARNING: Notification threw an exception: {
  "jsonrpc": "2.0",
  "method": "metals/didFocusTextDocument",
  "params": [
    "chat-editing-snapshot-text-model:/Users/sanketikam4/November/knowledge-platform/knowlg-unified-service/app/utils/ApiId.scala?%7B%22sessionId%22%3A%22f0b397fd-3f05-4130-8cce-93e2b6a6fb9b%22%2C%22requestId%22%3A%22request_675084fd-f156-4a39-b31a-ebc522b97927%22%2C%22undoStop%22%3A%22__epoch_9007199254740991%22%7D"
  ]
}
java.nio.file.FileSystemNotFoundException: Provider "chat-editing-snapshot-text-model" not installed
	at java.base/java.nio.file.Path.of(Path.java:212)
	at java.base/java.nio.file.Paths.get(Paths.java:98)
	at scala.meta.internal.mtags.MtagsEnrichments$XtensionURIMtags.toAbsolutePath(MtagsEnrichments.scala:149)
	at scala.meta.internal.mtags.MtagsEnrichments$XtensionStringMtags.toAbsolutePath(MtagsEnrichments.scala:209)
	at scala.meta.internal.metals.MetalsEnrichments$XtensionString.toAbsolutePath(MetalsEnrichments.scala:796)
	at scala.meta.internal.metals.MetalsEnrichments$XtensionString.toAbsolutePath(MetalsEnrichments.scala:793)
	at scala.meta.internal.metals.WorkspaceLspService.didFocus(WorkspaceLspService.scala:786)
	at scala.meta.metals.lsp.DelegatingScalaService.didFocus(DelegatingScalaService.scala:42)
	at jdk.internal.reflect.GeneratedMethodAccessor12.invoke(Unknown Source)
	at java.base/jdk.internal.reflect.DelegatingMethodAccessorImpl.invoke(DelegatingMethodAccessorImpl.java:43)
	at java.base/java.lang.reflect.Method.invoke(Method.java:569)
	at org.eclipse.lsp4j.jsonrpc.services.GenericEndpoint.lambda$recursiveFindRpcMethods$0(GenericEndpoint.java:65)
	at org.eclipse.lsp4j.jsonrpc.services.GenericEndpoint.notify(GenericEndpoint.java:160)
	at org.eclipse.lsp4j.jsonrpc.RemoteEndpoint.handleNotification(RemoteEndpoint.java:231)
	at org.eclipse.lsp4j.jsonrpc.RemoteEndpoint.consume(RemoteEndpoint.java:198)
	at org.eclipse.lsp4j.jsonrpc.json.StreamMessageProducer.handleMessage(StreamMessageProducer.java:185)
	at org.eclipse.lsp4j.jsonrpc.json.StreamMessageProducer.listen(StreamMessageProducer.java:97)
	at org.eclipse.lsp4j.jsonrpc.json.ConcurrentMessageProcessor.run(ConcurrentMessageProcessor.java:114)
	at java.base/java.util.concurrent.Executors$RunnableAdapter.call(Executors.java:539)
	at java.base/java.util.concurrent.FutureTask.run(FutureTask.java:264)
	at java.base/java.util.concurrent.ThreadPoolExecutor.runWorker(ThreadPoolExecutor.java:1136)
	at java.base/java.util.concurrent.ThreadPoolExecutor$Worker.run(ThreadPoolExecutor.java:635)
	at java.base/java.lang.Thread.run(Thread.java:840)

2025.11.20 12:34:41 INFO  no build target found for /Users/sanketikam4/November/knowledge-platform/knowlg-unified-service/app/utils/ApiId.scala. Using presentation compiler with project's scala-library version: 3.3.6
2025.11.20 12:34:41 INFO  no build target found for /Users/sanketikam4/November/knowledge-platform/knowlg-unified-service/app/utils/ApiId.scala. Using presentation compiler with project's scala-library version: 3.3.6
2025.11.20 12:34:41 WARN  no build target for: /Users/sanketikam4/November/knowledge-platform/knowlg-unified-service/app/utils/ApiId.scala
Nov 20, 2025 12:34:45 PM org.eclipse.lsp4j.jsonrpc.RemoteEndpoint handleNotification
WARNING: Notification threw an exception: {
  "jsonrpc": "2.0",
  "method": "metals/didFocusTextDocument",
  "params": [
    "chat-editing-snapshot-text-model:/Users/sanketikam4/November/knowledge-platform/knowlg-unified-service/app/utils/ApiId.scala?%7B%22sessionId%22%3A%22f0b397fd-3f05-4130-8cce-93e2b6a6fb9b%22%2C%22requestId%22%3A%22request_675084fd-f156-4a39-b31a-ebc522b97927%22%2C%22undoStop%22%3A%22__epoch_9007199254740991%22%7D"
  ]
}
java.nio.file.FileSystemNotFoundException: Provider "chat-editing-snapshot-text-model" not installed
	at java.base/java.nio.file.Path.of(Path.java:212)
	at java.base/java.nio.file.Paths.get(Paths.java:98)
	at scala.meta.internal.mtags.MtagsEnrichments$XtensionURIMtags.toAbsolutePath(MtagsEnrichments.scala:149)
	at scala.meta.internal.mtags.MtagsEnrichments$XtensionStringMtags.toAbsolutePath(MtagsEnrichments.scala:209)
	at scala.meta.internal.metals.MetalsEnrichments$XtensionString.toAbsolutePath(MetalsEnrichments.scala:796)
	at scala.meta.internal.metals.MetalsEnrichments$XtensionString.toAbsolutePath(MetalsEnrichments.scala:793)
	at scala.meta.internal.metals.WorkspaceLspService.didFocus(WorkspaceLspService.scala:786)
	at scala.meta.metals.lsp.DelegatingScalaService.didFocus(DelegatingScalaService.scala:42)
	at jdk.internal.reflect.GeneratedMethodAccessor12.invoke(Unknown Source)
	at java.base/jdk.internal.reflect.DelegatingMethodAccessorImpl.invoke(DelegatingMethodAccessorImpl.java:43)
	at java.base/java.lang.reflect.Method.invoke(Method.java:569)
	at org.eclipse.lsp4j.jsonrpc.services.GenericEndpoint.lambda$recursiveFindRpcMethods$0(GenericEndpoint.java:65)
	at org.eclipse.lsp4j.jsonrpc.services.GenericEndpoint.notify(GenericEndpoint.java:160)
	at org.eclipse.lsp4j.jsonrpc.RemoteEndpoint.handleNotification(RemoteEndpoint.java:231)
	at org.eclipse.lsp4j.jsonrpc.RemoteEndpoint.consume(RemoteEndpoint.java:198)
	at org.eclipse.lsp4j.jsonrpc.json.StreamMessageProducer.handleMessage(StreamMessageProducer.java:185)
	at org.eclipse.lsp4j.jsonrpc.json.StreamMessageProducer.listen(StreamMessageProducer.java:97)
	at org.eclipse.lsp4j.jsonrpc.json.ConcurrentMessageProcessor.run(ConcurrentMessageProcessor.java:114)
	at java.base/java.util.concurrent.Executors$RunnableAdapter.call(Executors.java:539)
	at java.base/java.util.concurrent.FutureTask.run(FutureTask.java:264)
	at java.base/java.util.concurrent.ThreadPoolExecutor.runWorker(ThreadPoolExecutor.java:1136)
	at java.base/java.util.concurrent.ThreadPoolExecutor$Worker.run(ThreadPoolExecutor.java:635)
	at java.base/java.lang.Thread.run(Thread.java:840)

2025.11.20 12:35:22 INFO  no build target found for /Users/sanketikam4/November/knowledge-platform/knowlg-unified-service/app/modules/UnifiedServiceModule.scala. Using presentation compiler with project's scala-library version: 3.3.6
2025.11.20 12:35:22 INFO  no build target found for /Users/sanketikam4/November/knowledge-platform/knowlg-unified-service/app/modules/UnifiedServiceModule.scala. Using presentation compiler with project's scala-library version: 3.3.6
2025.11.20 12:35:22 WARN  no build target for: /Users/sanketikam4/November/knowledge-platform/knowlg-unified-service/app/modules/UnifiedServiceModule.scala
Nov 20, 2025 12:35:26 PM org.eclipse.lsp4j.jsonrpc.RemoteEndpoint handleNotification
WARNING: Notification threw an exception: {
  "jsonrpc": "2.0",
  "method": "metals/didFocusTextDocument",
  "params": [
    "chat-editing-snapshot-text-model:/Users/sanketikam4/November/knowledge-platform/knowlg-unified-service/app/modules/UnifiedServiceModule.scala?%7B%22sessionId%22%3A%22f0b397fd-3f05-4130-8cce-93e2b6a6fb9b%22%2C%22requestId%22%3A%22request_675084fd-f156-4a39-b31a-ebc522b97927%22%2C%22undoStop%22%3A%22__epoch_9007199254740991%22%7D"
  ]
}
java.nio.file.FileSystemNotFoundException: Provider "chat-editing-snapshot-text-model" not installed
	at java.base/java.nio.file.Path.of(Path.java:212)
	at java.base/java.nio.file.Paths.get(Paths.java:98)
	at scala.meta.internal.mtags.MtagsEnrichments$XtensionURIMtags.toAbsolutePath(MtagsEnrichments.scala:149)
	at scala.meta.internal.mtags.MtagsEnrichments$XtensionStringMtags.toAbsolutePath(MtagsEnrichments.scala:209)
	at scala.meta.internal.metals.MetalsEnrichments$XtensionString.toAbsolutePath(MetalsEnrichments.scala:796)
	at scala.meta.internal.metals.MetalsEnrichments$XtensionString.toAbsolutePath(MetalsEnrichments.scala:793)
	at scala.meta.internal.metals.WorkspaceLspService.didFocus(WorkspaceLspService.scala:786)
	at scala.meta.metals.lsp.DelegatingScalaService.didFocus(DelegatingScalaService.scala:42)
	at jdk.internal.reflect.GeneratedMethodAccessor12.invoke(Unknown Source)
	at java.base/jdk.internal.reflect.DelegatingMethodAccessorImpl.invoke(DelegatingMethodAccessorImpl.java:43)
	at java.base/java.lang.reflect.Method.invoke(Method.java:569)
	at org.eclipse.lsp4j.jsonrpc.services.GenericEndpoint.lambda$recursiveFindRpcMethods$0(GenericEndpoint.java:65)
	at org.eclipse.lsp4j.jsonrpc.services.GenericEndpoint.notify(GenericEndpoint.java:160)
	at org.eclipse.lsp4j.jsonrpc.RemoteEndpoint.handleNotification(RemoteEndpoint.java:231)
	at org.eclipse.lsp4j.jsonrpc.RemoteEndpoint.consume(RemoteEndpoint.java:198)
	at org.eclipse.lsp4j.jsonrpc.json.StreamMessageProducer.handleMessage(StreamMessageProducer.java:185)
	at org.eclipse.lsp4j.jsonrpc.json.StreamMessageProducer.listen(StreamMessageProducer.java:97)
	at org.eclipse.lsp4j.jsonrpc.json.ConcurrentMessageProcessor.run(ConcurrentMessageProcessor.java:114)
	at java.base/java.util.concurrent.Executors$RunnableAdapter.call(Executors.java:539)
	at java.base/java.util.concurrent.FutureTask.run(FutureTask.java:264)
	at java.base/java.util.concurrent.ThreadPoolExecutor.runWorker(ThreadPoolExecutor.java:1136)
	at java.base/java.util.concurrent.ThreadPoolExecutor$Worker.run(ThreadPoolExecutor.java:635)
	at java.base/java.lang.Thread.run(Thread.java:840)

2025.11.20 12:35:40 INFO  no build target found for /Users/sanketikam4/November/knowledge-platform/knowlg-unified-service/app/modules/UnifiedServiceModule.scala. Using presentation compiler with project's scala-library version: 3.3.6
2025.11.20 12:35:40 INFO  no build target found for /Users/sanketikam4/November/knowledge-platform/knowlg-unified-service/app/modules/UnifiedServiceModule.scala. Using presentation compiler with project's scala-library version: 3.3.6
2025.11.20 12:35:40 WARN  no build target for: /Users/sanketikam4/November/knowledge-platform/knowlg-unified-service/app/modules/UnifiedServiceModule.scala
Nov 20, 2025 12:35:41 PM org.eclipse.lsp4j.jsonrpc.RemoteEndpoint handleNotification
WARNING: Notification threw an exception: {
  "jsonrpc": "2.0",
  "method": "metals/didFocusTextDocument",
  "params": [
    "chat-editing-snapshot-text-model:/Users/sanketikam4/November/knowledge-platform/knowlg-unified-service/app/modules/UnifiedServiceModule.scala?%7B%22sessionId%22%3A%22f0b397fd-3f05-4130-8cce-93e2b6a6fb9b%22%2C%22requestId%22%3A%22request_675084fd-f156-4a39-b31a-ebc522b97927%22%2C%22undoStop%22%3A%22__epoch_9007199254740991%22%7D"
  ]
}
java.nio.file.FileSystemNotFoundException: Provider "chat-editing-snapshot-text-model" not installed
	at java.base/java.nio.file.Path.of(Path.java:212)
	at java.base/java.nio.file.Paths.get(Paths.java:98)
	at scala.meta.internal.mtags.MtagsEnrichments$XtensionURIMtags.toAbsolutePath(MtagsEnrichments.scala:149)
	at scala.meta.internal.mtags.MtagsEnrichments$XtensionStringMtags.toAbsolutePath(MtagsEnrichments.scala:209)
	at scala.meta.internal.metals.MetalsEnrichments$XtensionString.toAbsolutePath(MetalsEnrichments.scala:796)
	at scala.meta.internal.metals.MetalsEnrichments$XtensionString.toAbsolutePath(MetalsEnrichments.scala:793)
	at scala.meta.internal.metals.WorkspaceLspService.didFocus(WorkspaceLspService.scala:786)
	at scala.meta.metals.lsp.DelegatingScalaService.didFocus(DelegatingScalaService.scala:42)
	at jdk.internal.reflect.GeneratedMethodAccessor12.invoke(Unknown Source)
	at java.base/jdk.internal.reflect.DelegatingMethodAccessorImpl.invoke(DelegatingMethodAccessorImpl.java:43)
	at java.base/java.lang.reflect.Method.invoke(Method.java:569)
	at org.eclipse.lsp4j.jsonrpc.services.GenericEndpoint.lambda$recursiveFindRpcMethods$0(GenericEndpoint.java:65)
	at org.eclipse.lsp4j.jsonrpc.services.GenericEndpoint.notify(GenericEndpoint.java:160)
	at org.eclipse.lsp4j.jsonrpc.RemoteEndpoint.handleNotification(RemoteEndpoint.java:231)
	at org.eclipse.lsp4j.jsonrpc.RemoteEndpoint.consume(RemoteEndpoint.java:198)
	at org.eclipse.lsp4j.jsonrpc.json.StreamMessageProducer.handleMessage(StreamMessageProducer.java:185)
	at org.eclipse.lsp4j.jsonrpc.json.StreamMessageProducer.listen(StreamMessageProducer.java:97)
	at org.eclipse.lsp4j.jsonrpc.json.ConcurrentMessageProcessor.run(ConcurrentMessageProcessor.java:114)
	at java.base/java.util.concurrent.Executors$RunnableAdapter.call(Executors.java:539)
	at java.base/java.util.concurrent.FutureTask.run(FutureTask.java:264)
	at java.base/java.util.concurrent.ThreadPoolExecutor.runWorker(ThreadPoolExecutor.java:1136)
	at java.base/java.util.concurrent.ThreadPoolExecutor$Worker.run(ThreadPoolExecutor.java:635)
	at java.base/java.lang.Thread.run(Thread.java:840)

2025.11.20 12:37:06 INFO  no build target found for /Users/sanketikam4/November/knowledge-platform/knowlg-unified-service/app/modules/UnifiedServiceModule.scala. Using presentation compiler with project's scala-library version: 3.3.6
2025.11.20 12:37:06 INFO  no build target found for /Users/sanketikam4/November/knowledge-platform/knowlg-unified-service/app/modules/UnifiedServiceModule.scala. Using presentation compiler with project's scala-library version: 3.3.6
2025.11.20 12:37:06 WARN  no build target for: /Users/sanketikam4/November/knowledge-platform/knowlg-unified-service/app/modules/UnifiedServiceModule.scala
2025.11.20 12:37:14 INFO  no build target found for /Users/sanketikam4/November/knowledge-platform/knowlg-unified-service/app/modules/UnifiedServiceModule.scala. Using presentation compiler with project's scala-library version: 3.3.6
2025.11.20 12:37:14 INFO  no build target found for /Users/sanketikam4/November/knowledge-platform/knowlg-unified-service/app/modules/UnifiedServiceModule.scala. Using presentation compiler with project's scala-library version: 3.3.6
2025.11.20 12:37:14 WARN  no build target for: /Users/sanketikam4/November/knowledge-platform/knowlg-unified-service/app/modules/UnifiedServiceModule.scala
Nov 20, 2025 12:37:20 PM org.eclipse.lsp4j.jsonrpc.RemoteEndpoint handleNotification
WARNING: Notification threw an exception: {
  "jsonrpc": "2.0",
  "method": "metals/didFocusTextDocument",
  "params": [
    "chat-editing-snapshot-text-model:/Users/sanketikam4/November/knowledge-platform/knowlg-unified-service/app/modules/UnifiedServiceModule.scala?%7B%22sessionId%22%3A%22f0b397fd-3f05-4130-8cce-93e2b6a6fb9b%22%2C%22requestId%22%3A%22request_675084fd-f156-4a39-b31a-ebc522b97927%22%2C%22undoStop%22%3A%22__epoch_9007199254740991%22%7D"
  ]
}
java.nio.file.FileSystemNotFoundException: Provider "chat-editing-snapshot-text-model" not installed
	at java.base/java.nio.file.Path.of(Path.java:212)
	at java.base/java.nio.file.Paths.get(Paths.java:98)
	at scala.meta.internal.mtags.MtagsEnrichments$XtensionURIMtags.toAbsolutePath(MtagsEnrichments.scala:149)
	at scala.meta.internal.mtags.MtagsEnrichments$XtensionStringMtags.toAbsolutePath(MtagsEnrichments.scala:209)
	at scala.meta.internal.metals.MetalsEnrichments$XtensionString.toAbsolutePath(MetalsEnrichments.scala:796)
	at scala.meta.internal.metals.MetalsEnrichments$XtensionString.toAbsolutePath(MetalsEnrichments.scala:793)
	at scala.meta.internal.metals.WorkspaceLspService.didFocus(WorkspaceLspService.scala:786)
	at scala.meta.metals.lsp.DelegatingScalaService.didFocus(DelegatingScalaService.scala:42)
	at jdk.internal.reflect.GeneratedMethodAccessor12.invoke(Unknown Source)
	at java.base/jdk.internal.reflect.DelegatingMethodAccessorImpl.invoke(DelegatingMethodAccessorImpl.java:43)
	at java.base/java.lang.reflect.Method.invoke(Method.java:569)
	at org.eclipse.lsp4j.jsonrpc.services.GenericEndpoint.lambda$recursiveFindRpcMethods$0(GenericEndpoint.java:65)
	at org.eclipse.lsp4j.jsonrpc.services.GenericEndpoint.notify(GenericEndpoint.java:160)
	at org.eclipse.lsp4j.jsonrpc.RemoteEndpoint.handleNotification(RemoteEndpoint.java:231)
	at org.eclipse.lsp4j.jsonrpc.RemoteEndpoint.consume(RemoteEndpoint.java:198)
	at org.eclipse.lsp4j.jsonrpc.json.StreamMessageProducer.handleMessage(StreamMessageProducer.java:185)
	at org.eclipse.lsp4j.jsonrpc.json.StreamMessageProducer.listen(StreamMessageProducer.java:97)
	at org.eclipse.lsp4j.jsonrpc.json.ConcurrentMessageProcessor.run(ConcurrentMessageProcessor.java:114)
	at java.base/java.util.concurrent.Executors$RunnableAdapter.call(Executors.java:539)
	at java.base/java.util.concurrent.FutureTask.run(FutureTask.java:264)
	at java.base/java.util.concurrent.ThreadPoolExecutor.runWorker(ThreadPoolExecutor.java:1136)
	at java.base/java.util.concurrent.ThreadPoolExecutor$Worker.run(ThreadPoolExecutor.java:635)
	at java.base/java.lang.Thread.run(Thread.java:840)

2025.11.20 12:38:18 INFO  no build target found for /Users/sanketikam4/November/knowledge-platform/knowlg-unified-service/app/modules/UnifiedServiceModule.scala. Using presentation compiler with project's scala-library version: 3.3.6
2025.11.20 12:38:18 WARN  no build target for: /Users/sanketikam4/November/knowledge-platform/knowlg-unified-service/app/modules/UnifiedServiceModule.scala
2025.11.20 12:38:18 INFO  no build target found for /Users/sanketikam4/November/knowledge-platform/knowlg-unified-service/app/modules/UnifiedServiceModule.scala. Using presentation compiler with project's scala-library version: 3.3.6
2025.11.20 12:38:44 INFO  no build target found for /Users/sanketikam4/November/knowledge-platform/knowlg-unified-service/app/controllers/content/v4/EventController.scala. Using presentation compiler with project's scala-library version: 3.3.6
2025.11.20 12:38:44 WARN  no build target for: /Users/sanketikam4/November/knowledge-platform/knowlg-unified-service/app/controllers/content/v4/EventController.scala
2025.11.20 12:39:37 INFO  no build target found for /Users/sanketikam4/November/knowledge-platform/knowlg-unified-service/app/org/sunbird/v5/managers/AssessmentV5Manager.scala. Using presentation compiler with project's scala-library version: 3.3.6
2025.11.20 12:39:37 WARN  no build target for: /Users/sanketikam4/November/knowledge-platform/knowlg-unified-service/app/org/sunbird/v5/managers/AssessmentV5Manager.scala
2025.11.20 12:39:37 INFO  no build target found for /Users/sanketikam4/November/knowledge-platform/knowlg-unified-service/app/org/sunbird/managers/assessment/CopyManager.scala. Using presentation compiler with project's scala-library version: 3.3.6
2025.11.20 12:39:37 INFO  no build target found for /Users/sanketikam4/November/knowledge-platform/knowlg-unified-service/app/org/sunbird/v5/managers/AssessmentV5Manager.scala. Using presentation compiler with project's scala-library version: 3.3.6
2025.11.20 12:39:37 WARN  no build target for: /Users/sanketikam4/November/knowledge-platform/knowlg-unified-service/app/org/sunbird/v5/managers/AssessmentV5Manager.scala
2025.11.20 12:39:37 INFO  no build target found for /Users/sanketikam4/November/knowledge-platform/knowlg-unified-service/app/org/sunbird/v5/managers/AssessmentV5Manager.scala. Using presentation compiler with project's scala-library version: 3.3.6
Nov 20, 2025 12:39:40 PM org.eclipse.lsp4j.jsonrpc.RemoteEndpoint handleNotification
WARNING: Notification threw an exception: {
  "jsonrpc": "2.0",
  "method": "metals/didFocusTextDocument",
  "params": [
    "chat-editing-snapshot-text-model:/Users/sanketikam4/November/knowledge-platform/knowlg-unified-service/app/org/sunbird/managers/assessment/CopyManager.scala?%7B%22sessionId%22%3A%22f0b397fd-3f05-4130-8cce-93e2b6a6fb9b%22%2C%22requestId%22%3A%22request_ddc449ba-87d0-46f3-9afe-59693a389450%22%2C%22undoStop%22%3A%22__epoch_9007199254740991%22%7D"
  ]
}
java.nio.file.FileSystemNotFoundException: Provider "chat-editing-snapshot-text-model" not installed
	at java.base/java.nio.file.Path.of(Path.java:212)
	at java.base/java.nio.file.Paths.get(Paths.java:98)
	at scala.meta.internal.mtags.MtagsEnrichments$XtensionURIMtags.toAbsolutePath(MtagsEnrichments.scala:149)
	at scala.meta.internal.mtags.MtagsEnrichments$XtensionStringMtags.toAbsolutePath(MtagsEnrichments.scala:209)
	at scala.meta.internal.metals.MetalsEnrichments$XtensionString.toAbsolutePath(MetalsEnrichments.scala:796)
	at scala.meta.internal.metals.MetalsEnrichments$XtensionString.toAbsolutePath(MetalsEnrichments.scala:793)
	at scala.meta.internal.metals.WorkspaceLspService.didFocus(WorkspaceLspService.scala:786)
	at scala.meta.metals.lsp.DelegatingScalaService.didFocus(DelegatingScalaService.scala:42)
	at jdk.internal.reflect.GeneratedMethodAccessor12.invoke(Unknown Source)
	at java.base/jdk.internal.reflect.DelegatingMethodAccessorImpl.invoke(DelegatingMethodAccessorImpl.java:43)
	at java.base/java.lang.reflect.Method.invoke(Method.java:569)
	at org.eclipse.lsp4j.jsonrpc.services.GenericEndpoint.lambda$recursiveFindRpcMethods$0(GenericEndpoint.java:65)
	at org.eclipse.lsp4j.jsonrpc.services.GenericEndpoint.notify(GenericEndpoint.java:160)
	at org.eclipse.lsp4j.jsonrpc.RemoteEndpoint.handleNotification(RemoteEndpoint.java:231)
	at org.eclipse.lsp4j.jsonrpc.RemoteEndpoint.consume(RemoteEndpoint.java:198)
	at org.eclipse.lsp4j.jsonrpc.json.StreamMessageProducer.handleMessage(StreamMessageProducer.java:185)
	at org.eclipse.lsp4j.jsonrpc.json.StreamMessageProducer.listen(StreamMessageProducer.java:97)
	at org.eclipse.lsp4j.jsonrpc.json.ConcurrentMessageProcessor.run(ConcurrentMessageProcessor.java:114)
	at java.base/java.util.concurrent.Executors$RunnableAdapter.call(Executors.java:539)
	at java.base/java.util.concurrent.FutureTask.run(FutureTask.java:264)
	at java.base/java.util.concurrent.ThreadPoolExecutor.runWorker(ThreadPoolExecutor.java:1136)
	at java.base/java.util.concurrent.ThreadPoolExecutor$Worker.run(ThreadPoolExecutor.java:635)
	at java.base/java.lang.Thread.run(Thread.java:840)

Nov 20, 2025 12:39:44 PM org.eclipse.lsp4j.jsonrpc.RemoteEndpoint handleNotification
WARNING: Notification threw an exception: {
  "jsonrpc": "2.0",
  "method": "metals/didFocusTextDocument",
  "params": [
    "chat-editing-snapshot-text-model:/Users/sanketikam4/November/knowledge-platform/knowlg-unified-service/app/org/sunbird/v5/managers/AssessmentV5Manager.scala?%7B%22sessionId%22%3A%22f0b397fd-3f05-4130-8cce-93e2b6a6fb9b%22%2C%22requestId%22%3A%22request_ddc449ba-87d0-46f3-9afe-59693a389450%22%2C%22undoStop%22%3A%22__epoch_9007199254740991%22%7D"
  ]
}
java.nio.file.FileSystemNotFoundException: Provider "chat-editing-snapshot-text-model" not installed
	at java.base/java.nio.file.Path.of(Path.java:212)
	at java.base/java.nio.file.Paths.get(Paths.java:98)
	at scala.meta.internal.mtags.MtagsEnrichments$XtensionURIMtags.toAbsolutePath(MtagsEnrichments.scala:149)
	at scala.meta.internal.mtags.MtagsEnrichments$XtensionStringMtags.toAbsolutePath(MtagsEnrichments.scala:209)
	at scala.meta.internal.metals.MetalsEnrichments$XtensionString.toAbsolutePath(MetalsEnrichments.scala:796)
	at scala.meta.internal.metals.MetalsEnrichments$XtensionString.toAbsolutePath(MetalsEnrichments.scala:793)
	at scala.meta.internal.metals.WorkspaceLspService.didFocus(WorkspaceLspService.scala:786)
	at scala.meta.metals.lsp.DelegatingScalaService.didFocus(DelegatingScalaService.scala:42)
	at jdk.internal.reflect.GeneratedMethodAccessor12.invoke(Unknown Source)
	at java.base/jdk.internal.reflect.DelegatingMethodAccessorImpl.invoke(DelegatingMethodAccessorImpl.java:43)
	at java.base/java.lang.reflect.Method.invoke(Method.java:569)
	at org.eclipse.lsp4j.jsonrpc.services.GenericEndpoint.lambda$recursiveFindRpcMethods$0(GenericEndpoint.java:65)
	at org.eclipse.lsp4j.jsonrpc.services.GenericEndpoint.notify(GenericEndpoint.java:160)
	at org.eclipse.lsp4j.jsonrpc.RemoteEndpoint.handleNotification(RemoteEndpoint.java:231)
	at org.eclipse.lsp4j.jsonrpc.RemoteEndpoint.consume(RemoteEndpoint.java:198)
	at org.eclipse.lsp4j.jsonrpc.json.StreamMessageProducer.handleMessage(StreamMessageProducer.java:185)
	at org.eclipse.lsp4j.jsonrpc.json.StreamMessageProducer.listen(StreamMessageProducer.java:97)
	at org.eclipse.lsp4j.jsonrpc.json.ConcurrentMessageProcessor.run(ConcurrentMessageProcessor.java:114)
	at java.base/java.util.concurrent.Executors$RunnableAdapter.call(Executors.java:539)
	at java.base/java.util.concurrent.FutureTask.run(FutureTask.java:264)
	at java.base/java.util.concurrent.ThreadPoolExecutor.runWorker(ThreadPoolExecutor.java:1136)
	at java.base/java.util.concurrent.ThreadPoolExecutor$Worker.run(ThreadPoolExecutor.java:635)
	at java.base/java.lang.Thread.run(Thread.java:840)

2025.11.20 12:41:44 INFO  no build target found for /Users/sanketikam4/November/knowledge-platform/knowlg-unified-service/app/controllers/content/v4/EventController.scala. Using presentation compiler with project's scala-library version: 3.3.6
2025.11.20 12:41:58 INFO  no build target found for /Users/sanketikam4/November/knowledge-platform/knowlg-unified-service/app/controllers/content/v4/EventController.scala. Using presentation compiler with project's scala-library version: 3.3.6
2025.11.20 12:41:58 WARN  no build target for: /Users/sanketikam4/November/knowledge-platform/knowlg-unified-service/app/controllers/content/v4/EventController.scala
2025.11.20 12:44:58 INFO  no build target found for /Users/sanketikam4/November/knowledge-platform/knowlg-unified-service/app/controllers/content/v4/EventController.scala. Using presentation compiler with project's scala-library version: 3.3.6
2025.11.20 12:48:24 INFO  no build target found for /Users/sanketikam4/November/knowledge-platform/knowlg-unified-service/app/org/sunbird/utils/assessment/HierarchyConstants.scala. Using presentation compiler with project's scala-library version: 3.3.6
2025.11.20 12:48:24 INFO  no build target found for /Users/sanketikam4/November/knowledge-platform/knowlg-unified-service/app/org/sunbird/v5/managers/AssessmentV5Manager.scala. Using presentation compiler with project's scala-library version: 3.3.6
2025.11.20 12:48:24 INFO  no build target found for /Users/sanketikam4/November/knowledge-platform/knowlg-unified-service/app/org/sunbird/utils/assessment/JavaJsonUtils.scala. Using presentation compiler with project's scala-library version: 3.3.6
2025.11.20 12:48:37 INFO  no build target found for /Users/sanketikam4/November/knowledge-platform/knowlg-unified-service/app/org/sunbird/utils/assessment/RequestUtil.scala. Using presentation compiler with project's scala-library version: 3.3.6
2025.11.20 12:48:37 INFO  no build target found for /Users/sanketikam4/November/knowledge-platform/knowlg-unified-service/app/org/sunbird/v5/managers/AssessmentV5Manager.scala. Using presentation compiler with project's scala-library version: 3.3.6
2025.11.20 12:48:54 INFO  no build target found for /Users/sanketikam4/November/knowledge-platform/knowlg-unified-service/app/org/sunbird/v5/managers/AssessmentV5Manager.scala. Using presentation compiler with project's scala-library version: 3.3.6
2025.11.20 12:56:41 INFO  no build target found for /Users/sanketikam4/November/knowledge-platform/knowlg-unified-service/app/org/sunbird/actors/assessment/ItemSetActor.scala. Using presentation compiler with project's scala-library version: 3.3.6
2025.11.20 13:06:12 WARN  no build target for: /Users/sanketikam4/November/knowledge-platform/knowlg-unified-service/app/org/sunbird/actors/assessment/ItemSetActor.scala
2025.11.20 13:06:12 INFO  no build target found for /Users/sanketikam4/November/knowledge-platform/knowlg-unified-service/app/org/sunbird/actors/assessment/ItemSetActor.scala. Using presentation compiler with project's scala-library version: 3.3.6
2025.11.20 13:06:12 INFO  no build target found for /Users/sanketikam4/November/knowledge-platform/knowlg-unified-service/app/org/sunbird/actors/assessment/ItemSetActor.scala. Using presentation compiler with project's scala-library version: 3.3.6
2025.11.20 13:06:12 INFO  no build target found for /Users/sanketikam4/November/knowledge-platform/knowlg-unified-service/app/org/sunbird/actors/assessment/ItemSetActor.scala. Using presentation compiler with project's scala-library version: 3.3.6
2025.11.20 13:06:12 INFO  no build target found for /Users/sanketikam4/November/knowledge-platform/knowlg-unified-service/app/org/sunbird/actors/assessment/ItemSetActor.scala. Using presentation compiler with project's scala-library version: 3.3.6
2025.11.20 13:06:13 INFO  no build target found for /Users/sanketikam4/November/knowledge-platform/knowlg-unified-service/app/org/sunbird/actors/assessment/ItemSetActor.scala. Using presentation compiler with project's scala-library version: 3.3.6
2025.11.20 13:06:13 INFO  no build target found for /Users/sanketikam4/November/knowledge-platform/knowlg-unified-service/app/org/sunbird/actors/assessment/ItemSetActor.scala. Using presentation compiler with project's scala-library version: 3.3.6
2025.11.20 13:06:25 INFO  no build target found for /Users/sanketikam4/November/knowledge-platform/knowlg-unified-service/app/org/sunbird/actors/assessment/ItemSetActor.scala. Using presentation compiler with project's scala-library version: 3.3.6
2025.11.20 13:06:25 INFO  no build target found for /Users/sanketikam4/November/knowledge-platform/knowlg-unified-service/app/org/sunbird/actors/assessment/ItemSetActor.scala. Using presentation compiler with project's scala-library version: 3.3.6
2025.11.20 13:06:26 INFO  no build target found for /Users/sanketikam4/November/knowledge-platform/knowlg-unified-service/app/org/sunbird/actors/assessment/ItemSetActor.scala. Using presentation compiler with project's scala-library version: 3.3.6
2025.11.20 13:07:58 INFO  no build target found for /Users/sanketikam4/November/knowledge-platform/knowlg-unified-service/app/org/sunbird/actors/assessment/ItemSetActor.scala. Using presentation compiler with project's scala-library version: 3.3.6
2025.11.20 13:10:52 INFO  no build target found for /Users/sanketikam4/November/knowledge-platform/knowlg-unified-service/app/controllers/content/v4/EventController.scala. Using presentation compiler with project's scala-library version: 3.3.6
2025.11.20 13:10:52 WARN  no build target for: /Users/sanketikam4/November/knowledge-platform/knowlg-unified-service/app/controllers/content/v4/EventController.scala
2025.11.20 13:12:01 INFO  no build target found for /Users/sanketikam4/November/knowledge-platform/knowlg-unified-service/app/modules/UnifiedServiceModule.scala. Using presentation compiler with project's scala-library version: 3.3.6
2025.11.20 13:12:01 INFO  no build target found for /Users/sanketikam4/November/knowledge-platform/knowlg-unified-service/app/handlers/SignalHandler.scala. Using presentation compiler with project's scala-library version: 3.3.6
2025.11.20 13:12:01 INFO  no build target found for /Users/sanketikam4/November/knowledge-platform/knowlg-unified-service/app/handlers/LoggingAction.scala. Using presentation compiler with project's scala-library version: 3.3.6
2025.11.20 13:12:01 INFO  no build target found for /Users/sanketikam4/November/knowledge-platform/knowlg-unified-service/app/org/sunbird/v5/managers/AssessmentV5Manager.scala. Using presentation compiler with project's scala-library version: 3.3.6
2025.11.20 13:13:21 INFO  no build target found for /Users/sanketikam4/November/knowledge-platform/knowlg-unified-service/app/controllers/content/v3/LicenseController.scala. Using presentation compiler with project's scala-library version: 3.3.6
2025.11.20 13:13:21 INFO  no build target found for /Users/sanketikam4/November/knowledge-platform/knowlg-unified-service/app/controllers/SearchBaseController.scala. Using presentation compiler with project's scala-library version: 3.3.6
2025.11.20 13:13:21 INFO  no build target found for /Users/sanketikam4/November/knowledge-platform/knowlg-unified-service/app/controllers/BaseController.scala. Using presentation compiler with project's scala-library version: 3.3.6
2025.11.20 13:13:21 INFO  no build target found for /Users/sanketikam4/November/knowledge-platform/knowlg-unified-service/app/controllers/search/SearchController.scala. Using presentation compiler with project's scala-library version: 3.3.6
2025.11.20 13:13:21 INFO  no build target found for /Users/sanketikam4/November/knowledge-platform/knowlg-unified-service/app/controllers/assessment/v5/QuestionController.scala. Using presentation compiler with project's scala-library version: 3.3.6
2025.11.20 13:13:21 INFO  no build target found for /Users/sanketikam4/November/knowledge-platform/knowlg-unified-service/app/controllers/assessment/v5/QuestionSetController.scala. Using presentation compiler with project's scala-library version: 3.3.6
2025.11.20 13:13:21 INFO  no build target found for /Users/sanketikam4/November/knowledge-platform/knowlg-unified-service/app/org/sunbird/utils/RequestUtil.scala. Using presentation compiler with project's scala-library version: 3.3.6
2025.11.20 13:13:21 INFO  no build target found for /Users/sanketikam4/November/knowledge-platform/knowlg-unified-service/app/controllers/assessment/v3/ItemSetController.scala. Using presentation compiler with project's scala-library version: 3.3.6
2025.11.20 13:13:21 INFO  no build target found for /Users/sanketikam4/November/knowledge-platform/knowlg-unified-service/app/controllers/assessment/v3/AssessmentItemController.scala. Using presentation compiler with project's scala-library version: 3.3.6
2025.11.20 13:13:21 INFO  no build target found for /Users/sanketikam4/November/knowledge-platform/knowlg-unified-service/app/controllers/assessment/v4/QuestionController.scala. Using presentation compiler with project's scala-library version: 3.3.6
2025.11.20 13:13:21 INFO  no build target found for /Users/sanketikam4/November/knowledge-platform/knowlg-unified-service/app/controllers/assessment/v4/QuestionSetController.scala. Using presentation compiler with project's scala-library version: 3.3.6
2025.11.20 13:13:21 INFO  no build target found for /Users/sanketikam4/November/knowledge-platform/knowlg-unified-service/app/controllers/assessment/v5/BaseController.scala. Using presentation compiler with project's scala-library version: 3.3.6
2025.11.20 13:13:21 INFO  no build target found for /Users/sanketikam4/November/knowledge-platform/knowlg-unified-service/app/controllers/content/v4/EventController.scala. Using presentation compiler with project's scala-library version: 3.3.6
2025.11.20 13:13:21 INFO  no build target found for /Users/sanketikam4/November/knowledge-platform/knowlg-unified-service/app/org/sunbird/utils/assessment/BranchingUtil.scala. Using presentation compiler with project's scala-library version: 3.3.6
2025.11.20 13:13:21 INFO  no build target found for /Users/sanketikam4/November/knowledge-platform/knowlg-unified-service/app/org/sunbird/utils/assessment/RequestUtil.scala. Using presentation compiler with project's scala-library version: 3.3.6
2025.11.20 13:13:21 INFO  no build target found for /Users/sanketikam4/November/knowledge-platform/knowlg-unified-service/app/org/sunbird/v5/managers/AssessmentV5Manager.scala. Using presentation compiler with project's scala-library version: 3.3.6
2025.11.20 13:13:52 INFO  no build target found for /Users/sanketikam4/November/knowledge-platform/knowlg-unified-service/app/controllers/content/v4/EventController.scala. Using presentation compiler with project's scala-library version: 3.3.6
2025.11.20 13:13:52 INFO  no build target found for /Users/sanketikam4/November/knowledge-platform/knowlg-unified-service/app/controllers/content/v3/LicenseController.scala. Using presentation compiler with project's scala-library version: 3.3.6
2025.11.20 13:13:52 INFO  no build target found for /Users/sanketikam4/November/knowledge-platform/knowlg-unified-service/app/controllers/SearchBaseController.scala. Using presentation compiler with project's scala-library version: 3.3.6
2025.11.20 13:13:52 INFO  no build target found for /Users/sanketikam4/November/knowledge-platform/knowlg-unified-service/app/controllers/search/SearchController.scala. Using presentation compiler with project's scala-library version: 3.3.6
2025.11.20 13:13:52 INFO  no build target found for /Users/sanketikam4/November/knowledge-platform/knowlg-unified-service/app/controllers/BaseController.scala. Using presentation compiler with project's scala-library version: 3.3.6
2025.11.20 13:13:52 INFO  no build target found for /Users/sanketikam4/November/knowledge-platform/knowlg-unified-service/app/controllers/assessment/v5/QuestionController.scala. Using presentation compiler with project's scala-library version: 3.3.6
2025.11.20 13:13:52 INFO  no build target found for /Users/sanketikam4/November/knowledge-platform/knowlg-unified-service/app/controllers/assessment/v5/QuestionSetController.scala. Using presentation compiler with project's scala-library version: 3.3.6
2025.11.20 13:13:52 INFO  no build target found for /Users/sanketikam4/November/knowledge-platform/knowlg-unified-service/app/controllers/search/AuditHistoryController.scala. Using presentation compiler with project's scala-library version: 3.3.6
2025.11.20 13:13:52 INFO  no build target found for /Users/sanketikam4/November/knowledge-platform/knowlg-unified-service/app/org/sunbird/utils/assessment/BranchingUtil.scala. Using presentation compiler with project's scala-library version: 3.3.6
2025.11.20 13:13:52 INFO  no build target found for /Users/sanketikam4/November/knowledge-platform/knowlg-unified-service/app/org/sunbird/utils/assessment/RequestUtil.scala. Using presentation compiler with project's scala-library version: 3.3.6
2025.11.20 13:13:52 INFO  no build target found for /Users/sanketikam4/November/knowledge-platform/knowlg-unified-service/app/org/sunbird/utils/RequestUtil.scala. Using presentation compiler with project's scala-library version: 3.3.6
2025.11.20 13:13:52 INFO  no build target found for /Users/sanketikam4/November/knowledge-platform/knowlg-unified-service/app/controllers/assessment/v3/ItemSetController.scala. Using presentation compiler with project's scala-library version: 3.3.6
2025.11.20 13:13:52 INFO  no build target found for /Users/sanketikam4/November/knowledge-platform/knowlg-unified-service/app/controllers/assessment/v3/AssessmentItemController.scala. Using presentation compiler with project's scala-library version: 3.3.6
2025.11.20 13:13:52 INFO  no build target found for /Users/sanketikam4/November/knowledge-platform/knowlg-unified-service/app/controllers/assessment/v4/QuestionController.scala. Using presentation compiler with project's scala-library version: 3.3.6
2025.11.20 13:13:52 INFO  no build target found for /Users/sanketikam4/November/knowledge-platform/knowlg-unified-service/app/controllers/assessment/v4/QuestionSetController.scala. Using presentation compiler with project's scala-library version: 3.3.6
2025.11.20 13:13:52 INFO  no build target found for /Users/sanketikam4/November/knowledge-platform/knowlg-unified-service/app/controllers/assessment/v5/BaseController.scala. Using presentation compiler with project's scala-library version: 3.3.6
2025.11.20 13:13:52 INFO  no build target found for /Users/sanketikam4/November/knowledge-platform/knowlg-unified-service/app/org/sunbird/v5/managers/AssessmentV5Manager.scala. Using presentation compiler with project's scala-library version: 3.3.6
2025.11.20 14:41:32 INFO  no build target found for /Users/sanketikam4/November/knowledge-platform/knowlg-unified-service/app/controllers/content/v4/EventController.scala. Using presentation compiler with project's scala-library version: 3.3.6
2025.11.20 14:41:32 WARN  no build target for: /Users/sanketikam4/November/knowledge-platform/knowlg-unified-service/app/controllers/content/v4/EventController.scala
2025.11.20 14:42:20 INFO  no build target found for /Users/sanketikam4/November/knowledge-platform/knowlg-unified-service/app/controllers/BaseController.scala. Using presentation compiler with project's scala-library version: 3.3.6
2025.11.20 14:42:20 INFO  no build target found for /Users/sanketikam4/November/knowledge-platform/knowlg-unified-service/app/controllers/BaseController.scala. Using presentation compiler with project's scala-library version: 3.3.6
2025.11.20 14:42:20 WARN  no build target for: /Users/sanketikam4/November/knowledge-platform/knowlg-unified-service/app/controllers/BaseController.scala
2025.11.20 14:42:35 INFO  no build target found for /Users/sanketikam4/November/knowledge-platform/knowlg-unified-service/app/controllers/BaseController.scala. Using presentation compiler with project's scala-library version: 3.3.6
2025.11.20 14:42:35 INFO  no build target found for /Users/sanketikam4/November/knowledge-platform/knowlg-unified-service/app/controllers/BaseController.scala. Using presentation compiler with project's scala-library version: 3.3.6
2025.11.20 14:42:35 WARN  no build target for: /Users/sanketikam4/November/knowledge-platform/knowlg-unified-service/app/controllers/BaseController.scala
Nov 20, 2025 2:42:48 PM org.eclipse.lsp4j.jsonrpc.RemoteEndpoint handleNotification
WARNING: Notification threw an exception: {
  "jsonrpc": "2.0",
  "method": "metals/didFocusTextDocument",
  "params": [
    "chat-editing-snapshot-text-model:/Users/sanketikam4/November/knowledge-platform/knowlg-unified-service/app/controllers/BaseController.scala?%7B%22sessionId%22%3A%22f0b397fd-3f05-4130-8cce-93e2b6a6fb9b%22%2C%22requestId%22%3A%22request_57274d3c-cf20-40c7-b674-94667cda9e9f%22%2C%22undoStop%22%3A%22__epoch_2382%22%7D"
  ]
}
java.nio.file.FileSystemNotFoundException: Provider "chat-editing-snapshot-text-model" not installed
	at java.base/java.nio.file.Path.of(Path.java:212)
	at java.base/java.nio.file.Paths.get(Paths.java:98)
	at scala.meta.internal.mtags.MtagsEnrichments$XtensionURIMtags.toAbsolutePath(MtagsEnrichments.scala:149)
	at scala.meta.internal.mtags.MtagsEnrichments$XtensionStringMtags.toAbsolutePath(MtagsEnrichments.scala:209)
	at scala.meta.internal.metals.MetalsEnrichments$XtensionString.toAbsolutePath(MetalsEnrichments.scala:796)
	at scala.meta.internal.metals.MetalsEnrichments$XtensionString.toAbsolutePath(MetalsEnrichments.scala:793)
	at scala.meta.internal.metals.WorkspaceLspService.didFocus(WorkspaceLspService.scala:786)
	at scala.meta.metals.lsp.DelegatingScalaService.didFocus(DelegatingScalaService.scala:42)
	at jdk.internal.reflect.GeneratedMethodAccessor12.invoke(Unknown Source)
	at java.base/jdk.internal.reflect.DelegatingMethodAccessorImpl.invoke(DelegatingMethodAccessorImpl.java:43)
	at java.base/java.lang.reflect.Method.invoke(Method.java:569)
	at org.eclipse.lsp4j.jsonrpc.services.GenericEndpoint.lambda$recursiveFindRpcMethods$0(GenericEndpoint.java:65)
	at org.eclipse.lsp4j.jsonrpc.services.GenericEndpoint.notify(GenericEndpoint.java:160)
	at org.eclipse.lsp4j.jsonrpc.RemoteEndpoint.handleNotification(RemoteEndpoint.java:231)
	at org.eclipse.lsp4j.jsonrpc.RemoteEndpoint.consume(RemoteEndpoint.java:198)
	at org.eclipse.lsp4j.jsonrpc.json.StreamMessageProducer.handleMessage(StreamMessageProducer.java:185)
	at org.eclipse.lsp4j.jsonrpc.json.StreamMessageProducer.listen(StreamMessageProducer.java:97)
	at org.eclipse.lsp4j.jsonrpc.json.ConcurrentMessageProcessor.run(ConcurrentMessageProcessor.java:114)
	at java.base/java.util.concurrent.Executors$RunnableAdapter.call(Executors.java:539)
	at java.base/java.util.concurrent.FutureTask.run(FutureTask.java:264)
	at java.base/java.util.concurrent.ThreadPoolExecutor.runWorker(ThreadPoolExecutor.java:1136)
	at java.base/java.util.concurrent.ThreadPoolExecutor$Worker.run(ThreadPoolExecutor.java:635)
	at java.base/java.lang.Thread.run(Thread.java:840)

2025.11.20 14:42:49 INFO  no build target found for /Users/sanketikam4/November/knowledge-platform/knowlg-unified-service/app/controllers/BaseController.scala. Using presentation compiler with project's scala-library version: 3.3.6
2025.11.20 14:42:49 INFO  no build target found for /Users/sanketikam4/November/knowledge-platform/knowlg-unified-service/app/controllers/BaseController.scala. Using presentation compiler with project's scala-library version: 3.3.6
2025.11.20 14:42:49 WARN  no build target for: /Users/sanketikam4/November/knowledge-platform/knowlg-unified-service/app/controllers/BaseController.scala
Nov 20, 2025 2:43:01 PM org.eclipse.lsp4j.jsonrpc.RemoteEndpoint handleNotification
WARNING: Notification threw an exception: {
  "jsonrpc": "2.0",
  "method": "metals/didFocusTextDocument",
  "params": [
    "chat-editing-snapshot-text-model:/Users/sanketikam4/November/knowledge-platform/knowlg-unified-service/app/controllers/BaseController.scala?%7B%22sessionId%22%3A%22f0b397fd-3f05-4130-8cce-93e2b6a6fb9b%22%2C%22requestId%22%3A%22request_57274d3c-cf20-40c7-b674-94667cda9e9f%22%2C%22undoStop%22%3A%22__epoch_2384%22%7D"
  ]
}
java.nio.file.FileSystemNotFoundException: Provider "chat-editing-snapshot-text-model" not installed
	at java.base/java.nio.file.Path.of(Path.java:212)
	at java.base/java.nio.file.Paths.get(Paths.java:98)
	at scala.meta.internal.mtags.MtagsEnrichments$XtensionURIMtags.toAbsolutePath(MtagsEnrichments.scala:149)
	at scala.meta.internal.mtags.MtagsEnrichments$XtensionStringMtags.toAbsolutePath(MtagsEnrichments.scala:209)
	at scala.meta.internal.metals.MetalsEnrichments$XtensionString.toAbsolutePath(MetalsEnrichments.scala:796)
	at scala.meta.internal.metals.MetalsEnrichments$XtensionString.toAbsolutePath(MetalsEnrichments.scala:793)
	at scala.meta.internal.metals.WorkspaceLspService.didFocus(WorkspaceLspService.scala:786)
	at scala.meta.metals.lsp.DelegatingScalaService.didFocus(DelegatingScalaService.scala:42)
	at jdk.internal.reflect.GeneratedMethodAccessor12.invoke(Unknown Source)
	at java.base/jdk.internal.reflect.DelegatingMethodAccessorImpl.invoke(DelegatingMethodAccessorImpl.java:43)
	at java.base/java.lang.reflect.Method.invoke(Method.java:569)
	at org.eclipse.lsp4j.jsonrpc.services.GenericEndpoint.lambda$recursiveFindRpcMethods$0(GenericEndpoint.java:65)
	at org.eclipse.lsp4j.jsonrpc.services.GenericEndpoint.notify(GenericEndpoint.java:160)
	at org.eclipse.lsp4j.jsonrpc.RemoteEndpoint.handleNotification(RemoteEndpoint.java:231)
	at org.eclipse.lsp4j.jsonrpc.RemoteEndpoint.consume(RemoteEndpoint.java:198)
	at org.eclipse.lsp4j.jsonrpc.json.StreamMessageProducer.handleMessage(StreamMessageProducer.java:185)
	at org.eclipse.lsp4j.jsonrpc.json.StreamMessageProducer.listen(StreamMessageProducer.java:97)
	at org.eclipse.lsp4j.jsonrpc.json.ConcurrentMessageProcessor.run(ConcurrentMessageProcessor.java:114)
	at java.base/java.util.concurrent.Executors$RunnableAdapter.call(Executors.java:539)
	at java.base/java.util.concurrent.FutureTask.run(FutureTask.java:264)
	at java.base/java.util.concurrent.ThreadPoolExecutor.runWorker(ThreadPoolExecutor.java:1136)
	at java.base/java.util.concurrent.ThreadPoolExecutor$Worker.run(ThreadPoolExecutor.java:635)
	at java.base/java.lang.Thread.run(Thread.java:840)

2025.11.20 14:43:02 INFO  no build target found for /Users/sanketikam4/November/knowledge-platform/knowlg-unified-service/app/controllers/BaseController.scala. Using presentation compiler with project's scala-library version: 3.3.6
2025.11.20 14:43:02 INFO  no build target found for /Users/sanketikam4/November/knowledge-platform/knowlg-unified-service/app/controllers/BaseController.scala. Using presentation compiler with project's scala-library version: 3.3.6
2025.11.20 14:43:02 WARN  no build target for: /Users/sanketikam4/November/knowledge-platform/knowlg-unified-service/app/controllers/BaseController.scala
Nov 20, 2025 2:43:08 PM org.eclipse.lsp4j.jsonrpc.RemoteEndpoint handleNotification
WARNING: Notification threw an exception: {
  "jsonrpc": "2.0",
  "method": "metals/didFocusTextDocument",
  "params": [
    "chat-editing-snapshot-text-model:/Users/sanketikam4/November/knowledge-platform/knowlg-unified-service/app/controllers/BaseController.scala?%7B%22sessionId%22%3A%22f0b397fd-3f05-4130-8cce-93e2b6a6fb9b%22%2C%22requestId%22%3A%22request_57274d3c-cf20-40c7-b674-94667cda9e9f%22%2C%22undoStop%22%3A%22__epoch_2386%22%7D"
  ]
}
java.nio.file.FileSystemNotFoundException: Provider "chat-editing-snapshot-text-model" not installed
	at java.base/java.nio.file.Path.of(Path.java:212)
	at java.base/java.nio.file.Paths.get(Paths.java:98)
	at scala.meta.internal.mtags.MtagsEnrichments$XtensionURIMtags.toAbsolutePath(MtagsEnrichments.scala:149)
	at scala.meta.internal.mtags.MtagsEnrichments$XtensionStringMtags.toAbsolutePath(MtagsEnrichments.scala:209)
	at scala.meta.internal.metals.MetalsEnrichments$XtensionString.toAbsolutePath(MetalsEnrichments.scala:796)
	at scala.meta.internal.metals.MetalsEnrichments$XtensionString.toAbsolutePath(MetalsEnrichments.scala:793)
	at scala.meta.internal.metals.WorkspaceLspService.didFocus(WorkspaceLspService.scala:786)
	at scala.meta.metals.lsp.DelegatingScalaService.didFocus(DelegatingScalaService.scala:42)
	at jdk.internal.reflect.GeneratedMethodAccessor12.invoke(Unknown Source)
	at java.base/jdk.internal.reflect.DelegatingMethodAccessorImpl.invoke(DelegatingMethodAccessorImpl.java:43)
	at java.base/java.lang.reflect.Method.invoke(Method.java:569)
	at org.eclipse.lsp4j.jsonrpc.services.GenericEndpoint.lambda$recursiveFindRpcMethods$0(GenericEndpoint.java:65)
	at org.eclipse.lsp4j.jsonrpc.services.GenericEndpoint.notify(GenericEndpoint.java:160)
	at org.eclipse.lsp4j.jsonrpc.RemoteEndpoint.handleNotification(RemoteEndpoint.java:231)
	at org.eclipse.lsp4j.jsonrpc.RemoteEndpoint.consume(RemoteEndpoint.java:198)
	at org.eclipse.lsp4j.jsonrpc.json.StreamMessageProducer.handleMessage(StreamMessageProducer.java:185)
	at org.eclipse.lsp4j.jsonrpc.json.StreamMessageProducer.listen(StreamMessageProducer.java:97)
	at org.eclipse.lsp4j.jsonrpc.json.ConcurrentMessageProcessor.run(ConcurrentMessageProcessor.java:114)
	at java.base/java.util.concurrent.Executors$RunnableAdapter.call(Executors.java:539)
	at java.base/java.util.concurrent.FutureTask.run(FutureTask.java:264)
	at java.base/java.util.concurrent.ThreadPoolExecutor.runWorker(ThreadPoolExecutor.java:1136)
	at java.base/java.util.concurrent.ThreadPoolExecutor$Worker.run(ThreadPoolExecutor.java:635)
	at java.base/java.lang.Thread.run(Thread.java:840)

2025.11.20 14:43:16 INFO  no build target found for /Users/sanketikam4/November/knowledge-platform/knowlg-unified-service/app/controllers/BaseController.scala. Using presentation compiler with project's scala-library version: 3.3.6
2025.11.20 14:43:16 INFO  no build target found for /Users/sanketikam4/November/knowledge-platform/knowlg-unified-service/app/controllers/BaseController.scala. Using presentation compiler with project's scala-library version: 3.3.6
2025.11.20 14:43:16 WARN  no build target for: /Users/sanketikam4/November/knowledge-platform/knowlg-unified-service/app/controllers/BaseController.scala
2025.11.20 14:43:28 INFO  no build target found for /Users/sanketikam4/November/knowledge-platform/knowlg-unified-service/app/controllers/SearchBaseController.scala. Using presentation compiler with project's scala-library version: 3.3.6
2025.11.20 14:43:28 WARN  no build target for: /Users/sanketikam4/November/knowledge-platform/knowlg-unified-service/app/controllers/SearchBaseController.scala
2025.11.20 14:43:28 INFO  no build target found for /Users/sanketikam4/November/knowledge-platform/knowlg-unified-service/app/controllers/SearchBaseController.scala. Using presentation compiler with project's scala-library version: 3.3.6
2025.11.20 14:43:38 INFO  no build target found for /Users/sanketikam4/November/knowledge-platform/knowlg-unified-service/app/controllers/SearchBaseController.scala. Using presentation compiler with project's scala-library version: 3.3.6
2025.11.20 14:43:38 WARN  no build target for: /Users/sanketikam4/November/knowledge-platform/knowlg-unified-service/app/controllers/SearchBaseController.scala
2025.11.20 14:43:38 INFO  no build target found for /Users/sanketikam4/November/knowledge-platform/knowlg-unified-service/app/controllers/SearchBaseController.scala. Using presentation compiler with project's scala-library version: 3.3.6
2025.11.20 14:43:46 INFO  no build target found for /Users/sanketikam4/November/knowledge-platform/knowlg-unified-service/app/controllers/SearchBaseController.scala. Using presentation compiler with project's scala-library version: 3.3.6
2025.11.20 14:43:46 WARN  no build target for: /Users/sanketikam4/November/knowledge-platform/knowlg-unified-service/app/controllers/SearchBaseController.scala
2025.11.20 14:43:46 INFO  no build target found for /Users/sanketikam4/November/knowledge-platform/knowlg-unified-service/app/controllers/SearchBaseController.scala. Using presentation compiler with project's scala-library version: 3.3.6
Nov 20, 2025 2:43:50 PM org.eclipse.lsp4j.jsonrpc.RemoteEndpoint handleNotification
WARNING: Notification threw an exception: {
  "jsonrpc": "2.0",
  "method": "metals/didFocusTextDocument",
  "params": [
    "chat-editing-snapshot-text-model:/Users/sanketikam4/November/knowledge-platform/knowlg-unified-service/app/controllers/SearchBaseController.scala?%7B%22sessionId%22%3A%22f0b397fd-3f05-4130-8cce-93e2b6a6fb9b%22%2C%22requestId%22%3A%22request_57274d3c-cf20-40c7-b674-94667cda9e9f%22%2C%22undoStop%22%3A%22__epoch_2397%22%7D"
  ]
}
java.nio.file.FileSystemNotFoundException: Provider "chat-editing-snapshot-text-model" not installed
	at java.base/java.nio.file.Path.of(Path.java:212)
	at java.base/java.nio.file.Paths.get(Paths.java:98)
	at scala.meta.internal.mtags.MtagsEnrichments$XtensionURIMtags.toAbsolutePath(MtagsEnrichments.scala:149)
	at scala.meta.internal.mtags.MtagsEnrichments$XtensionStringMtags.toAbsolutePath(MtagsEnrichments.scala:209)
	at scala.meta.internal.metals.MetalsEnrichments$XtensionString.toAbsolutePath(MetalsEnrichments.scala:796)
	at scala.meta.internal.metals.MetalsEnrichments$XtensionString.toAbsolutePath(MetalsEnrichments.scala:793)
	at scala.meta.internal.metals.WorkspaceLspService.didFocus(WorkspaceLspService.scala:786)
	at scala.meta.metals.lsp.DelegatingScalaService.didFocus(DelegatingScalaService.scala:42)
	at jdk.internal.reflect.GeneratedMethodAccessor12.invoke(Unknown Source)
	at java.base/jdk.internal.reflect.DelegatingMethodAccessorImpl.invoke(DelegatingMethodAccessorImpl.java:43)
	at java.base/java.lang.reflect.Method.invoke(Method.java:569)
	at org.eclipse.lsp4j.jsonrpc.services.GenericEndpoint.lambda$recursiveFindRpcMethods$0(GenericEndpoint.java:65)
	at org.eclipse.lsp4j.jsonrpc.services.GenericEndpoint.notify(GenericEndpoint.java:160)
	at org.eclipse.lsp4j.jsonrpc.RemoteEndpoint.handleNotification(RemoteEndpoint.java:231)
	at org.eclipse.lsp4j.jsonrpc.RemoteEndpoint.consume(RemoteEndpoint.java:198)
	at org.eclipse.lsp4j.jsonrpc.json.StreamMessageProducer.handleMessage(StreamMessageProducer.java:185)
	at org.eclipse.lsp4j.jsonrpc.json.StreamMessageProducer.listen(StreamMessageProducer.java:97)
	at org.eclipse.lsp4j.jsonrpc.json.ConcurrentMessageProcessor.run(ConcurrentMessageProcessor.java:114)
	at java.base/java.util.concurrent.Executors$RunnableAdapter.call(Executors.java:539)
	at java.base/java.util.concurrent.FutureTask.run(FutureTask.java:264)
	at java.base/java.util.concurrent.ThreadPoolExecutor.runWorker(ThreadPoolExecutor.java:1136)
	at java.base/java.util.concurrent.ThreadPoolExecutor$Worker.run(ThreadPoolExecutor.java:635)
	at java.base/java.lang.Thread.run(Thread.java:840)

2025.11.20 14:43:58 INFO  no build target found for /Users/sanketikam4/November/knowledge-platform/knowlg-unified-service/app/controllers/assessment/v5/BaseController.scala. Using presentation compiler with project's scala-library version: 3.3.6
2025.11.20 14:43:58 WARN  no build target for: /Users/sanketikam4/November/knowledge-platform/knowlg-unified-service/app/controllers/assessment/v5/BaseController.scala
2025.11.20 14:43:58 INFO  no build target found for /Users/sanketikam4/November/knowledge-platform/knowlg-unified-service/app/controllers/assessment/v5/BaseController.scala. Using presentation compiler with project's scala-library version: 3.3.6
2025.11.20 14:44:13 INFO  no build target found for /Users/sanketikam4/November/knowledge-platform/knowlg-unified-service/app/controllers/assessment/v5/BaseController.scala. Using presentation compiler with project's scala-library version: 3.3.6
2025.11.20 14:44:13 INFO  no build target found for /Users/sanketikam4/November/knowledge-platform/knowlg-unified-service/app/controllers/assessment/v5/BaseController.scala. Using presentation compiler with project's scala-library version: 3.3.6
2025.11.20 14:44:13 WARN  no build target for: /Users/sanketikam4/November/knowledge-platform/knowlg-unified-service/app/controllers/assessment/v5/BaseController.scala
2025.11.20 14:44:18 INFO  no build target found for /Users/sanketikam4/November/knowledge-platform/knowlg-unified-service/app/controllers/content/v3/ContentController.scala. Using presentation compiler with project's scala-library version: 3.3.6
2025.11.20 14:44:18 WARN  no build target for: /Users/sanketikam4/November/knowledge-platform/knowlg-unified-service/app/controllers/content/v3/ContentController.scala
2025.11.20 14:44:23 INFO  no build target found for /Users/sanketikam4/November/knowledge-platform/knowlg-unified-service/app/controllers/content/v3/ContentController.scala. Using presentation compiler with project's scala-library version: 3.3.6
2025.11.20 14:44:23 INFO  no build target found for /Users/sanketikam4/November/knowledge-platform/knowlg-unified-service/app/controllers/content/v3/ContentController.scala. Using presentation compiler with project's scala-library version: 3.3.6
2025.11.20 14:44:23 WARN  no build target for: /Users/sanketikam4/November/knowledge-platform/knowlg-unified-service/app/controllers/content/v3/ContentController.scala
2025.11.20 14:44:30 INFO  no build target found for /Users/sanketikam4/November/knowledge-platform/knowlg-unified-service/app/controllers/content/v4/ContentController.scala. Using presentation compiler with project's scala-library version: 3.3.6
2025.11.20 14:44:30 WARN  no build target for: /Users/sanketikam4/November/knowledge-platform/knowlg-unified-service/app/controllers/content/v4/ContentController.scala
2025.11.20 14:44:30 WARN  no build target for: /Users/sanketikam4/November/knowledge-platform/knowlg-unified-service/app/controllers/content/v4/AssetController.scala
2025.11.20 14:44:30 INFO  no build target found for /Users/sanketikam4/November/knowledge-platform/knowlg-unified-service/app/controllers/content/v4/AssetController.scala. Using presentation compiler with project's scala-library version: 3.3.6
2025.11.20 14:44:30 INFO  no build target found for /Users/sanketikam4/November/knowledge-platform/knowlg-unified-service/app/controllers/content/v4/AssetController.scala. Using presentation compiler with project's scala-library version: 3.3.6
2025.11.20 14:44:30 INFO  no build target found for /Users/sanketikam4/November/knowledge-platform/knowlg-unified-service/app/controllers/content/v4/ContentController.scala. Using presentation compiler with project's scala-library version: 3.3.6
2025.11.20 14:44:30 WARN  no build target for: /Users/sanketikam4/November/knowledge-platform/knowlg-unified-service/app/controllers/content/v4/AssetController.scala
2025.11.20 14:44:30 INFO  no build target found for /Users/sanketikam4/November/knowledge-platform/knowlg-unified-service/app/controllers/content/v4/AssetController.scala. Using presentation compiler with project's scala-library version: 3.3.6
2025.11.20 14:44:30 WARN  no build target for: /Users/sanketikam4/November/knowledge-platform/knowlg-unified-service/app/controllers/content/v4/ContentController.scala
2025.11.20 14:44:30 INFO  no build target found for /Users/sanketikam4/November/knowledge-platform/knowlg-unified-service/app/controllers/content/v4/ContentController.scala. Using presentation compiler with project's scala-library version: 3.3.6
2025.11.20 14:44:32 INFO  no build target found for /Users/sanketikam4/November/knowledge-platform/knowlg-unified-service/app/controllers/content/v4/EventController.scala. Using presentation compiler with project's scala-library version: 3.3.6
2025.11.20 14:44:41 INFO  no build target found for /Users/sanketikam4/November/knowledge-platform/knowlg-unified-service/app/controllers/search/AuditHistoryController.scala. Using presentation compiler with project's scala-library version: 3.3.6
2025.11.20 14:44:41 INFO  no build target found for /Users/sanketikam4/November/knowledge-platform/knowlg-unified-service/app/controllers/search/SearchController.scala. Using presentation compiler with project's scala-library version: 3.3.6
2025.11.20 14:44:41 WARN  no build target for: /Users/sanketikam4/November/knowledge-platform/knowlg-unified-service/app/controllers/search/AuditHistoryController.scala
2025.11.20 14:44:41 INFO  no build target found for /Users/sanketikam4/November/knowledge-platform/knowlg-unified-service/app/controllers/search/SearchController.scala. Using presentation compiler with project's scala-library version: 3.3.6
2025.11.20 14:44:41 WARN  no build target for: /Users/sanketikam4/November/knowledge-platform/knowlg-unified-service/app/controllers/search/SearchController.scala
2025.11.20 14:45:00 INFO  no build target found for /Users/sanketikam4/November/knowledge-platform/knowlg-unified-service/app/controllers/content/v4/EventController.scala. Using presentation compiler with project's scala-library version: 3.3.6
2025.11.20 14:45:00 WARN  no build target for: /Users/sanketikam4/November/knowledge-platform/knowlg-unified-service/app/controllers/content/v4/EventController.scala
2025.11.20 14:45:00 INFO  no build target found for /Users/sanketikam4/November/knowledge-platform/knowlg-unified-service/app/controllers/search/SearchController.scala. Using presentation compiler with project's scala-library version: 3.3.6
2025.11.20 14:45:00 INFO  no build target found for /Users/sanketikam4/November/knowledge-platform/knowlg-unified-service/app/controllers/search/SearchController.scala. Using presentation compiler with project's scala-library version: 3.3.6
2025.11.20 14:45:00 WARN  no build target for: /Users/sanketikam4/November/knowledge-platform/knowlg-unified-service/app/controllers/search/SearchController.scala
2025.11.20 14:45:12 INFO  no build target found for /Users/sanketikam4/November/knowledge-platform/knowlg-unified-service/app/controllers/search/SearchController.scala. Using presentation compiler with project's scala-library version: 3.3.6
2025.11.20 14:45:12 WARN  no build target for: /Users/sanketikam4/November/knowledge-platform/knowlg-unified-service/app/controllers/search/SearchController.scala
2025.11.20 14:45:12 INFO  no build target found for /Users/sanketikam4/November/knowledge-platform/knowlg-unified-service/app/controllers/search/SearchController.scala. Using presentation compiler with project's scala-library version: 3.3.6
2025.11.20 14:45:17 INFO  no build target found for /Users/sanketikam4/November/knowledge-platform/knowlg-unified-service/app/filters/AccessLogFilter.scala. Using presentation compiler with project's scala-library version: 3.3.6
2025.11.20 14:45:17 WARN  no build target for: /Users/sanketikam4/November/knowledge-platform/knowlg-unified-service/app/filters/AccessLogFilter.scala
2025.11.20 14:45:22 INFO  no build target found for /Users/sanketikam4/November/knowledge-platform/knowlg-unified-service/app/filters/AccessLogFilter.scala. Using presentation compiler with project's scala-library version: 3.3.6
2025.11.20 14:45:22 WARN  no build target for: /Users/sanketikam4/November/knowledge-platform/knowlg-unified-service/app/filters/AccessLogFilter.scala
2025.11.20 14:45:22 INFO  no build target found for /Users/sanketikam4/November/knowledge-platform/knowlg-unified-service/app/filters/AccessLogFilter.scala. Using presentation compiler with project's scala-library version: 3.3.6
2025.11.20 14:45:54 INFO  no build target found for /Users/sanketikam4/November/knowledge-platform/knowlg-unified-service/app/controllers/SearchBaseController.scala. Using presentation compiler with project's scala-library version: 3.3.6
2025.11.20 14:45:54 INFO  no build target found for /Users/sanketikam4/November/knowledge-platform/knowlg-unified-service/app/controllers/SearchBaseController.scala. Using presentation compiler with project's scala-library version: 3.3.6
2025.11.20 14:45:54 WARN  no build target for: /Users/sanketikam4/November/knowledge-platform/knowlg-unified-service/app/controllers/SearchBaseController.scala
2025.11.20 14:47:54 INFO  no build target found for /Users/sanketikam4/November/knowledge-platform/knowlg-unified-service/app/controllers/BaseController.scala. Using presentation compiler with project's scala-library version: 3.3.6
2025.11.20 14:47:54 INFO  no build target found for /Users/sanketikam4/November/knowledge-platform/knowlg-unified-service/app/controllers/SearchBaseController.scala. Using presentation compiler with project's scala-library version: 3.3.6
2025.11.20 14:47:54 INFO  no build target found for /Users/sanketikam4/November/knowledge-platform/knowlg-unified-service/app/controllers/assessment/v5/QuestionSetController.scala. Using presentation compiler with project's scala-library version: 3.3.6
2025.11.20 14:47:54 INFO  no build target found for /Users/sanketikam4/November/knowledge-platform/knowlg-unified-service/app/controllers/SearchBaseController.scala. Using presentation compiler with project's scala-library version: 3.3.6
2025.11.20 14:47:54 WARN  no build target for: /Users/sanketikam4/November/knowledge-platform/knowlg-unified-service/app/controllers/SearchBaseController.scala
2025.11.20 14:47:54 WARN  no build target for: /Users/sanketikam4/November/knowledge-platform/knowlg-unified-service/app/controllers/BaseController.scala
2025.11.20 14:47:54 WARN  no build target for: /Users/sanketikam4/November/knowledge-platform/knowlg-unified-service/app/controllers/assessment/v5/QuestionSetController.scala
2025.11.20 14:47:54 INFO  no build target found for /Users/sanketikam4/November/knowledge-platform/knowlg-unified-service/app/controllers/assessment/v5/QuestionSetController.scala. Using presentation compiler with project's scala-library version: 3.3.6
2025.11.20 14:47:54 INFO  no build target found for /Users/sanketikam4/November/knowledge-platform/knowlg-unified-service/app/controllers/BaseController.scala. Using presentation compiler with project's scala-library version: 3.3.6
2025.11.20 14:48:00 INFO  no build target found for /Users/sanketikam4/November/knowledge-platform/knowlg-unified-service/app/controllers/content/v4/EventController.scala. Using presentation compiler with project's scala-library version: 3.3.6
2025.11.20 14:48:08 INFO  no build target found for /Users/sanketikam4/November/knowledge-platform/knowlg-unified-service/app/controllers/search/SearchController.scala. Using presentation compiler with project's scala-library version: 3.3.6
2025.11.20 14:48:08 INFO  no build target found for /Users/sanketikam4/November/knowledge-platform/knowlg-unified-service/app/controllers/SearchBaseController.scala. Using presentation compiler with project's scala-library version: 3.3.6
2025.11.20 14:48:08 INFO  no build target found for /Users/sanketikam4/November/knowledge-platform/knowlg-unified-service/app/controllers/BaseController.scala. Using presentation compiler with project's scala-library version: 3.3.6
2025.11.20 14:48:08 INFO  no build target found for /Users/sanketikam4/November/knowledge-platform/knowlg-unified-service/app/controllers/assessment/v5/QuestionController.scala. Using presentation compiler with project's scala-library version: 3.3.6
2025.11.20 14:48:08 INFO  no build target found for /Users/sanketikam4/November/knowledge-platform/knowlg-unified-service/app/controllers/assessment/v5/QuestionSetController.scala. Using presentation compiler with project's scala-library version: 3.3.6
2025.11.20 14:48:08 INFO  no build target found for /Users/sanketikam4/November/knowledge-platform/knowlg-unified-service/app/controllers/content/v3/LicenseController.scala. Using presentation compiler with project's scala-library version: 3.3.6
2025.11.20 14:48:08 INFO  no build target found for /Users/sanketikam4/November/knowledge-platform/knowlg-unified-service/app/controllers/assessment/v3/ItemSetController.scala. Using presentation compiler with project's scala-library version: 3.3.6
2025.11.20 14:48:08 INFO  no build target found for /Users/sanketikam4/November/knowledge-platform/knowlg-unified-service/app/controllers/assessment/v4/QuestionController.scala. Using presentation compiler with project's scala-library version: 3.3.6
2025.11.20 14:48:08 INFO  no build target found for /Users/sanketikam4/November/knowledge-platform/knowlg-unified-service/app/controllers/assessment/v3/AssessmentItemController.scala. Using presentation compiler with project's scala-library version: 3.3.6
2025.11.20 14:48:08 INFO  no build target found for /Users/sanketikam4/November/knowledge-platform/knowlg-unified-service/app/controllers/assessment/v4/QuestionSetController.scala. Using presentation compiler with project's scala-library version: 3.3.6
2025.11.20 14:48:08 INFO  no build target found for /Users/sanketikam4/November/knowledge-platform/knowlg-unified-service/app/controllers/assessment/v5/BaseController.scala. Using presentation compiler with project's scala-library version: 3.3.6
2025.11.20 14:48:08 INFO  no build target found for /Users/sanketikam4/November/knowledge-platform/knowlg-unified-service/app/controllers/content/v4/AssetController.scala. Using presentation compiler with project's scala-library version: 3.3.6
2025.11.20 14:48:08 INFO  no build target found for /Users/sanketikam4/November/knowledge-platform/knowlg-unified-service/app/controllers/content/v4/ContentController.scala. Using presentation compiler with project's scala-library version: 3.3.6
2025.11.20 14:48:08 INFO  no build target found for /Users/sanketikam4/November/knowledge-platform/knowlg-unified-service/app/controllers/content/v3/ContentController.scala. Using presentation compiler with project's scala-library version: 3.3.6
2025.11.20 14:48:13 INFO  no build target found for /Users/sanketikam4/November/knowledge-platform/knowlg-unified-service/app/filters/AccessLogFilter.scala. Using presentation compiler with project's scala-library version: 3.3.6
2025.11.20 14:48:13 INFO  no build target found for /Users/sanketikam4/November/knowledge-platform/knowlg-unified-service/app/org/sunbird/utils/assessment/BranchingUtil.scala. Using presentation compiler with project's scala-library version: 3.3.6
2025.11.20 14:48:13 INFO  no build target found for /Users/sanketikam4/November/knowledge-platform/knowlg-unified-service/app/org/sunbird/utils/assessment/RequestUtil.scala. Using presentation compiler with project's scala-library version: 3.3.6
2025.11.20 14:48:13 INFO  no build target found for /Users/sanketikam4/November/knowledge-platform/knowlg-unified-service/app/org/sunbird/utils/RequestUtil.scala. Using presentation compiler with project's scala-library version: 3.3.6
2025.11.20 14:48:13 INFO  no build target found for /Users/sanketikam4/November/knowledge-platform/knowlg-unified-service/app/org/sunbird/v5/managers/AssessmentV5Manager.scala. Using presentation compiler with project's scala-library version: 3.3.6
2025.11.20 14:49:18 INFO  no build target found for /Users/sanketikam4/November/knowledge-platform/knowlg-unified-service/app/controllers/SearchBaseController.scala. Using presentation compiler with project's scala-library version: 3.3.6
2025.11.20 14:49:18 INFO  no build target found for /Users/sanketikam4/November/knowledge-platform/knowlg-unified-service/app/controllers/BaseController.scala. Using presentation compiler with project's scala-library version: 3.3.6
2025.11.20 14:49:18 INFO  no build target found for /Users/sanketikam4/November/knowledge-platform/knowlg-unified-service/app/controllers/assessment/v5/QuestionSetController.scala. Using presentation compiler with project's scala-library version: 3.3.6
2025.11.20 14:49:18 INFO  no build target found for /Users/sanketikam4/November/knowledge-platform/knowlg-unified-service/app/controllers/assessment/v4/QuestionSetController.scala. Using presentation compiler with project's scala-library version: 3.3.6
2025.11.20 14:49:18 INFO  no build target found for /Users/sanketikam4/November/knowledge-platform/knowlg-unified-service/app/controllers/assessment/v5/BaseController.scala. Using presentation compiler with project's scala-library version: 3.3.6
2025.11.20 14:49:28 INFO  no build target found for /Users/sanketikam4/November/knowledge-platform/knowlg-unified-service/app/controllers/BaseController.scala. Using presentation compiler with project's scala-library version: 3.3.6
2025.11.20 14:49:28 INFO  no build target found for /Users/sanketikam4/November/knowledge-platform/knowlg-unified-service/app/controllers/BaseController.scala. Using presentation compiler with project's scala-library version: 3.3.6
2025.11.20 14:49:28 WARN  no build target for: /Users/sanketikam4/November/knowledge-platform/knowlg-unified-service/app/controllers/BaseController.scala
2025.11.20 14:49:38 INFO  no build target found for /Users/sanketikam4/November/knowledge-platform/knowlg-unified-service/app/controllers/BaseController.scala. Using presentation compiler with project's scala-library version: 3.3.6
2025.11.20 14:49:38 WARN  no build target for: /Users/sanketikam4/November/knowledge-platform/knowlg-unified-service/app/controllers/BaseController.scala
2025.11.20 14:49:38 INFO  no build target found for /Users/sanketikam4/November/knowledge-platform/knowlg-unified-service/app/controllers/BaseController.scala. Using presentation compiler with project's scala-library version: 3.3.6
2025.11.20 14:49:53 INFO  no build target found for /Users/sanketikam4/November/knowledge-platform/knowlg-unified-service/app/filters/AccessLogFilter.scala. Using presentation compiler with project's scala-library version: 3.3.6
2025.11.20 14:49:53 INFO  no build target found for /Users/sanketikam4/November/knowledge-platform/knowlg-unified-service/app/controllers/content/v3/LicenseController.scala. Using presentation compiler with project's scala-library version: 3.3.6
2025.11.20 14:49:53 INFO  no build target found for /Users/sanketikam4/November/knowledge-platform/knowlg-unified-service/app/controllers/SearchBaseController.scala. Using presentation compiler with project's scala-library version: 3.3.6
2025.11.20 14:49:53 INFO  no build target found for /Users/sanketikam4/November/knowledge-platform/knowlg-unified-service/app/controllers/search/AuditHistoryController.scala. Using presentation compiler with project's scala-library version: 3.3.6
2025.11.20 14:49:53 INFO  no build target found for /Users/sanketikam4/November/knowledge-platform/knowlg-unified-service/app/controllers/search/SearchController.scala. Using presentation compiler with project's scala-library version: 3.3.6
2025.11.20 14:49:53 INFO  no build target found for /Users/sanketikam4/November/knowledge-platform/knowlg-unified-service/app/controllers/assessment/v5/QuestionController.scala. Using presentation compiler with project's scala-library version: 3.3.6
2025.11.20 14:49:53 INFO  no build target found for /Users/sanketikam4/November/knowledge-platform/knowlg-unified-service/app/controllers/BaseController.scala. Using presentation compiler with project's scala-library version: 3.3.6
2025.11.20 14:49:53 INFO  no build target found for /Users/sanketikam4/November/knowledge-platform/knowlg-unified-service/app/controllers/assessment/v5/QuestionSetController.scala. Using presentation compiler with project's scala-library version: 3.3.6
2025.11.20 14:49:53 INFO  no build target found for /Users/sanketikam4/November/knowledge-platform/knowlg-unified-service/app/org/sunbird/utils/assessment/BranchingUtil.scala. Using presentation compiler with project's scala-library version: 3.3.6
2025.11.20 14:49:53 INFO  no build target found for /Users/sanketikam4/November/knowledge-platform/knowlg-unified-service/app/org/sunbird/utils/assessment/RequestUtil.scala. Using presentation compiler with project's scala-library version: 3.3.6
2025.11.20 14:49:53 INFO  no build target found for /Users/sanketikam4/November/knowledge-platform/knowlg-unified-service/app/org/sunbird/utils/RequestUtil.scala. Using presentation compiler with project's scala-library version: 3.3.6
2025.11.20 14:49:53 INFO  no build target found for /Users/sanketikam4/November/knowledge-platform/knowlg-unified-service/app/controllers/assessment/v3/ItemSetController.scala. Using presentation compiler with project's scala-library version: 3.3.6
2025.11.20 14:49:53 INFO  no build target found for /Users/sanketikam4/November/knowledge-platform/knowlg-unified-service/app/controllers/assessment/v3/AssessmentItemController.scala. Using presentation compiler with project's scala-library version: 3.3.6
2025.11.20 14:49:53 INFO  no build target found for /Users/sanketikam4/November/knowledge-platform/knowlg-unified-service/app/controllers/assessment/v4/QuestionController.scala. Using presentation compiler with project's scala-library version: 3.3.6
2025.11.20 14:49:53 INFO  no build target found for /Users/sanketikam4/November/knowledge-platform/knowlg-unified-service/app/controllers/assessment/v4/QuestionSetController.scala. Using presentation compiler with project's scala-library version: 3.3.6
2025.11.20 14:49:53 INFO  no build target found for /Users/sanketikam4/November/knowledge-platform/knowlg-unified-service/app/controllers/assessment/v5/BaseController.scala. Using presentation compiler with project's scala-library version: 3.3.6
2025.11.20 14:49:53 INFO  no build target found for /Users/sanketikam4/November/knowledge-platform/knowlg-unified-service/app/org/sunbird/v5/managers/AssessmentV5Manager.scala. Using presentation compiler with project's scala-library version: 3.3.6
2025.11.20 14:49:53 INFO  no build target found for /Users/sanketikam4/November/knowledge-platform/knowlg-unified-service/app/controllers/content/v3/ContentController.scala. Using presentation compiler with project's scala-library version: 3.3.6
2025.11.20 14:49:53 INFO  no build target found for /Users/sanketikam4/November/knowledge-platform/knowlg-unified-service/app/controllers/content/v4/AssetController.scala. Using presentation compiler with project's scala-library version: 3.3.6
2025.11.20 14:49:53 INFO  no build target found for /Users/sanketikam4/November/knowledge-platform/knowlg-unified-service/app/controllers/content/v4/ContentController.scala. Using presentation compiler with project's scala-library version: 3.3.6
2025.11.20 14:50:00 INFO  no build target found for /Users/sanketikam4/November/knowledge-platform/knowlg-unified-service/app/controllers/content/v3/LicenseController.scala. Using presentation compiler with project's scala-library version: 3.3.6
2025.11.20 14:50:00 INFO  no build target found for /Users/sanketikam4/November/knowledge-platform/knowlg-unified-service/app/controllers/search/SearchController.scala. Using presentation compiler with project's scala-library version: 3.3.6
2025.11.20 14:50:00 INFO  no build target found for /Users/sanketikam4/November/knowledge-platform/knowlg-unified-service/app/controllers/assessment/v5/QuestionSetController.scala. Using presentation compiler with project's scala-library version: 3.3.6
2025.11.20 14:50:00 INFO  no build target found for /Users/sanketikam4/November/knowledge-platform/knowlg-unified-service/app/controllers/assessment/v5/QuestionController.scala. Using presentation compiler with project's scala-library version: 3.3.6
2025.11.20 14:50:00 INFO  no build target found for /Users/sanketikam4/November/knowledge-platform/knowlg-unified-service/app/controllers/assessment/v3/ItemSetController.scala. Using presentation compiler with project's scala-library version: 3.3.6
2025.11.20 14:50:00 INFO  no build target found for /Users/sanketikam4/November/knowledge-platform/knowlg-unified-service/app/controllers/assessment/v3/AssessmentItemController.scala. Using presentation compiler with project's scala-library version: 3.3.6
2025.11.20 14:50:00 INFO  no build target found for /Users/sanketikam4/November/knowledge-platform/knowlg-unified-service/app/controllers/assessment/v4/QuestionController.scala. Using presentation compiler with project's scala-library version: 3.3.6
2025.11.20 14:50:00 INFO  no build target found for /Users/sanketikam4/November/knowledge-platform/knowlg-unified-service/app/controllers/assessment/v4/QuestionSetController.scala. Using presentation compiler with project's scala-library version: 3.3.6
2025.11.20 14:50:00 INFO  no build target found for /Users/sanketikam4/November/knowledge-platform/knowlg-unified-service/app/controllers/content/v3/ContentController.scala. Using presentation compiler with project's scala-library version: 3.3.6
2025.11.20 14:50:00 INFO  no build target found for /Users/sanketikam4/November/knowledge-platform/knowlg-unified-service/app/controllers/content/v4/AssetController.scala. Using presentation compiler with project's scala-library version: 3.3.6
2025.11.20 14:50:00 INFO  no build target found for /Users/sanketikam4/November/knowledge-platform/knowlg-unified-service/app/controllers/content/v4/ContentController.scala. Using presentation compiler with project's scala-library version: 3.3.6
2025.11.20 14:50:05 INFO  no build target found for /Users/sanketikam4/November/knowledge-platform/knowlg-unified-service/app/controllers/content/v3/LicenseController.scala. Using presentation compiler with project's scala-library version: 3.3.6
2025.11.20 14:50:05 INFO  no build target found for /Users/sanketikam4/November/knowledge-platform/knowlg-unified-service/app/controllers/search/SearchController.scala. Using presentation compiler with project's scala-library version: 3.3.6
2025.11.20 14:50:05 INFO  no build target found for /Users/sanketikam4/November/knowledge-platform/knowlg-unified-service/app/controllers/assessment/v5/QuestionController.scala. Using presentation compiler with project's scala-library version: 3.3.6
2025.11.20 14:50:05 INFO  no build target found for /Users/sanketikam4/November/knowledge-platform/knowlg-unified-service/app/controllers/assessment/v5/QuestionSetController.scala. Using presentation compiler with project's scala-library version: 3.3.6
2025.11.20 14:50:05 INFO  no build target found for /Users/sanketikam4/November/knowledge-platform/knowlg-unified-service/app/controllers/assessment/v3/AssessmentItemController.scala. Using presentation compiler with project's scala-library version: 3.3.6
2025.11.20 14:50:05 INFO  no build target found for /Users/sanketikam4/November/knowledge-platform/knowlg-unified-service/app/controllers/assessment/v3/ItemSetController.scala. Using presentation compiler with project's scala-library version: 3.3.6
2025.11.20 14:50:05 INFO  no build target found for /Users/sanketikam4/November/knowledge-platform/knowlg-unified-service/app/controllers/assessment/v4/QuestionSetController.scala. Using presentation compiler with project's scala-library version: 3.3.6
2025.11.20 14:50:05 INFO  no build target found for /Users/sanketikam4/November/knowledge-platform/knowlg-unified-service/app/controllers/assessment/v4/QuestionController.scala. Using presentation compiler with project's scala-library version: 3.3.6
2025.11.20 14:50:05 INFO  no build target found for /Users/sanketikam4/November/knowledge-platform/knowlg-unified-service/app/controllers/content/v3/ContentController.scala. Using presentation compiler with project's scala-library version: 3.3.6
2025.11.20 14:50:05 INFO  no build target found for /Users/sanketikam4/November/knowledge-platform/knowlg-unified-service/app/controllers/content/v4/AssetController.scala. Using presentation compiler with project's scala-library version: 3.3.6
2025.11.20 14:50:05 INFO  no build target found for /Users/sanketikam4/November/knowledge-platform/knowlg-unified-service/app/controllers/content/v4/ContentController.scala. Using presentation compiler with project's scala-library version: 3.3.6
2025.11.20 14:50:23 INFO  no build target found for /Users/sanketikam4/November/knowledge-platform/knowlg-unified-service/app/controllers/BaseController.scala. Using presentation compiler with project's scala-library version: 3.3.6
2025.11.20 14:50:23 INFO  no build target found for /Users/sanketikam4/November/knowledge-platform/knowlg-unified-service/app/controllers/BaseController.scala. Using presentation compiler with project's scala-library version: 3.3.6
2025.11.20 14:50:23 WARN  no build target for: /Users/sanketikam4/November/knowledge-platform/knowlg-unified-service/app/controllers/BaseController.scala
2025.11.20 14:50:32 INFO  no build target found for /Users/sanketikam4/November/knowledge-platform/knowlg-unified-service/app/controllers/BaseController.scala. Using presentation compiler with project's scala-library version: 3.3.6
2025.11.20 14:50:32 WARN  no build target for: /Users/sanketikam4/November/knowledge-platform/knowlg-unified-service/app/controllers/BaseController.scala
2025.11.20 14:50:32 INFO  no build target found for /Users/sanketikam4/November/knowledge-platform/knowlg-unified-service/app/controllers/BaseController.scala. Using presentation compiler with project's scala-library version: 3.3.6
2025.11.20 15:02:05 INFO  no build target found for /Users/sanketikam4/November/knowledge-platform/knowlg-unified-service/app/controllers/BaseController.scala. Using presentation compiler with project's scala-library version: 3.3.6
2025.11.20 15:02:05 INFO  no build target found for /Users/sanketikam4/November/knowledge-platform/knowlg-unified-service/app/org/sunbird/utils/assessment/RequestUtil.scala. Using presentation compiler with project's scala-library version: 3.3.6
2025.11.20 15:02:05 INFO  no build target found for /Users/sanketikam4/November/knowledge-platform/knowlg-unified-service/app/org/sunbird/utils/assessment/BranchingUtil.scala. Using presentation compiler with project's scala-library version: 3.3.6
2025.11.20 15:02:05 INFO  no build target found for /Users/sanketikam4/November/knowledge-platform/knowlg-unified-service/app/org/sunbird/utils/RequestUtil.scala. Using presentation compiler with project's scala-library version: 3.3.6
2025.11.20 15:02:05 INFO  no build target found for /Users/sanketikam4/November/knowledge-platform/knowlg-unified-service/app/org/sunbird/v5/managers/AssessmentV5Manager.scala. Using presentation compiler with project's scala-library version: 3.3.6
2025.11.20 15:02:28 INFO  no build target found for /Users/sanketikam4/November/knowledge-platform/knowlg-unified-service/app/controllers/BaseController.scala. Using presentation compiler with project's scala-library version: 3.3.6
2025.11.20 15:02:28 INFO  no build target found for /Users/sanketikam4/November/knowledge-platform/knowlg-unified-service/app/controllers/BaseController.scala. Using presentation compiler with project's scala-library version: 3.3.6
2025.11.20 15:02:28 WARN  no build target for: /Users/sanketikam4/November/knowledge-platform/knowlg-unified-service/app/controllers/BaseController.scala
2025.11.20 15:16:14 WARN  no build target for: /Users/sanketikam4/November/knowledge-platform/knowlg-unified-service/app/controllers/assessment/v3/AssessmentItemController.scala
2025.11.20 15:16:14 INFO  no build target found for /Users/sanketikam4/November/knowledge-platform/knowlg-unified-service/app/controllers/assessment/v3/AssessmentItemController.scala. Using presentation compiler with project's scala-library version: 3.3.6
2025.11.20 15:16:14 INFO  no build target found for /Users/sanketikam4/November/knowledge-platform/knowlg-unified-service/app/controllers/assessment/v3/AssessmentItemController.scala. Using presentation compiler with project's scala-library version: 3.3.6
2025.11.20 15:16:17 WARN  no build target for: /Users/sanketikam4/November/knowledge-platform/knowlg-unified-service/app/controllers/assessment/v3/ItemSetController.scala
2025.11.20 15:16:17 INFO  no build target found for /Users/sanketikam4/November/knowledge-platform/knowlg-unified-service/app/controllers/assessment/v3/ItemSetController.scala. Using presentation compiler with project's scala-library version: 3.3.6
2025.11.20 15:16:17 INFO  no build target found for /Users/sanketikam4/November/knowledge-platform/knowlg-unified-service/app/controllers/assessment/v3/ItemSetController.scala. Using presentation compiler with project's scala-library version: 3.3.6
2025.11.20 15:16:18 WARN  no build target for: /Users/sanketikam4/November/knowledge-platform/knowlg-unified-service/app/controllers/assessment/v4/QuestionController.scala
2025.11.20 15:16:18 INFO  no build target found for /Users/sanketikam4/November/knowledge-platform/knowlg-unified-service/app/controllers/assessment/v4/QuestionController.scala. Using presentation compiler with project's scala-library version: 3.3.6
2025.11.20 15:16:18 INFO  no build target found for /Users/sanketikam4/November/knowledge-platform/knowlg-unified-service/app/controllers/assessment/v4/QuestionController.scala. Using presentation compiler with project's scala-library version: 3.3.6
2025.11.20 15:16:20 WARN  no build target for: /Users/sanketikam4/November/knowledge-platform/knowlg-unified-service/app/controllers/assessment/v4/QuestionSetController.scala
2025.11.20 15:16:20 INFO  no build target found for /Users/sanketikam4/November/knowledge-platform/knowlg-unified-service/app/controllers/assessment/v4/QuestionSetController.scala. Using presentation compiler with project's scala-library version: 3.3.6
2025.11.20 15:16:20 INFO  no build target found for /Users/sanketikam4/November/knowledge-platform/knowlg-unified-service/app/controllers/assessment/v4/QuestionSetController.scala. Using presentation compiler with project's scala-library version: 3.3.6
2025.11.20 15:16:20 INFO  no build target found for /Users/sanketikam4/November/knowledge-platform/knowlg-unified-service/app/controllers/assessment/v4/QuestionSetController.scala. Using presentation compiler with project's scala-library version: 3.3.6
2025.11.20 15:16:22 WARN  no build target for: /Users/sanketikam4/November/knowledge-platform/knowlg-unified-service/app/controllers/assessment/v5/BaseController.scala
2025.11.20 15:16:22 INFO  no build target found for /Users/sanketikam4/November/knowledge-platform/knowlg-unified-service/app/controllers/assessment/v5/BaseController.scala. Using presentation compiler with project's scala-library version: 3.3.6
2025.11.20 15:16:22 INFO  no build target found for /Users/sanketikam4/November/knowledge-platform/knowlg-unified-service/app/controllers/assessment/v5/BaseController.scala. Using presentation compiler with project's scala-library version: 3.3.6
2025.11.20 15:16:22 INFO  no build target found for /Users/sanketikam4/November/knowledge-platform/knowlg-unified-service/app/controllers/assessment/v5/BaseController.scala. Using presentation compiler with project's scala-library version: 3.3.6
2025.11.20 15:16:23 INFO  no build target found for /Users/sanketikam4/November/knowledge-platform/knowlg-unified-service/app/controllers/assessment/v5/BaseController.scala. Using presentation compiler with project's scala-library version: 3.3.6
2025.11.20 15:16:23 INFO  no build target found for /Users/sanketikam4/November/knowledge-platform/knowlg-unified-service/app/controllers/assessment/v5/BaseController.scala. Using presentation compiler with project's scala-library version: 3.3.6
2025.11.20 15:16:23 INFO  no build target found for /Users/sanketikam4/November/knowledge-platform/knowlg-unified-service/app/controllers/assessment/v5/BaseController.scala. Using presentation compiler with project's scala-library version: 3.3.6
2025.11.20 15:16:31 INFO  no build target found for /Users/sanketikam4/November/knowledge-platform/knowlg-unified-service/app/controllers/assessment/v5/BaseController.scala. Using presentation compiler with project's scala-library version: 3.3.6
2025.11.20 15:16:35 INFO  no build target found for /Users/sanketikam4/November/knowledge-platform/knowlg-unified-service/app/controllers/assessment/v5/BaseController.scala. Using presentation compiler with project's scala-library version: 3.3.6
2025.11.20 15:16:35 INFO  no build target found for /Users/sanketikam4/November/knowledge-platform/knowlg-unified-service/app/controllers/assessment/v5/BaseController.scala. Using presentation compiler with project's scala-library version: 3.3.6
2025.11.20 15:16:35 INFO  no build target found for /Users/sanketikam4/November/knowledge-platform/knowlg-unified-service/app/controllers/assessment/v5/BaseController.scala. Using presentation compiler with project's scala-library version: 3.3.6
2025.11.20 15:16:37 WARN  no build target for: /Users/sanketikam4/November/knowledge-platform/knowlg-unified-service/app/controllers/assessment/v5/QuestionSetController.scala
2025.11.20 15:16:37 INFO  no build target found for /Users/sanketikam4/November/knowledge-platform/knowlg-unified-service/app/controllers/assessment/v5/QuestionSetController.scala. Using presentation compiler with project's scala-library version: 3.3.6
2025.11.20 15:16:37 INFO  no build target found for /Users/sanketikam4/November/knowledge-platform/knowlg-unified-service/app/controllers/assessment/v5/QuestionSetController.scala. Using presentation compiler with project's scala-library version: 3.3.6
2025.11.20 15:16:37 INFO  no build target found for /Users/sanketikam4/November/knowledge-platform/knowlg-unified-service/app/controllers/assessment/v5/QuestionSetController.scala. Using presentation compiler with project's scala-library version: 3.3.6
2025.11.20 15:16:39 WARN  no build target for: /Users/sanketikam4/November/knowledge-platform/knowlg-unified-service/app/controllers/content/v3/ContentController.scala
2025.11.20 15:16:39 INFO  no build target found for /Users/sanketikam4/November/knowledge-platform/knowlg-unified-service/app/controllers/content/v3/ContentController.scala. Using presentation compiler with project's scala-library version: 3.3.6
2025.11.20 15:16:39 INFO  no build target found for /Users/sanketikam4/November/knowledge-platform/knowlg-unified-service/app/controllers/content/v3/ContentController.scala. Using presentation compiler with project's scala-library version: 3.3.6
2025.11.20 15:16:39 INFO  no build target found for /Users/sanketikam4/November/knowledge-platform/knowlg-unified-service/app/controllers/content/v3/ContentController.scala. Using presentation compiler with project's scala-library version: 3.3.6
2025.11.20 15:16:40 WARN  no build target for: /Users/sanketikam4/November/knowledge-platform/knowlg-unified-service/app/controllers/BaseController.scala
2025.11.20 15:16:39 INFO  no build target found for /Users/sanketikam4/November/knowledge-platform/knowlg-unified-service/app/controllers/BaseController.scala. Using presentation compiler with project's scala-library version: 3.3.6
2025.11.20 15:16:40 INFO  no build target found for /Users/sanketikam4/November/knowledge-platform/knowlg-unified-service/app/controllers/BaseController.scala. Using presentation compiler with project's scala-library version: 3.3.6
2025.11.20 15:16:42 INFO  no build target found for /Users/sanketikam4/November/knowledge-platform/knowlg-unified-service/app/controllers/BaseController.scala. Using presentation compiler with project's scala-library version: 3.3.6
2025.11.20 15:16:42 INFO  no build target found for /Users/sanketikam4/November/knowledge-platform/knowlg-unified-service/app/controllers/BaseController.scala. Using presentation compiler with project's scala-library version: 3.3.6
2025.11.20 15:16:42 INFO  no build target found for /Users/sanketikam4/November/knowledge-platform/knowlg-unified-service/app/controllers/BaseController.scala. Using presentation compiler with project's scala-library version: 3.3.6
2025.11.20 15:16:45 WARN  no build target for: /Users/sanketikam4/November/knowledge-platform/knowlg-unified-service/app/controllers/content/v4/AssetController.scala
2025.11.20 15:16:45 INFO  no build target found for /Users/sanketikam4/November/knowledge-platform/knowlg-unified-service/app/controllers/content/v4/AssetController.scala. Using presentation compiler with project's scala-library version: 3.3.6
2025.11.20 15:16:45 INFO  no build target found for /Users/sanketikam4/November/knowledge-platform/knowlg-unified-service/app/controllers/content/v4/AssetController.scala. Using presentation compiler with project's scala-library version: 3.3.6
2025.11.20 15:16:45 INFO  no build target found for /Users/sanketikam4/November/knowledge-platform/knowlg-unified-service/app/controllers/content/v4/AssetController.scala. Using presentation compiler with project's scala-library version: 3.3.6
2025.11.20 15:17:58 INFO  no build target found for /Users/sanketikam4/November/knowledge-platform/knowlg-unified-service/app/controllers/content/v4/AssetController.scala. Using presentation compiler with project's scala-library version: 3.3.6
2025.11.20 15:18:23 WARN  no build target for: /Users/sanketikam4/November/knowledge-platform/knowlg-unified-service/app/controllers/content/v3/ContentController.scala
2025.11.20 15:18:23 INFO  no build target found for /Users/sanketikam4/November/knowledge-platform/knowlg-unified-service/app/controllers/content/v3/ContentController.scala. Using presentation compiler with project's scala-library version: 3.3.6
2025.11.20 15:18:23 INFO  no build target found for /Users/sanketikam4/November/knowledge-platform/knowlg-unified-service/app/controllers/content/v3/ContentController.scala. Using presentation compiler with project's scala-library version: 3.3.6
2025.11.20 15:18:27 INFO  no build target found for /Users/sanketikam4/November/knowledge-platform/knowlg-unified-service/app/controllers/content/v3/ContentController.scala. Using presentation compiler with project's scala-library version: 3.3.6
2025.11.20 15:18:27 INFO  no build target found for /Users/sanketikam4/November/knowledge-platform/knowlg-unified-service/app/controllers/content/v3/ContentController.scala. Using presentation compiler with project's scala-library version: 3.3.6
2025.11.20 15:18:28 INFO  no build target found for /Users/sanketikam4/November/knowledge-platform/knowlg-unified-service/app/controllers/content/v3/ContentController.scala. Using presentation compiler with project's scala-library version: 3.3.6
2025.11.20 15:18:29 WARN  no build target for: /Users/sanketikam4/November/knowledge-platform/knowlg-unified-service/app/controllers/content/v4/AssetController.scala
2025.11.20 15:18:29 INFO  no build target found for /Users/sanketikam4/November/knowledge-platform/knowlg-unified-service/app/controllers/content/v4/AssetController.scala. Using presentation compiler with project's scala-library version: 3.3.6
2025.11.20 15:18:29 INFO  no build target found for /Users/sanketikam4/November/knowledge-platform/knowlg-unified-service/app/controllers/content/v4/AssetController.scala. Using presentation compiler with project's scala-library version: 3.3.6
2025.11.20 15:18:37 INFO  no build target found for /Users/sanketikam4/November/knowledge-platform/knowlg-unified-service/app/controllers/content/v4/AssetController.scala. Using presentation compiler with project's scala-library version: 3.3.6
2025.11.20 15:18:37 INFO  no build target found for /Users/sanketikam4/November/knowledge-platform/knowlg-unified-service/app/controllers/content/v4/AssetController.scala. Using presentation compiler with project's scala-library version: 3.3.6
2025.11.20 15:18:38 INFO  no build target found for /Users/sanketikam4/November/knowledge-platform/knowlg-unified-service/app/controllers/content/v4/AssetController.scala. Using presentation compiler with project's scala-library version: 3.3.6
2025.11.20 15:18:40 WARN  no build target for: /Users/sanketikam4/November/knowledge-platform/knowlg-unified-service/app/controllers/assessment/v5/QuestionSetController.scala
2025.11.20 15:18:40 INFO  no build target found for /Users/sanketikam4/November/knowledge-platform/knowlg-unified-service/app/controllers/assessment/v5/QuestionSetController.scala. Using presentation compiler with project's scala-library version: 3.3.6
2025.11.20 15:18:40 INFO  no build target found for /Users/sanketikam4/November/knowledge-platform/knowlg-unified-service/app/controllers/assessment/v5/QuestionSetController.scala. Using presentation compiler with project's scala-library version: 3.3.6
2025.11.20 15:18:44 INFO  no build target found for /Users/sanketikam4/November/knowledge-platform/knowlg-unified-service/app/controllers/assessment/v5/QuestionSetController.scala. Using presentation compiler with project's scala-library version: 3.3.6
2025.11.20 15:18:44 INFO  no build target found for /Users/sanketikam4/November/knowledge-platform/knowlg-unified-service/app/controllers/assessment/v5/QuestionSetController.scala. Using presentation compiler with project's scala-library version: 3.3.6
2025.11.20 15:18:44 INFO  no build target found for /Users/sanketikam4/November/knowledge-platform/knowlg-unified-service/app/controllers/assessment/v5/QuestionSetController.scala. Using presentation compiler with project's scala-library version: 3.3.6
2025.11.20 15:18:55 WARN  no build target for: /Users/sanketikam4/November/knowledge-platform/knowlg-unified-service/app/controllers/assessment/v3/ItemSetController.scala
2025.11.20 15:18:55 INFO  no build target found for /Users/sanketikam4/November/knowledge-platform/knowlg-unified-service/app/controllers/assessment/v3/ItemSetController.scala. Using presentation compiler with project's scala-library version: 3.3.6
2025.11.20 15:18:55 INFO  no build target found for /Users/sanketikam4/November/knowledge-platform/knowlg-unified-service/app/controllers/assessment/v3/ItemSetController.scala. Using presentation compiler with project's scala-library version: 3.3.6
2025.11.20 15:19:03 WARN  no build target for: /Users/sanketikam4/November/knowledge-platform/knowlg-unified-service/app/controllers/assessment/v3/AssessmentItemController.scala
2025.11.20 15:19:03 INFO  no build target found for /Users/sanketikam4/November/knowledge-platform/knowlg-unified-service/app/controllers/assessment/v3/AssessmentItemController.scala. Using presentation compiler with project's scala-library version: 3.3.6
2025.11.20 15:19:03 INFO  no build target found for /Users/sanketikam4/November/knowledge-platform/knowlg-unified-service/app/controllers/assessment/v3/AssessmentItemController.scala. Using presentation compiler with project's scala-library version: 3.3.6
2025.11.20 15:19:24 WARN  no build target for: /Users/sanketikam4/November/knowledge-platform/knowlg-unified-service/app/utils/ActorNames.scala
2025.11.20 15:19:24 INFO  no build target found for /Users/sanketikam4/November/knowledge-platform/knowlg-unified-service/app/utils/ActorNames.scala. Using presentation compiler with project's scala-library version: 3.3.6
2025.11.20 15:19:24 INFO  no build target found for /Users/sanketikam4/November/knowledge-platform/knowlg-unified-service/app/utils/ActorNames.scala. Using presentation compiler with project's scala-library version: 3.3.6
2025.11.20 15:19:29 WARN  no build target for: /Users/sanketikam4/November/knowledge-platform/knowlg-unified-service/app/utils/ApiId.scala
2025.11.20 15:19:29 INFO  no build target found for /Users/sanketikam4/November/knowledge-platform/knowlg-unified-service/app/utils/ApiId.scala. Using presentation compiler with project's scala-library version: 3.3.6
2025.11.20 15:19:29 INFO  no build target found for /Users/sanketikam4/November/knowledge-platform/knowlg-unified-service/app/utils/ApiId.scala. Using presentation compiler with project's scala-library version: 3.3.6
2025.11.20 15:19:30 WARN  no build target for: /Users/sanketikam4/November/knowledge-platform/knowlg-unified-service/app/org/sunbird/v5/managers/AssessmentV5Manager.scala
2025.11.20 15:19:30 INFO  no build target found for /Users/sanketikam4/November/knowledge-platform/knowlg-unified-service/app/org/sunbird/v5/managers/AssessmentV5Manager.scala. Using presentation compiler with project's scala-library version: 3.3.6
2025.11.20 15:19:30 INFO  no build target found for /Users/sanketikam4/November/knowledge-platform/knowlg-unified-service/app/org/sunbird/v5/managers/AssessmentV5Manager.scala. Using presentation compiler with project's scala-library version: 3.3.6
2025.11.20 15:19:30 INFO  no build target found for /Users/sanketikam4/November/knowledge-platform/knowlg-unified-service/app/org/sunbird/v5/managers/AssessmentV5Manager.scala. Using presentation compiler with project's scala-library version: 3.3.6
2025.11.20 15:20:11 INFO  no build target found for /Users/sanketikam4/November/knowledge-platform/knowlg-unified-service/app/controllers/content/v4/EventController.scala. Using presentation compiler with project's scala-library version: 3.3.6
2025.11.20 15:20:11 WARN  no build target for: /Users/sanketikam4/November/knowledge-platform/knowlg-unified-service/app/controllers/content/v4/EventController.scala
2025.11.20 15:20:11 INFO  no build target found for /Users/sanketikam4/November/knowledge-platform/knowlg-unified-service/app/controllers/BaseController.scala. Using presentation compiler with project's scala-library version: 3.3.6
2025.11.20 15:20:11 INFO  no build target found for /Users/sanketikam4/November/knowledge-platform/knowlg-unified-service/app/org/sunbird/v5/managers/AssessmentV5Manager.scala. Using presentation compiler with project's scala-library version: 3.3.6
2025.11.20 15:20:11 INFO  no build target found for /Users/sanketikam4/November/knowledge-platform/knowlg-unified-service/app/controllers/BaseController.scala. Using presentation compiler with project's scala-library version: 3.3.6
2025.11.20 15:20:11 WARN  no build target for: /Users/sanketikam4/November/knowledge-platform/knowlg-unified-service/app/controllers/BaseController.scala
2025.11.20 15:20:11 INFO  no build target found for /Users/sanketikam4/November/knowledge-platform/knowlg-unified-service/app/controllers/BaseController.scala. Using presentation compiler with project's scala-library version: 3.3.6
2025.11.20 15:20:11 INFO  no build target found for /Users/sanketikam4/November/knowledge-platform/knowlg-unified-service/app/org/sunbird/v5/managers/AssessmentV5Manager.scala. Using presentation compiler with project's scala-library version: 3.3.6
Nov 20, 2025 3:20:14 PM org.eclipse.lsp4j.jsonrpc.RemoteEndpoint handleNotification
WARNING: Notification threw an exception: {
  "jsonrpc": "2.0",
  "method": "metals/didFocusTextDocument",
  "params": [
    "chat-editing-snapshot-text-model:/Users/sanketikam4/November/knowledge-platform/knowlg-unified-service/app/controllers/BaseController.scala?%7B%22sessionId%22%3A%22f0b397fd-3f05-4130-8cce-93e2b6a6fb9b%22%2C%22requestId%22%3A%22request_f2dd0736-5600-43a2-b963-803c26e7c3d7%22%2C%22undoStop%22%3A%22__epoch_9007199254740991%22%7D"
  ]
}
java.nio.file.FileSystemNotFoundException: Provider "chat-editing-snapshot-text-model" not installed
	at java.base/java.nio.file.Path.of(Path.java:212)
	at java.base/java.nio.file.Paths.get(Paths.java:98)
	at scala.meta.internal.mtags.MtagsEnrichments$XtensionURIMtags.toAbsolutePath(MtagsEnrichments.scala:149)
	at scala.meta.internal.mtags.MtagsEnrichments$XtensionStringMtags.toAbsolutePath(MtagsEnrichments.scala:209)
	at scala.meta.internal.metals.MetalsEnrichments$XtensionString.toAbsolutePath(MetalsEnrichments.scala:796)
	at scala.meta.internal.metals.MetalsEnrichments$XtensionString.toAbsolutePath(MetalsEnrichments.scala:793)
	at scala.meta.internal.metals.WorkspaceLspService.didFocus(WorkspaceLspService.scala:786)
	at scala.meta.metals.lsp.DelegatingScalaService.didFocus(DelegatingScalaService.scala:42)
	at jdk.internal.reflect.GeneratedMethodAccessor12.invoke(Unknown Source)
	at java.base/jdk.internal.reflect.DelegatingMethodAccessorImpl.invoke(DelegatingMethodAccessorImpl.java:43)
	at java.base/java.lang.reflect.Method.invoke(Method.java:569)
	at org.eclipse.lsp4j.jsonrpc.services.GenericEndpoint.lambda$recursiveFindRpcMethods$0(GenericEndpoint.java:65)
	at org.eclipse.lsp4j.jsonrpc.services.GenericEndpoint.notify(GenericEndpoint.java:160)
	at org.eclipse.lsp4j.jsonrpc.RemoteEndpoint.handleNotification(RemoteEndpoint.java:231)
	at org.eclipse.lsp4j.jsonrpc.RemoteEndpoint.consume(RemoteEndpoint.java:198)
	at org.eclipse.lsp4j.jsonrpc.json.StreamMessageProducer.handleMessage(StreamMessageProducer.java:185)
	at org.eclipse.lsp4j.jsonrpc.json.StreamMessageProducer.listen(StreamMessageProducer.java:97)
	at org.eclipse.lsp4j.jsonrpc.json.ConcurrentMessageProcessor.run(ConcurrentMessageProcessor.java:114)
	at java.base/java.util.concurrent.Executors$RunnableAdapter.call(Executors.java:539)
	at java.base/java.util.concurrent.FutureTask.run(FutureTask.java:264)
	at java.base/java.util.concurrent.ThreadPoolExecutor.runWorker(ThreadPoolExecutor.java:1136)
	at java.base/java.util.concurrent.ThreadPoolExecutor$Worker.run(ThreadPoolExecutor.java:635)
	at java.base/java.lang.Thread.run(Thread.java:840)

2025.11.20 15:22:24 WARN  no build target for: /Users/sanketikam4/November/knowledge-platform/ontology-engine/graph-dac-api/src/main/java/org/sunbird/graph/service/util/GraphQueryGenerationUtil.java
2025.11.20 15:22:25 INFO  no build target found for /Users/sanketikam4/November/knowledge-platform/ontology-engine/graph-dac-api/src/main/java/org/sunbird/graph/service/util/GraphQueryGenerationUtil.java. Using fallback presentation compiler.
2025.11.20 15:22:24 WARN  no build target for: /Users/sanketikam4/November/knowledge-platform/platform-modules/url-manager/src/main/java/org/sunbird/url/mgr/IURLManager.java
2025.11.20 15:22:25 INFO  no build target found for /Users/sanketikam4/November/knowledge-platform/platform-modules/url-manager/src/main/java/org/sunbird/url/mgr/IURLManager.java. Using fallback presentation compiler.
2025.11.20 15:22:25 WARN  no build target for: /Users/sanketikam4/November/knowledge-platform/search-api/search-service/app/managers/SearchManager.java
2025.11.20 15:22:25 WARN  no build target for: /Users/sanketikam4/November/knowledge-platform/ontology-engine/graph-dac-api/src/main/java/org/sunbird/graph/service/util/GraphQueryGenerationUtil.java
2025.11.20 15:22:25 INFO  no build target found for /Users/sanketikam4/November/knowledge-platform/search-api/search-service/app/managers/SearchManager.java. Using fallback presentation compiler.
2025.11.20 15:22:25 INFO  no build target found for /Users/sanketikam4/November/knowledge-platform/ontology-engine/graph-dac-api/src/main/java/org/sunbird/graph/service/util/GraphQueryGenerationUtil.java. Using fallback presentation compiler.
2025.11.20 15:23:11 INFO  no build target found for /Users/sanketikam4/November/knowledge-platform/knowlg-unified-service/app/controllers/content/v4/EventController.scala. Using presentation compiler with project's scala-library version: 3.3.6
2025.11.20 15:24:35 INFO  no build target found for /Users/sanketikam4/November/knowledge-platform/knowlg-unified-service/app/controllers/content/v4/EventController.scala. Using presentation compiler with project's scala-library version: 3.3.6
2025.11.20 15:24:35 WARN  no build target for: /Users/sanketikam4/November/knowledge-platform/knowlg-unified-service/app/controllers/content/v4/EventController.scala
2025.11.20 15:27:35 INFO  no build target found for /Users/sanketikam4/November/knowledge-platform/knowlg-unified-service/app/controllers/content/v4/EventController.scala. Using presentation compiler with project's scala-library version: 3.3.6
2025.11.20 15:30:25 WARN  no build target for: /Users/sanketikam4/November/knowledge-platform/knowlg-unified-service/app/org/sunbird/actors/assessment/HealthActor.scala
2025.11.20 15:30:25 INFO  no build target found for /Users/sanketikam4/November/knowledge-platform/knowlg-unified-service/app/org/sunbird/actors/assessment/HealthActor.scala. Using presentation compiler with project's scala-library version: 3.3.6
2025.11.20 15:30:25 INFO  no build target found for /Users/sanketikam4/November/knowledge-platform/knowlg-unified-service/app/org/sunbird/actors/assessment/HealthActor.scala. Using presentation compiler with project's scala-library version: 3.3.6
2025.11.20 15:30:26 WARN  no build target for: /Users/sanketikam4/November/knowledge-platform/knowlg-unified-service/app/org/sunbird/actors/assessment/AssessmentItemActor.scala
2025.11.20 15:30:26 INFO  no build target found for /Users/sanketikam4/November/knowledge-platform/knowlg-unified-service/app/org/sunbird/actors/assessment/AssessmentItemActor.scala. Using presentation compiler with project's scala-library version: 3.3.6
2025.11.20 15:30:26 INFO  no build target found for /Users/sanketikam4/November/knowledge-platform/knowlg-unified-service/app/org/sunbird/actors/assessment/AssessmentItemActor.scala. Using presentation compiler with project's scala-library version: 3.3.6
2025.11.20 15:30:26 INFO  no build target found for /Users/sanketikam4/November/knowledge-platform/knowlg-unified-service/app/org/sunbird/actors/assessment/AssessmentItemActor.scala. Using presentation compiler with project's scala-library version: 3.3.6
2025.11.20 15:30:26 INFO  no build target found for /Users/sanketikam4/November/knowledge-platform/knowlg-unified-service/app/org/sunbird/actors/assessment/AssessmentItemActor.scala. Using presentation compiler with project's scala-library version: 3.3.6
2025.11.20 15:30:28 INFO  no build target found for /Users/sanketikam4/November/knowledge-platform/knowlg-unified-service/app/org/sunbird/actors/assessment/AssessmentItemActor.scala. Using presentation compiler with project's scala-library version: 3.3.6
2025.11.20 15:30:37 INFO  no build target found for /Users/sanketikam4/November/knowledge-platform/knowlg-unified-service/app/org/sunbird/actors/assessment/AssessmentItemActor.scala. Using presentation compiler with project's scala-library version: 3.3.6
2025.11.20 15:30:37 INFO  no build target found for /Users/sanketikam4/November/knowledge-platform/knowlg-unified-service/app/org/sunbird/actors/assessment/AssessmentItemActor.scala. Using presentation compiler with project's scala-library version: 3.3.6
2025.11.20 15:30:39 INFO  no build target found for /Users/sanketikam4/November/knowledge-platform/knowlg-unified-service/app/org/sunbird/actors/assessment/AssessmentItemActor.scala. Using presentation compiler with project's scala-library version: 3.3.6
2025.11.20 15:30:45 WARN  no build target for: /Users/sanketikam4/November/knowledge-platform/knowlg-unified-service/app/org/sunbird/actors/assessment/HealthActor.scala
2025.11.20 15:30:45 INFO  no build target found for /Users/sanketikam4/November/knowledge-platform/knowlg-unified-service/app/org/sunbird/actors/assessment/HealthActor.scala. Using presentation compiler with project's scala-library version: 3.3.6
2025.11.20 15:30:45 INFO  no build target found for /Users/sanketikam4/November/knowledge-platform/knowlg-unified-service/app/org/sunbird/actors/assessment/HealthActor.scala. Using presentation compiler with project's scala-library version: 3.3.6
2025.11.20 15:30:45 INFO  no build target found for /Users/sanketikam4/November/knowledge-platform/knowlg-unified-service/app/org/sunbird/actors/assessment/HealthActor.scala. Using presentation compiler with project's scala-library version: 3.3.6
2025.11.20 15:30:45 INFO  no build target found for /Users/sanketikam4/November/knowledge-platform/knowlg-unified-service/app/org/sunbird/actors/assessment/HealthActor.scala. Using presentation compiler with project's scala-library version: 3.3.6
2025.11.20 15:30:49 INFO  no build target found for /Users/sanketikam4/November/knowledge-platform/knowlg-unified-service/app/org/sunbird/actors/assessment/HealthActor.scala. Using presentation compiler with project's scala-library version: 3.3.6
2025.11.20 15:30:49 WARN  no build target for: /Users/sanketikam4/November/knowledge-platform/knowlg-unified-service/app/org/sunbird/actors/assessment/ItemSetActor.scala
2025.11.20 15:30:49 INFO  no build target found for /Users/sanketikam4/November/knowledge-platform/knowlg-unified-service/app/org/sunbird/actors/assessment/ItemSetActor.scala. Using presentation compiler with project's scala-library version: 3.3.6
2025.11.20 15:30:50 INFO  no build target found for /Users/sanketikam4/November/knowledge-platform/knowlg-unified-service/app/org/sunbird/actors/assessment/ItemSetActor.scala. Using presentation compiler with project's scala-library version: 3.3.6
2025.11.20 15:30:50 INFO  no build target found for /Users/sanketikam4/November/knowledge-platform/knowlg-unified-service/app/org/sunbird/actors/assessment/ItemSetActor.scala. Using presentation compiler with project's scala-library version: 3.3.6
2025.11.20 15:30:50 INFO  no build target found for /Users/sanketikam4/November/knowledge-platform/knowlg-unified-service/app/org/sunbird/actors/assessment/ItemSetActor.scala. Using presentation compiler with project's scala-library version: 3.3.6
2025.11.20 15:30:50 INFO  no build target found for /Users/sanketikam4/November/knowledge-platform/knowlg-unified-service/app/org/sunbird/actors/assessment/ItemSetActor.scala. Using presentation compiler with project's scala-library version: 3.3.6
2025.11.20 15:30:54 INFO  no build target found for /Users/sanketikam4/November/knowledge-platform/knowlg-unified-service/app/org/sunbird/actors/assessment/ItemSetActor.scala. Using presentation compiler with project's scala-library version: 3.3.6
2025.11.20 15:30:54 INFO  no build target found for /Users/sanketikam4/November/knowledge-platform/knowlg-unified-service/app/org/sunbird/actors/assessment/ItemSetActor.scala. Using presentation compiler with project's scala-library version: 3.3.6
2025.11.20 15:31:05 WARN  no build target for: /Users/sanketikam4/November/knowledge-platform/knowlg-unified-service/app/org/sunbird/actors/assessment/QuestionActor.scala
2025.11.20 15:31:05 INFO  no build target found for /Users/sanketikam4/November/knowledge-platform/knowlg-unified-service/app/org/sunbird/actors/assessment/QuestionActor.scala. Using presentation compiler with project's scala-library version: 3.3.6
2025.11.20 15:31:05 INFO  no build target found for /Users/sanketikam4/November/knowledge-platform/knowlg-unified-service/app/org/sunbird/actors/assessment/QuestionActor.scala. Using presentation compiler with project's scala-library version: 3.3.6
2025.11.20 15:31:05 INFO  no build target found for /Users/sanketikam4/November/knowledge-platform/knowlg-unified-service/app/org/sunbird/actors/assessment/QuestionActor.scala. Using presentation compiler with project's scala-library version: 3.3.6
2025.11.20 15:31:08 INFO  no build target found for /Users/sanketikam4/November/knowledge-platform/knowlg-unified-service/app/org/sunbird/actors/assessment/QuestionActor.scala. Using presentation compiler with project's scala-library version: 3.3.6
2025.11.20 15:31:11 INFO  no build target found for /Users/sanketikam4/November/knowledge-platform/knowlg-unified-service/app/org/sunbird/actors/assessment/QuestionActor.scala. Using presentation compiler with project's scala-library version: 3.3.6
2025.11.20 15:31:14 INFO  no build target found for /Users/sanketikam4/November/knowledge-platform/knowlg-unified-service/app/org/sunbird/actors/assessment/QuestionActor.scala. Using presentation compiler with project's scala-library version: 3.3.6
2025.11.20 15:31:15 WARN  no build target for: /Users/sanketikam4/November/knowledge-platform/knowlg-unified-service/app/org/sunbird/actors/assessment/QuestionSetActor.scala
2025.11.20 15:31:15 INFO  no build target found for /Users/sanketikam4/November/knowledge-platform/knowlg-unified-service/app/org/sunbird/actors/assessment/QuestionSetActor.scala. Using presentation compiler with project's scala-library version: 3.3.6
2025.11.20 15:31:15 INFO  no build target found for /Users/sanketikam4/November/knowledge-platform/knowlg-unified-service/app/org/sunbird/actors/assessment/QuestionSetActor.scala. Using presentation compiler with project's scala-library version: 3.3.6
2025.11.20 15:31:15 INFO  no build target found for /Users/sanketikam4/November/knowledge-platform/knowlg-unified-service/app/org/sunbird/actors/assessment/QuestionSetActor.scala. Using presentation compiler with project's scala-library version: 3.3.6
2025.11.20 15:31:15 INFO  no build target found for /Users/sanketikam4/November/knowledge-platform/knowlg-unified-service/app/org/sunbird/actors/assessment/QuestionSetActor.scala. Using presentation compiler with project's scala-library version: 3.3.6
2025.11.20 15:31:15 INFO  no build target found for /Users/sanketikam4/November/knowledge-platform/knowlg-unified-service/app/org/sunbird/actors/assessment/QuestionSetActor.scala. Using presentation compiler with project's scala-library version: 3.3.6
2025.11.20 15:31:22 INFO  no build target found for /Users/sanketikam4/November/knowledge-platform/knowlg-unified-service/app/org/sunbird/actors/assessment/QuestionSetActor.scala. Using presentation compiler with project's scala-library version: 3.3.6
2025.11.20 15:31:26 INFO  no build target found for /Users/sanketikam4/November/knowledge-platform/knowlg-unified-service/app/org/sunbird/actors/assessment/QuestionSetActor.scala. Using presentation compiler with project's scala-library version: 3.3.6
2025.11.20 15:31:28 INFO  no build target found for /Users/sanketikam4/November/knowledge-platform/knowlg-unified-service/app/org/sunbird/actors/assessment/QuestionSetActor.scala. Using presentation compiler with project's scala-library version: 3.3.6
2025.11.20 15:31:30 INFO  no build target found for /Users/sanketikam4/November/knowledge-platform/knowlg-unified-service/app/org/sunbird/actors/assessment/QuestionSetActor.scala. Using presentation compiler with project's scala-library version: 3.3.6
Nov 20, 2025 3:31:30 PM org.eclipse.lsp4j.jsonrpc.RemoteEndpoint handleCancellation
WARNING: Unmatched cancel notification for request id 588
2025.11.20 15:31:31 INFO  no build target found for /Users/sanketikam4/November/knowledge-platform/knowlg-unified-service/app/org/sunbird/actors/assessment/QuestionSetActor.scala. Using presentation compiler with project's scala-library version: 3.3.6
2025.11.20 15:32:15 INFO  no build target found for /Users/sanketikam4/November/knowledge-platform/knowlg-unified-service/app/org/sunbird/actors/assessment/QuestionSetActor.scala. Using presentation compiler with project's scala-library version: 3.3.6
2025.11.20 15:32:39 INFO  no build target found for /Users/sanketikam4/November/knowledge-platform/knowlg-unified-service/app/org/sunbird/actors/assessment/QuestionSetActor.scala. Using presentation compiler with project's scala-library version: 3.3.6
2025.11.20 15:54:36 INFO  no build target found for /Users/sanketikam4/November/knowledge-platform/knowlg-unified-service/app/org/sunbird/actors/assessment/QuestionSetActor.scala. Using presentation compiler with project's scala-library version: 3.3.6
2025.11.20 16:00:09 WARN  no build target for: /Users/sanketikam4/November/knowledge-platform/knowlg-unified-service/app/org/sunbird/managers/assessment/CopyManager.scala
2025.11.20 16:00:09 INFO  no build target found for /Users/sanketikam4/November/knowledge-platform/knowlg-unified-service/app/org/sunbird/managers/assessment/CopyManager.scala. Using presentation compiler with project's scala-library version: 3.3.6
2025.11.20 16:00:09 INFO  no build target found for /Users/sanketikam4/November/knowledge-platform/knowlg-unified-service/app/org/sunbird/managers/assessment/CopyManager.scala. Using presentation compiler with project's scala-library version: 3.3.6
2025.11.20 16:00:09 INFO  no build target found for /Users/sanketikam4/November/knowledge-platform/knowlg-unified-service/app/org/sunbird/managers/assessment/CopyManager.scala. Using presentation compiler with project's scala-library version: 3.3.6
2025.11.20 16:00:09 INFO  no build target found for /Users/sanketikam4/November/knowledge-platform/knowlg-unified-service/app/org/sunbird/managers/assessment/CopyManager.scala. Using presentation compiler with project's scala-library version: 3.3.6
2025.11.20 16:00:29 WARN  no build target for: /Users/sanketikam4/November/knowledge-platform/knowlg-unified-service/app/org/sunbird/managers/assessment/HierarchyManager.scala
2025.11.20 16:00:29 INFO  no build target found for /Users/sanketikam4/November/knowledge-platform/knowlg-unified-service/app/org/sunbird/managers/assessment/HierarchyManager.scala. Using presentation compiler with project's scala-library version: 3.3.6
2025.11.20 16:00:29 INFO  no build target found for /Users/sanketikam4/November/knowledge-platform/knowlg-unified-service/app/org/sunbird/managers/assessment/HierarchyManager.scala. Using presentation compiler with project's scala-library version: 3.3.6
2025.11.20 16:00:29 INFO  no build target found for /Users/sanketikam4/November/knowledge-platform/knowlg-unified-service/app/org/sunbird/managers/assessment/HierarchyManager.scala. Using presentation compiler with project's scala-library version: 3.3.6
2025.11.20 16:00:31 WARN  no build target for: /Users/sanketikam4/November/knowledge-platform/knowlg-unified-service/app/org/sunbird/managers/assessment/UpdateHierarchyManager.scala
2025.11.20 16:00:31 INFO  no build target found for /Users/sanketikam4/November/knowledge-platform/knowlg-unified-service/app/org/sunbird/managers/assessment/UpdateHierarchyManager.scala. Using presentation compiler with project's scala-library version: 3.3.6
2025.11.20 16:00:32 INFO  no build target found for /Users/sanketikam4/November/knowledge-platform/knowlg-unified-service/app/org/sunbird/managers/assessment/UpdateHierarchyManager.scala. Using presentation compiler with project's scala-library version: 3.3.6
2025.11.20 16:00:32 INFO  no build target found for /Users/sanketikam4/November/knowledge-platform/knowlg-unified-service/app/org/sunbird/managers/assessment/UpdateHierarchyManager.scala. Using presentation compiler with project's scala-library version: 3.3.6
2025.11.20 16:00:33 WARN  no build target for: /Users/sanketikam4/November/knowledge-platform/knowlg-unified-service/app/org/sunbird/managers/assessment/HierarchyManager.scala
2025.11.20 16:00:33 INFO  no build target found for /Users/sanketikam4/November/knowledge-platform/knowlg-unified-service/app/org/sunbird/managers/assessment/HierarchyManager.scala. Using presentation compiler with project's scala-library version: 3.3.6
2025.11.20 16:00:34 INFO  no build target found for /Users/sanketikam4/November/knowledge-platform/knowlg-unified-service/app/org/sunbird/managers/assessment/HierarchyManager.scala. Using presentation compiler with project's scala-library version: 3.3.6
2025.11.20 16:00:40 WARN  no build target for: /Users/sanketikam4/November/knowledge-platform/knowlg-unified-service/app/org/sunbird/managers/assessment/UpdateHierarchyManager.scala
2025.11.20 16:00:40 INFO  no build target found for /Users/sanketikam4/November/knowledge-platform/knowlg-unified-service/app/org/sunbird/managers/assessment/UpdateHierarchyManager.scala. Using presentation compiler with project's scala-library version: 3.3.6
2025.11.20 16:00:40 INFO  no build target found for /Users/sanketikam4/November/knowledge-platform/knowlg-unified-service/app/org/sunbird/managers/assessment/UpdateHierarchyManager.scala. Using presentation compiler with project's scala-library version: 3.3.6
2025.11.20 16:00:46 WARN  no build target for: /Users/sanketikam4/November/knowledge-platform/knowlg-unified-service/app/org/sunbird/search/util/SearchConstants.java
2025.11.20 16:00:46 INFO  no build target found for /Users/sanketikam4/November/knowledge-platform/knowlg-unified-service/app/org/sunbird/search/util/SearchConstants.java. Using fallback presentation compiler.
2025.11.20 16:00:46 INFO  no build target found for /Users/sanketikam4/November/knowledge-platform/knowlg-unified-service/app/org/sunbird/search/util/SearchConstants.java. Using fallback presentation compiler.
2025.11.20 16:00:47 INFO  no build target found for /Users/sanketikam4/November/knowledge-platform/knowlg-unified-service/app/org/sunbird/search/util/SearchConstants.java. Using fallback presentation compiler.
2025.11.20 16:00:52 INFO  no build target found for /Users/sanketikam4/November/knowledge-platform/knowlg-unified-service/app/org/sunbird/managers/assessment/UpdateHierarchyManager.scala. Using presentation compiler with project's scala-library version: 3.3.6
2025.11.20 16:00:52 WARN  no build target for: /Users/sanketikam4/November/knowledge-platform/knowlg-unified-service/app/org/sunbird/managers/assessment/UpdateHierarchyManager.scala
2025.11.20 16:00:52 INFO  no build target found for /Users/sanketikam4/November/knowledge-platform/knowlg-unified-service/app/org/sunbird/managers/assessment/UpdateHierarchyManager.scala. Using presentation compiler with project's scala-library version: 3.3.6
2025.11.20 16:00:54 WARN  no build target for: /Users/sanketikam4/November/knowledge-platform/knowlg-unified-service/app/org/sunbird/managers/assessment/HierarchyManager.scala
2025.11.20 16:00:54 INFO  no build target found for /Users/sanketikam4/November/knowledge-platform/knowlg-unified-service/app/org/sunbird/managers/assessment/HierarchyManager.scala. Using presentation compiler with project's scala-library version: 3.3.6
2025.11.20 16:00:54 INFO  no build target found for /Users/sanketikam4/November/knowledge-platform/knowlg-unified-service/app/org/sunbird/managers/assessment/HierarchyManager.scala. Using presentation compiler with project's scala-library version: 3.3.6
2025.11.20 16:02:06 INFO  no build target found for /Users/sanketikam4/November/knowledge-platform/knowlg-unified-service/app/org/sunbird/managers/assessment/HierarchyManager.scala. Using presentation compiler with project's scala-library version: 3.3.6
2025.11.20 16:02:10 INFO  no build target found for /Users/sanketikam4/November/knowledge-platform/knowlg-unified-service/app/org/sunbird/managers/assessment/HierarchyManager.scala. Using presentation compiler with project's scala-library version: 3.3.6
2025.11.20 16:16:54 INFO  no build target found for /Users/sanketikam4/November/knowledge-platform/knowlg-unified-service/app/org/sunbird/managers/assessment/HierarchyManager.scala. Using presentation compiler with project's scala-library version: 3.3.6
2025.11.20 16:17:10 INFO  no build target found for /Users/sanketikam4/November/knowledge-platform/knowlg-unified-service/app/org/sunbird/managers/assessment/HierarchyManager.scala. Using presentation compiler with project's scala-library version: 3.3.6
2025.11.20 16:17:34 INFO  no build target found for /Users/sanketikam4/November/knowledge-platform/knowlg-unified-service/app/org/sunbird/managers/assessment/HierarchyManager.scala. Using presentation compiler with project's scala-library version: 3.3.6
2025.11.20 16:19:37 INFO  no build target found for /Users/sanketikam4/November/knowledge-platform/knowlg-unified-service/app/org/sunbird/managers/assessment/HierarchyManager.scala. Using presentation compiler with project's scala-library version: 3.3.6
2025.11.20 16:20:52 INFO  no build target found for /Users/sanketikam4/November/knowledge-platform/knowlg-unified-service/app/org/sunbird/managers/assessment/HierarchyManager.scala. Using presentation compiler with project's scala-library version: 3.3.6
2025.11.20 16:21:41 INFO  no build target found for /Users/sanketikam4/November/knowledge-platform/knowlg-unified-service/app/org/sunbird/managers/assessment/HierarchyManager.scala. Using presentation compiler with project's scala-library version: 3.3.6
2025.11.20 16:22:31 INFO  no build target found for /Users/sanketikam4/November/knowledge-platform/knowlg-unified-service/app/org/sunbird/managers/assessment/HierarchyManager.scala. Using presentation compiler with project's scala-library version: 3.3.6
2025.11.20 16:27:44 INFO  no build target found for /Users/sanketikam4/November/knowledge-platform/knowlg-unified-service/app/org/sunbird/managers/assessment/HierarchyManager.scala. Using presentation compiler with project's scala-library version: 3.3.6
2025.11.20 16:28:53 INFO  no build target found for /Users/sanketikam4/November/knowledge-platform/knowlg-unified-service/app/org/sunbird/managers/assessment/HierarchyManager.scala. Using presentation compiler with project's scala-library version: 3.3.6
2025.11.20 16:28:55 INFO  no build target found for /Users/sanketikam4/November/knowledge-platform/knowlg-unified-service/app/org/sunbird/managers/assessment/HierarchyManager.scala. Using presentation compiler with project's scala-library version: 3.3.6
2025.11.20 16:28:55 INFO  no build target found for /Users/sanketikam4/November/knowledge-platform/knowlg-unified-service/app/org/sunbird/managers/assessment/HierarchyManager.scala. Using presentation compiler with project's scala-library version: 3.3.6
Nov 20, 2025 4:29:22 PM org.eclipse.lsp4j.jsonrpc.services.GenericEndpoint notify
INFO: Unsupported notification method: $/setTrace
2025.11.20 16:29:30 INFO  no build target found for /Users/sanketikam4/November/knowledge-platform/knowlg-unified-service/app/org/sunbird/managers/assessment/HierarchyManager.scala. Using presentation compiler with project's scala-library version: 3.3.6
2025.11.20 16:33:01 INFO  no build target found for /Users/sanketikam4/November/knowledge-platform/knowlg-unified-service/app/org/sunbird/managers/assessment/HierarchyManager.scala. Using presentation compiler with project's scala-library version: 3.3.6
2025.11.20 16:33:01 INFO  no build target found for /Users/sanketikam4/November/knowledge-platform/knowlg-unified-service/app/org/sunbird/managers/assessment/HierarchyManager.scala. Using presentation compiler with project's scala-library version: 3.3.6
2025.11.20 16:33:01 INFO  no build target found for /Users/sanketikam4/November/knowledge-platform/knowlg-unified-service/app/org/sunbird/managers/assessment/HierarchyManager.scala. Using presentation compiler with project's scala-library version: 3.3.6
2025.11.20 16:33:03 INFO  no build target found for /Users/sanketikam4/November/knowledge-platform/knowlg-unified-service/app/org/sunbird/managers/assessment/HierarchyManager.scala. Using presentation compiler with project's scala-library version: 3.3.6
2025.11.20 16:33:08 INFO  no build target found for /Users/sanketikam4/November/knowledge-platform/knowlg-unified-service/app/org/sunbird/managers/assessment/HierarchyManager.scala. Using presentation compiler with project's scala-library version: 3.3.6
2025.11.20 16:52:56 INFO  no build target found for /Users/sanketikam4/November/knowledge-platform/knowlg-unified-service/app/org/sunbird/managers/assessment/HierarchyManager.scala. Using presentation compiler with project's scala-library version: 3.3.6
2025.11.20 16:52:56 INFO  no build target found for /Users/sanketikam4/November/knowledge-platform/knowlg-unified-service/app/org/sunbird/managers/assessment/HierarchyManager.scala. Using presentation compiler with project's scala-library version: 3.3.6
2025.11.20 16:53:03 WARN  no build target for: /Users/sanketikam4/November/knowledge-platform/knowlg-unified-service/app/utils/ApiId.scala
2025.11.20 16:53:03 INFO  no build target found for /Users/sanketikam4/November/knowledge-platform/knowlg-unified-service/app/utils/ApiId.scala. Using presentation compiler with project's scala-library version: 3.3.6
2025.11.20 16:53:03 INFO  no build target found for /Users/sanketikam4/November/knowledge-platform/knowlg-unified-service/app/utils/ApiId.scala. Using presentation compiler with project's scala-library version: 3.3.6
2025.11.20 16:53:04 INFO  no build target found for /Users/sanketikam4/November/knowledge-platform/knowlg-unified-service/app/utils/ApiId.scala. Using presentation compiler with project's scala-library version: 3.3.6
2025.11.20 16:53:10 INFO  no build target found for /Users/sanketikam4/November/knowledge-platform/knowlg-unified-service/app/utils/ApiId.scala. Using presentation compiler with project's scala-library version: 3.3.6
2025.11.20 16:56:06 INFO  no build target found for /Users/sanketikam4/November/knowledge-platform/knowlg-unified-service/app/utils/ApiId.scala. Using presentation compiler with project's scala-library version: 3.3.6
2025.11.20 16:56:07 INFO  no build target found for /Users/sanketikam4/November/knowledge-platform/knowlg-unified-service/app/utils/ApiId.scala. Using presentation compiler with project's scala-library version: 3.3.6
2025.11.20 16:56:07 INFO  no build target found for /Users/sanketikam4/November/knowledge-platform/knowlg-unified-service/app/utils/ApiId.scala. Using presentation compiler with project's scala-library version: 3.3.6
2025.11.20 17:06:47 INFO  no build target found for /Users/sanketikam4/November/knowledge-platform/knowlg-unified-service/app/utils/ApiId.scala. Using presentation compiler with project's scala-library version: 3.3.6
2025.11.20 17:06:47 INFO  no build target found for /Users/sanketikam4/November/knowledge-platform/knowlg-unified-service/app/utils/ApiId.scala. Using presentation compiler with project's scala-library version: 3.3.6
2025.11.20 17:06:49 WARN  no build target for: /Users/sanketikam4/November/knowledge-platform/knowlg-unified-service/app/org/sunbird/managers/assessment/UpdateHierarchyManager.scala
2025.11.20 17:06:49 INFO  no build target found for /Users/sanketikam4/November/knowledge-platform/knowlg-unified-service/app/org/sunbird/managers/assessment/UpdateHierarchyManager.scala. Using presentation compiler with project's scala-library version: 3.3.6
2025.11.20 17:06:49 INFO  no build target found for /Users/sanketikam4/November/knowledge-platform/knowlg-unified-service/app/org/sunbird/managers/assessment/UpdateHierarchyManager.scala. Using presentation compiler with project's scala-library version: 3.3.6
2025.11.20 17:06:50 INFO  no build target found for /Users/sanketikam4/November/knowledge-platform/knowlg-unified-service/app/org/sunbird/managers/assessment/UpdateHierarchyManager.scala. Using presentation compiler with project's scala-library version: 3.3.6
2025.11.20 17:06:50 INFO  no build target found for /Users/sanketikam4/November/knowledge-platform/knowlg-unified-service/app/org/sunbird/managers/assessment/UpdateHierarchyManager.scala. Using presentation compiler with project's scala-library version: 3.3.6
2025.11.20 17:06:51 INFO  no build target found for /Users/sanketikam4/November/knowledge-platform/knowlg-unified-service/app/org/sunbird/managers/assessment/UpdateHierarchyManager.scala. Using presentation compiler with project's scala-library version: 3.3.6
2025.11.20 17:06:51 INFO  no build target found for /Users/sanketikam4/November/knowledge-platform/knowlg-unified-service/app/org/sunbird/managers/assessment/UpdateHierarchyManager.scala. Using presentation compiler with project's scala-library version: 3.3.6
2025.11.20 17:48:02 INFO  no build target found for /Users/sanketikam4/November/knowledge-platform/knowlg-unified-service/app/org/sunbird/managers/assessment/UpdateHierarchyManager.scala. Using presentation compiler with project's scala-library version: 3.3.6
2025.11.20 17:48:47 WARN  no build target for: /Users/sanketikam4/November/knowledge-platform/knowlg-unified-service/app/org/sunbird/managers/assessment/HierarchyManager.scala
2025.11.20 17:48:47 INFO  no build target found for /Users/sanketikam4/November/knowledge-platform/knowlg-unified-service/app/org/sunbird/managers/assessment/HierarchyManager.scala. Using presentation compiler with project's scala-library version: 3.3.6
2025.11.20 17:48:47 INFO  no build target found for /Users/sanketikam4/November/knowledge-platform/knowlg-unified-service/app/org/sunbird/managers/assessment/HierarchyManager.scala. Using presentation compiler with project's scala-library version: 3.3.6
2025.11.20 17:48:47 INFO  no build target found for /Users/sanketikam4/November/knowledge-platform/knowlg-unified-service/app/org/sunbird/managers/assessment/HierarchyManager.scala. Using presentation compiler with project's scala-library version: 3.3.6
2025.11.20 17:50:17 INFO  no build target found for /Users/sanketikam4/November/knowledge-platform/knowlg-unified-service/app/org/sunbird/managers/assessment/HierarchyManager.scala. Using presentation compiler with project's scala-library version: 3.3.6
2025.11.20 17:50:29 INFO  no build target found for /Users/sanketikam4/November/knowledge-platform/knowlg-unified-service/app/org/sunbird/managers/assessment/HierarchyManager.scala. Using presentation compiler with project's scala-library version: 3.3.6
2025.11.20 17:51:23 INFO  no build target found for /Users/sanketikam4/November/knowledge-platform/knowlg-unified-service/app/org/sunbird/managers/assessment/HierarchyManager.scala. Using presentation compiler with project's scala-library version: 3.3.6
2025.11.20 17:51:35 INFO  no build target found for /Users/sanketikam4/November/knowledge-platform/knowlg-unified-service/app/org/sunbird/managers/assessment/HierarchyManager.scala. Using presentation compiler with project's scala-library version: 3.3.6
2025.11.20 17:51:49 INFO  no build target found for /Users/sanketikam4/November/knowledge-platform/knowlg-unified-service/app/org/sunbird/managers/assessment/HierarchyManager.scala. Using presentation compiler with project's scala-library version: 3.3.6
2025.11.20 17:53:20 INFO  no build target found for /Users/sanketikam4/November/knowledge-platform/knowlg-unified-service/app/org/sunbird/managers/assessment/HierarchyManager.scala. Using presentation compiler with project's scala-library version: 3.3.6
2025.11.20 17:56:51 INFO  no build target found for /Users/sanketikam4/November/knowledge-platform/knowlg-unified-service/app/org/sunbird/managers/assessment/HierarchyManager.scala. Using presentation compiler with project's scala-library version: 3.3.6
2025.11.20 17:59:46 INFO  no build target found for /Users/sanketikam4/November/knowledge-platform/knowlg-unified-service/app/org/sunbird/managers/assessment/HierarchyManager.scala. Using presentation compiler with project's scala-library version: 3.3.6
2025.11.21 13:15:48 INFO  no build target found for /Users/sanketikam4/November/knowledge-platform/knowlg-unified-service/app/org/sunbird/managers/assessment/HierarchyManager.scala. Using presentation compiler with project's scala-library version: 3.3.6
2025.11.21 17:02:53 INFO  no build target found for /Users/sanketikam4/November/knowledge-platform/knowlg-unified-service/app/org/sunbird/managers/assessment/HierarchyManager.scala. Using presentation compiler with project's scala-library version: 3.3.6
2025.11.21 17:03:02 WARN  no build target for: /Users/sanketikam4/November/knowledge-platform/knowlg-unified-service/app/controllers/content/v4/AssetController.scala
2025.11.21 17:03:02 WARN  no build target for: /Users/sanketikam4/November/knowledge-platform/knowlg-unified-service/app/controllers/content/v3/ContentController.scala
2025.11.21 17:03:02 WARN  no build target for: /Users/sanketikam4/November/knowledge-platform/knowlg-unified-service/app/controllers/assessment/v5/QuestionSetController.scala
2025.11.21 17:03:02 WARN  no build target for: /Users/sanketikam4/November/knowledge-platform/knowlg-unified-service/app/controllers/assessment/v5/BaseController.scala
2025.11.21 17:03:02 INFO  no build target found for /Users/sanketikam4/November/knowledge-platform/knowlg-unified-service/app/org/sunbird/managers/assessment/HierarchyManager.scala. Using presentation compiler with project's scala-library version: 3.3.6
2025.11.21 17:03:02 INFO  no build target found for /Users/sanketikam4/November/knowledge-platform/knowlg-unified-service/app/org/sunbird/utils/BranchingUtil.scala. Using presentation compiler with project's scala-library version: 3.3.6
2025.11.21 17:03:02 WARN  no build target for: /Users/sanketikam4/November/knowledge-platform/knowlg-unified-service/app/org/sunbird/utils/BranchingUtil.scala
2025.11.21 17:03:02 INFO  no build target found for /Users/sanketikam4/November/knowledge-platform/knowlg-unified-service/app/org/sunbird/managers/assessment/HierarchyManager.scala. Using presentation compiler with project's scala-library version: 3.3.6
2025.11.21 17:03:02 INFO  no build target found for /Users/sanketikam4/November/knowledge-platform/knowlg-unified-service/app/org/sunbird/managers/assessment/HierarchyManager.scala. Using presentation compiler with project's scala-library version: 3.3.6
2025.11.21 17:32:22 INFO  no build target found for /Users/sanketikam4/November/knowledge-platform/knowlg-unified-service/app/org/sunbird/managers/assessment/HierarchyManager.scala. Using presentation compiler with project's scala-library version: 3.3.6
2025.11.21 17:32:34 INFO  Shutting down server
2025.11.21 17:32:34 INFO  shutting down Metals
2025.11.21 17:32:34 INFO  Exiting server
2025.11.21 17:32:51 INFO  Started: Metals version 1.6.3 in folders '/Users/sanketikam4/November/knowledge-platform' for client Visual Studio Code 1.106.0.
2025.11.21 17:32:51 WARN  Using H2 2.4.240 which is newer than the version Flyway has been verified with. The latest verified version of H2 is 2.3.232.
2025.11.21 17:32:51 INFO  no build target found for /Users/sanketikam4/November/knowledge-platform/knowlg-unified-service/app/org/sunbird/managers/assessment/HierarchyManager.scala. Using presentation compiler with project's scala-library version: 3.3.6
2025.11.21 17:32:54 INFO  no build target found for /Users/sanketikam4/November/knowledge-platform/knowlg-unified-service/app/org/sunbird/managers/assessment/HierarchyManager.scala. Using presentation compiler with project's scala-library version: 3.3.6
2025.11.21 17:32:56 WARN  no build target for: /Users/sanketikam4/November/knowledge-platform/knowlg-unified-service/app/controllers/assessment/v4/QuestionController.scala
2025.11.21 17:32:56 WARN  no build target for: /Users/sanketikam4/November/knowledge-platform/knowlg-unified-service/app/controllers/assessment/v5/QuestionController.scala
2025.11.21 17:32:56 WARN  no build target for: /Users/sanketikam4/November/knowledge-platform/knowlg-unified-service/app/controllers/content/v4/ContentController.scala
2025.11.21 17:32:56 WARN  no build target for: /Users/sanketikam4/November/knowledge-platform/knowlg-unified-service/app/controllers/assessment/v4/QuestionSetController.scala
2025.11.21 17:32:56 WARN  no build target for: /Users/sanketikam4/November/knowledge-platform/knowlg-unified-service/app/org/sunbird/v5/managers/AssessmentV5Manager.scala
2025.11.21 17:32:56 WARN  no build target for: /Users/sanketikam4/November/knowledge-platform/knowlg-unified-service/app/org/sunbird/actors/assessment/HealthActor.scala
2025.11.21 17:32:56 WARN  no build target for: /Users/sanketikam4/November/knowledge-platform/knowlg-unified-service/app/org/sunbird/actors/assessment/AssessmentItemActor.scala
2025.11.21 17:32:56 WARN  no build target for: /Users/sanketikam4/November/knowledge-platform/knowlg-unified-service/app/org/sunbird/actors/assessment/ItemSetActor.scala
2025.11.21 17:32:56 WARN  no build target for: /Users/sanketikam4/November/knowledge-platform/knowlg-unified-service/app/controllers/assessment/v3/AssessmentItemController.scala
2025.11.21 17:32:56 WARN  no build target for: /Users/sanketikam4/November/knowledge-platform/knowlg-unified-service/app/controllers/assessment/v3/ItemSetController.scala
2025.11.21 17:32:56 WARN  no build target for: /Users/sanketikam4/November/knowledge-platform/knowlg-unified-service/app/org/sunbird/utils/assessment/RequestUtil.scala
2025.11.21 17:32:56 WARN  no build target for: /Users/sanketikam4/November/knowledge-platform/knowlg-unified-service/app/utils/QuestionOperations.scala
2025.11.21 17:32:56 WARN  no build target for: /Users/sanketikam4/November/knowledge-platform/knowlg-unified-service/app/org/sunbird/utils/assessment/HierarchyErrorCodes.scala
2025.11.21 17:32:56 WARN  no build target for: /Users/sanketikam4/November/knowledge-platform/knowlg-unified-service/app/org/sunbird/utils/assessment/BranchingUtil.scala
2025.11.21 17:32:56 WARN  no build target for: /Users/sanketikam4/November/knowledge-platform/knowlg-unified-service/app/org/sunbird/managers/assessment/HierarchyManager.scala
2025.11.21 17:32:56 WARN  no build target for: /Users/sanketikam4/November/knowledge-platform/knowlg-unified-service/app/org/sunbird/utils/RequestUtil.scala
2025.11.21 17:32:56 WARN  no build target for: /Users/sanketikam4/November/knowledge-platform/knowlg-unified-service/app/utils/ApiId.scala
2025.11.21 17:32:56 WARN  no build target for: /Users/sanketikam4/November/knowledge-platform/knowlg-unified-service/app/controllers/SearchBaseController.scala
2025.11.21 17:32:56 WARN  no build target for: /Users/sanketikam4/November/knowledge-platform/knowlg-unified-service/app/controllers/content/v3/LicenseController.scala
2025.11.21 17:32:56 WARN  no build target for: /Users/sanketikam4/November/knowledge-platform/knowlg-unified-service/app/utils/Constants.scala
2025.11.21 17:32:56 WARN  no build target for: /Users/sanketikam4/November/knowledge-platform/knowlg-unified-service/app/filters/AccessLogFilter.scala
2025.11.21 17:32:56 WARN  no build target for: /Users/sanketikam4/November/knowledge-platform/knowlg-unified-service/app/controllers/content/v3/ContentController.scala
2025.11.21 17:32:56 WARN  no build target for: /Users/sanketikam4/November/knowledge-platform/knowlg-unified-service/app/controllers/content/v4/AssetController.scala
2025.11.21 17:32:56 WARN  no build target for: /Users/sanketikam4/November/knowledge-platform/knowlg-unified-service/app/org/sunbird/utils/BranchingUtil.scala
2025.11.21 17:32:56 WARN  no build target for: /Users/sanketikam4/November/knowledge-platform/knowlg-unified-service/app/org/sunbird/actors/assessment/QuestionSetActor.scala
2025.11.21 17:32:56 WARN  no build target for: /Users/sanketikam4/November/knowledge-platform/knowlg-unified-service/app/controllers/search/AuditHistoryController.scala
2025.11.21 17:32:56 WARN  no build target for: /Users/sanketikam4/November/knowledge-platform/knowlg-unified-service/app/controllers/assessment/v5/BaseController.scala
2025.11.21 17:32:56 WARN  no build target for: /Users/sanketikam4/November/knowledge-platform/knowlg-unified-service/app/org/sunbird/managers/assessment/CopyManager.scala
2025.11.21 17:32:56 WARN  no build target for: /Users/sanketikam4/November/knowledge-platform/knowlg-unified-service/app/controllers/search/SearchController.scala
2025.11.21 17:32:56 INFO  no build target found for /Users/sanketikam4/November/knowledge-platform/knowlg-unified-service/app/filters/AccessLogFilter.scala. Using presentation compiler with project's scala-library version: 3.3.6
2025.11.21 17:32:56 WARN  no build target for: /Users/sanketikam4/November/knowledge-platform/knowlg-unified-service/app/controllers/BaseController.scala
2025.11.21 17:32:56 WARN  no build target for: /Users/sanketikam4/November/knowledge-platform/knowlg-unified-service/app/utils/ActorNames.scala
2025.11.21 17:32:56 WARN  no build target for: /Users/sanketikam4/November/knowledge-platform/knowlg-unified-service/app/org/sunbird/actors/assessment/QuestionActor.scala
2025.11.21 17:32:56 WARN  no build target for: /Users/sanketikam4/November/knowledge-platform/knowlg-unified-service/app/controllers/assessment/v5/QuestionSetController.scala
2025.11.21 17:32:56 WARN  no build target for: /Users/sanketikam4/November/knowledge-platform/knowlg-unified-service/app/org/sunbird/managers/assessment/AssessmentManager.scala
2025.11.21 17:32:56 WARN  no build target for: /Users/sanketikam4/November/knowledge-platform/knowlg-unified-service/app/org/sunbird/managers/assessment/UpdateHierarchyManager.scala
2025.11.21 17:32:56 INFO  no build target found for /Users/sanketikam4/November/knowledge-platform/knowlg-unified-service/app/org/sunbird/actors/assessment/ItemSetActor.scala. Using presentation compiler with project's scala-library version: 3.3.6
2025.11.21 17:32:57 INFO  no build target found for /Users/sanketikam4/November/knowledge-platform/knowlg-unified-service/app/controllers/content/v4/AssetController.scala. Using presentation compiler with project's scala-library version: 3.3.6
2025.11.21 17:32:57 WARN  no build target for: /Users/sanketikam4/November/knowledge-platform/knowlg-unified-service/app/utils/ActorNames.scala
2025.11.21 17:32:57 WARN  no build target for: /Users/sanketikam4/November/knowledge-platform/knowlg-unified-service/app/controllers/SearchBaseController.scala
2025.11.21 17:32:57 WARN  no build target for: /Users/sanketikam4/November/knowledge-platform/knowlg-unified-service/app/controllers/search/SearchController.scala
2025.11.21 17:32:57 WARN  no build target for: /Users/sanketikam4/November/knowledge-platform/knowlg-unified-service/app/utils/ApiId.scala
2025.11.21 17:32:57 WARN  no build target for: /Users/sanketikam4/November/knowledge-platform/knowlg-unified-service/app/controllers/search/AuditHistoryController.scala
2025.11.21 17:32:57 WARN  no build target for: /Users/sanketikam4/November/knowledge-platform/knowlg-unified-service/app/controllers/BaseController.scala
2025.11.21 17:32:57 WARN  no build target for: /Users/sanketikam4/November/knowledge-platform/knowlg-unified-service/app/controllers/assessment/v3/AssessmentItemController.scala
2025.11.21 17:32:57 WARN  no build target for: /Users/sanketikam4/November/knowledge-platform/knowlg-unified-service/app/controllers/assessment/v3/ItemSetController.scala
2025.11.21 17:32:57 WARN  no build target for: /Users/sanketikam4/November/knowledge-platform/knowlg-unified-service/app/controllers/assessment/v5/QuestionController.scala
2025.11.21 17:32:57 WARN  no build target for: /Users/sanketikam4/November/knowledge-platform/knowlg-unified-service/app/org/sunbird/v5/managers/AssessmentV5Manager.scala
2025.11.21 17:32:57 WARN  no build target for: /Users/sanketikam4/November/knowledge-platform/knowlg-unified-service/app/org/sunbird/utils/assessment/BranchingUtil.scala
2025.11.21 17:32:57 WARN  no build target for: /Users/sanketikam4/November/knowledge-platform/knowlg-unified-service/app/org/sunbird/utils/assessment/HierarchyErrorCodes.scala
2025.11.21 17:32:57 WARN  no build target for: /Users/sanketikam4/November/knowledge-platform/knowlg-unified-service/app/controllers/assessment/v4/QuestionController.scala
2025.11.21 17:32:57 WARN  no build target for: /Users/sanketikam4/November/knowledge-platform/knowlg-unified-service/app/org/sunbird/actors/assessment/HealthActor.scala
2025.11.21 17:32:57 WARN  no build target for: /Users/sanketikam4/November/knowledge-platform/knowlg-unified-service/app/controllers/assessment/v4/QuestionSetController.scala
2025.11.21 17:32:57 WARN  no build target for: /Users/sanketikam4/November/knowledge-platform/knowlg-unified-service/app/controllers/content/v4/ContentController.scala
2025.11.21 17:32:57 WARN  no build target for: /Users/sanketikam4/November/knowledge-platform/knowlg-unified-service/app/filters/AccessLogFilter.scala
2025.11.21 17:32:57 INFO  no build target found for /Users/sanketikam4/November/knowledge-platform/knowlg-unified-service/app/controllers/SearchBaseController.scala. Using presentation compiler with project's scala-library version: 3.3.6
2025.11.21 17:32:58 INFO  no build target found for /Users/sanketikam4/November/knowledge-platform/knowlg-unified-service/app/org/sunbird/managers/assessment/HierarchyManager.scala. Using presentation compiler with project's scala-library version: 3.3.6
2025.11.21 17:32:58 INFO  no build target found for /Users/sanketikam4/November/knowledge-platform/knowlg-unified-service/app/org/sunbird/managers/assessment/HierarchyManager.scala. Using presentation compiler with project's scala-library version: 3.3.6
2025.11.21 17:32:58 INFO  no build target found for /Users/sanketikam4/November/knowledge-platform/knowlg-unified-service/app/org/sunbird/managers/assessment/HierarchyManager.scala. Using presentation compiler with project's scala-library version: 3.3.6
2025.11.21 17:32:58 INFO  no build target found for /Users/sanketikam4/November/knowledge-platform/knowlg-unified-service/app/org/sunbird/managers/assessment/HierarchyManager.scala. Using presentation compiler with project's scala-library version: 3.3.6
2025.11.21 17:32:58 INFO  no build target found for /Users/sanketikam4/November/knowledge-platform/knowlg-unified-service/app/org/sunbird/managers/assessment/HierarchyManager.scala. Using presentation compiler with project's scala-library version: 3.3.6
2025.11.21 17:32:58 INFO  no build target found for /Users/sanketikam4/November/knowledge-platform/knowlg-unified-service/app/controllers/content/v3/LicenseController.scala. Using presentation compiler with project's scala-library version: 3.3.6
2025.11.21 17:32:58 INFO  time: code lens generation in 2.47s
2025.11.21 17:32:59 INFO  no build target found for /Users/sanketikam4/November/knowledge-platform/knowlg-unified-service/app/org/sunbird/managers/assessment/UpdateHierarchyManager.scala. Using presentation compiler with project's scala-library version: 3.3.6
2025.11.21 17:32:59 INFO  time: code lens generation in 2.77s
2025.11.21 17:32:59 INFO  no build target found for /Users/sanketikam4/November/knowledge-platform/knowlg-unified-service/app/controllers/content/v3/ContentController.scala. Using presentation compiler with project's scala-library version: 3.3.6
2025.11.21 17:33:00 INFO  no build target found for /Users/sanketikam4/November/knowledge-platform/knowlg-unified-service/app/utils/ActorNames.scala. Using presentation compiler with project's scala-library version: 3.3.6
2025.11.21 17:33:00 INFO  no build target found for /Users/sanketikam4/November/knowledge-platform/knowlg-unified-service/app/utils/Constants.scala. Using presentation compiler with project's scala-library version: 3.3.6
2025.11.21 17:33:00 INFO  no build target found for /Users/sanketikam4/November/knowledge-platform/knowlg-unified-service/app/utils/ApiId.scala. Using presentation compiler with project's scala-library version: 3.3.6
2025.11.21 17:33:00 INFO  no build target found for /Users/sanketikam4/November/knowledge-platform/knowlg-unified-service/app/controllers/search/SearchController.scala. Using presentation compiler with project's scala-library version: 3.3.6
2025.11.21 17:33:00 INFO  no build target found for /Users/sanketikam4/November/knowledge-platform/knowlg-unified-service/app/org/sunbird/managers/assessment/HierarchyManager.scala. Using presentation compiler with project's scala-library version: 3.3.6
2025.11.21 17:33:00 INFO  no build target found for /Users/sanketikam4/November/knowledge-platform/knowlg-unified-service/app/controllers/search/AuditHistoryController.scala. Using presentation compiler with project's scala-library version: 3.3.6
2025.11.21 17:33:00 INFO  no build target found for /Users/sanketikam4/November/knowledge-platform/knowlg-unified-service/app/org/sunbird/managers/assessment/CopyManager.scala. Using presentation compiler with project's scala-library version: 3.3.6
2025.11.21 17:33:01 INFO  no build target found for /Users/sanketikam4/November/knowledge-platform/knowlg-unified-service/app/org/sunbird/managers/assessment/AssessmentManager.scala. Using presentation compiler with project's scala-library version: 3.3.6
2025.11.21 17:33:02 INFO  no build target found for /Users/sanketikam4/November/knowledge-platform/knowlg-unified-service/app/controllers/assessment/v5/BaseController.scala. Using presentation compiler with project's scala-library version: 3.3.6
2025.11.21 17:33:02 INFO  no build target found for /Users/sanketikam4/November/knowledge-platform/knowlg-unified-service/app/controllers/assessment/v5/QuestionController.scala. Using presentation compiler with project's scala-library version: 3.3.6
2025.11.21 17:33:02 INFO  no build target found for /Users/sanketikam4/November/knowledge-platform/knowlg-unified-service/app/utils/QuestionOperations.scala. Using presentation compiler with project's scala-library version: 3.3.6
2025.11.21 17:33:03 INFO  no build target found for /Users/sanketikam4/November/knowledge-platform/knowlg-unified-service/app/org/sunbird/actors/assessment/QuestionActor.scala. Using presentation compiler with project's scala-library version: 3.3.6
2025.11.21 17:33:03 INFO  no build target found for /Users/sanketikam4/November/knowledge-platform/knowlg-unified-service/app/org/sunbird/utils/assessment/BranchingUtil.scala. Using presentation compiler with project's scala-library version: 3.3.6
2025.11.21 17:33:03 INFO  no build target found for /Users/sanketikam4/November/knowledge-platform/knowlg-unified-service/app/org/sunbird/utils/assessment/RequestUtil.scala. Using presentation compiler with project's scala-library version: 3.3.6
2025.11.21 17:33:03 INFO  no build target found for /Users/sanketikam4/November/knowledge-platform/knowlg-unified-service/app/org/sunbird/managers/assessment/HierarchyManager.scala. Using presentation compiler with project's scala-library version: 3.3.6
2025.11.21 17:33:03 INFO  no build target found for /Users/sanketikam4/November/knowledge-platform/knowlg-unified-service/app/org/sunbird/managers/assessment/HierarchyManager.scala. Using presentation compiler with project's scala-library version: 3.3.6
2025.11.21 17:33:03 INFO  no build target found for /Users/sanketikam4/November/knowledge-platform/knowlg-unified-service/app/controllers/assessment/v5/QuestionSetController.scala. Using presentation compiler with project's scala-library version: 3.3.6
2025.11.21 17:33:04 INFO  no build target found for /Users/sanketikam4/November/knowledge-platform/knowlg-unified-service/app/org/sunbird/actors/assessment/AssessmentItemActor.scala. Using presentation compiler with project's scala-library version: 3.3.6
2025.11.21 17:33:04 INFO  no build target found for /Users/sanketikam4/November/knowledge-platform/knowlg-unified-service/app/org/sunbird/actors/assessment/QuestionSetActor.scala. Using presentation compiler with project's scala-library version: 3.3.6
2025.11.21 17:33:04 INFO  no build target found for /Users/sanketikam4/November/knowledge-platform/knowlg-unified-service/app/org/sunbird/utils/BranchingUtil.scala. Using presentation compiler with project's scala-library version: 3.3.6
2025.11.21 17:33:05 INFO  no build target found for /Users/sanketikam4/November/knowledge-platform/knowlg-unified-service/app/org/sunbird/utils/assessment/HierarchyErrorCodes.scala. Using presentation compiler with project's scala-library version: 3.3.6
2025.11.21 17:33:05 INFO  no build target found for /Users/sanketikam4/November/knowledge-platform/knowlg-unified-service/app/controllers/assessment/v3/AssessmentItemController.scala. Using presentation compiler with project's scala-library version: 3.3.6
2025.11.21 17:33:05 INFO  no build target found for /Users/sanketikam4/November/knowledge-platform/knowlg-unified-service/app/controllers/assessment/v3/ItemSetController.scala. Using presentation compiler with project's scala-library version: 3.3.6
2025.11.21 17:33:05 INFO  no build target found for /Users/sanketikam4/November/knowledge-platform/knowlg-unified-service/app/org/sunbird/utils/RequestUtil.scala. Using presentation compiler with project's scala-library version: 3.3.6
2025.11.21 17:33:05 INFO  no build target found for /Users/sanketikam4/November/knowledge-platform/knowlg-unified-service/app/org/sunbird/managers/assessment/HierarchyManager.scala. Using presentation compiler with project's scala-library version: 3.3.6
2025.11.21 17:33:05 INFO  no build target found for /Users/sanketikam4/November/knowledge-platform/knowlg-unified-service/app/org/sunbird/v5/managers/AssessmentV5Manager.scala. Using presentation compiler with project's scala-library version: 3.3.6
2025.11.21 17:33:06 INFO  no build target found for /Users/sanketikam4/November/knowledge-platform/knowlg-unified-service/app/org/sunbird/actors/assessment/HealthActor.scala. Using presentation compiler with project's scala-library version: 3.3.6
2025.11.21 17:33:06 INFO  no build target found for /Users/sanketikam4/November/knowledge-platform/knowlg-unified-service/app/controllers/content/v4/ContentController.scala. Using presentation compiler with project's scala-library version: 3.3.6
2025.11.21 17:33:06 INFO  no build target found for /Users/sanketikam4/November/knowledge-platform/knowlg-unified-service/app/controllers/assessment/v4/QuestionSetController.scala. Using presentation compiler with project's scala-library version: 3.3.6
2025.11.21 17:33:06 INFO  no build target found for /Users/sanketikam4/November/knowledge-platform/knowlg-unified-service/app/controllers/BaseController.scala. Using presentation compiler with project's scala-library version: 3.3.6
2025.11.21 17:33:07 INFO  no build target found for /Users/sanketikam4/November/knowledge-platform/knowlg-unified-service/app/controllers/assessment/v4/QuestionController.scala. Using presentation compiler with project's scala-library version: 3.3.6
2025.11.21 17:33:09 INFO  no build target found for /Users/sanketikam4/November/knowledge-platform/knowlg-unified-service/app/org/sunbird/managers/assessment/HierarchyManager.scala. Using presentation compiler with project's scala-library version: 3.3.6
2025.11.21 17:33:09 WARN  no build target for: /Users/sanketikam4/November/knowledge-platform/knowlg-unified-service/app/org/sunbird/managers/assessment/HierarchyManager.scala
2025.11.21 17:33:09 INFO  no build target found for /Users/sanketikam4/November/knowledge-platform/knowlg-unified-service/app/org/sunbird/managers/assessment/HierarchyManager.scala. Using presentation compiler with project's scala-library version: 3.3.6
2025.11.21 17:33:09 INFO  no build target found for /Users/sanketikam4/November/knowledge-platform/knowlg-unified-service/app/org/sunbird/managers/assessment/HierarchyManager.scala. Using presentation compiler with project's scala-library version: 3.3.6
2025.11.21 17:33:09 INFO  no build target found for /Users/sanketikam4/November/knowledge-platform/knowlg-unified-service/app/org/sunbird/managers/assessment/HierarchyManager.scala. Using presentation compiler with project's scala-library version: 3.3.6
2025.11.21 17:33:11 WARN  no build target for: /Users/sanketikam4/November/knowledge-platform/knowlg-unified-service/app/controllers/content/v4/AssetController.scala
2025.11.21 17:33:11 WARN  no build target for: /Users/sanketikam4/November/knowledge-platform/knowlg-unified-service/app/controllers/assessment/v5/BaseController.scala
2025.11.21 17:33:11 INFO  no build target found for /Users/sanketikam4/November/knowledge-platform/knowlg-unified-service/app/org/sunbird/managers/assessment/HierarchyManager.scala. Using presentation compiler with project's scala-library version: 3.3.6
2025.11.21 17:33:11 WARN  no build target for: /Users/sanketikam4/November/knowledge-platform/knowlg-unified-service/app/org/sunbird/utils/BranchingUtil.scala
2025.11.21 17:33:11 WARN  no build target for: /Users/sanketikam4/November/knowledge-platform/knowlg-unified-service/app/controllers/assessment/v5/QuestionSetController.scala
2025.11.21 17:33:11 WARN  no build target for: /Users/sanketikam4/November/knowledge-platform/knowlg-unified-service/app/controllers/content/v3/ContentController.scala
2025.11.21 17:33:12 INFO  no build target found for /Users/sanketikam4/November/knowledge-platform/knowlg-unified-service/app/org/sunbird/managers/assessment/HierarchyManager.scala. Using presentation compiler with project's scala-library version: 3.3.6
2025.11.21 17:33:22 INFO  no build target found for /Users/sanketikam4/November/knowledge-platform/knowlg-unified-service/app/org/sunbird/managers/assessment/HierarchyManager.scala. Using presentation compiler with project's scala-library version: 3.3.6
2025.11.21 17:33:22 INFO  no build target found for /Users/sanketikam4/November/knowledge-platform/knowlg-unified-service/app/org/sunbird/managers/assessment/HierarchyManager.scala. Using presentation compiler with project's scala-library version: 3.3.6
2025.11.21 17:33:28 WARN  no build target for: /Users/sanketikam4/November/knowledge-platform/knowlg-unified-service/app/org/sunbird/managers/assessment/HierarchyManager.scala
2025.11.21 17:33:28 INFO  no build target found for /Users/sanketikam4/November/knowledge-platform/knowlg-unified-service/app/org/sunbird/managers/assessment/HierarchyManager.scala. Using presentation compiler with project's scala-library version: 3.3.6
2025.11.21 17:33:28 INFO  no build target found for /Users/sanketikam4/November/knowledge-platform/knowlg-unified-service/app/org/sunbird/managers/assessment/HierarchyManager.scala. Using presentation compiler with project's scala-library version: 3.3.6
2025.11.21 17:33:28 INFO  no build target found for /Users/sanketikam4/November/knowledge-platform/knowlg-unified-service/app/org/sunbird/managers/assessment/HierarchyManager.scala. Using presentation compiler with project's scala-library version: 3.3.6
2025.11.21 17:33:28 INFO  no build target found for /Users/sanketikam4/November/knowledge-platform/knowlg-unified-service/app/org/sunbird/managers/assessment/HierarchyManager.scala. Using presentation compiler with project's scala-library version: 3.3.6
2025.11.21 17:33:31 INFO  no build target found for /Users/sanketikam4/November/knowledge-platform/knowlg-unified-service/app/org/sunbird/managers/assessment/HierarchyManager.scala. Using presentation compiler with project's scala-library version: 3.3.6
2025.11.21 17:33:43 INFO  no build target found for /Users/sanketikam4/November/knowledge-platform/knowlg-unified-service/app/org/sunbird/managers/assessment/HierarchyManager.scala. Using presentation compiler with project's scala-library version: 3.3.6
2025.11.21 17:33:43 WARN  no build target for: /Users/sanketikam4/November/knowledge-platform/knowlg-unified-service/app/org/sunbird/managers/assessment/HierarchyManager.scala
2025.11.21 17:33:43 INFO  no build target found for /Users/sanketikam4/November/knowledge-platform/knowlg-unified-service/app/org/sunbird/managers/assessment/HierarchyManager.scala. Using presentation compiler with project's scala-library version: 3.3.6
2025.11.21 17:33:43 INFO  no build target found for /Users/sanketikam4/November/knowledge-platform/knowlg-unified-service/app/org/sunbird/managers/assessment/HierarchyManager.scala. Using presentation compiler with project's scala-library version: 3.3.6
2025.11.21 17:33:43 INFO  no build target found for /Users/sanketikam4/November/knowledge-platform/knowlg-unified-service/app/org/sunbird/managers/assessment/HierarchyManager.scala. Using presentation compiler with project's scala-library version: 3.3.6
2025.11.21 17:33:43 INFO  no build target found for /Users/sanketikam4/November/knowledge-platform/knowlg-unified-service/app/org/sunbird/managers/assessment/HierarchyManager.scala. Using presentation compiler with project's scala-library version: 3.3.6
2025.11.21 17:33:45 INFO  no build target found for /Users/sanketikam4/November/knowledge-platform/knowlg-unified-service/app/org/sunbird/managers/assessment/HierarchyManager.scala. Using presentation compiler with project's scala-library version: 3.3.6
2025.11.21 17:33:45 INFO  no build target found for /Users/sanketikam4/November/knowledge-platform/knowlg-unified-service/app/org/sunbird/managers/assessment/HierarchyManager.scala. Using presentation compiler with project's scala-library version: 3.3.6
2025.11.21 17:33:45 INFO  no build target found for /Users/sanketikam4/November/knowledge-platform/knowlg-unified-service/app/org/sunbird/managers/assessment/UpdateHierarchyManager.scala. Using presentation compiler with project's scala-library version: 3.3.6
2025.11.21 17:33:45 WARN  no build target for: /Users/sanketikam4/November/knowledge-platform/knowlg-unified-service/app/org/sunbird/managers/assessment/UpdateHierarchyManager.scala
2025.11.21 17:33:45 INFO  no build target found for /Users/sanketikam4/November/knowledge-platform/knowlg-unified-service/app/org/sunbird/managers/assessment/UpdateHierarchyManager.scala. Using presentation compiler with project's scala-library version: 3.3.6
2025.11.21 17:33:46 INFO  no build target found for /Users/sanketikam4/November/knowledge-platform/knowlg-unified-service/app/org/sunbird/managers/assessment/UpdateHierarchyManager.scala. Using presentation compiler with project's scala-library version: 3.3.6
2025.11.21 17:33:46 INFO  no build target found for /Users/sanketikam4/November/knowledge-platform/knowlg-unified-service/app/org/sunbird/managers/assessment/UpdateHierarchyManager.scala. Using presentation compiler with project's scala-library version: 3.3.6
2025.11.21 17:33:46 INFO  no build target found for /Users/sanketikam4/November/knowledge-platform/knowlg-unified-service/app/org/sunbird/managers/assessment/CopyManager.scala. Using presentation compiler with project's scala-library version: 3.3.6
2025.11.21 17:33:46 WARN  no build target for: /Users/sanketikam4/November/knowledge-platform/knowlg-unified-service/app/org/sunbird/managers/assessment/CopyManager.scala
2025.11.21 17:33:46 INFO  no build target found for /Users/sanketikam4/November/knowledge-platform/knowlg-unified-service/app/org/sunbird/managers/assessment/CopyManager.scala. Using presentation compiler with project's scala-library version: 3.3.6
2025.11.21 17:33:46 INFO  no build target found for /Users/sanketikam4/November/knowledge-platform/knowlg-unified-service/app/org/sunbird/managers/assessment/CopyManager.scala. Using presentation compiler with project's scala-library version: 3.3.6
2025.11.21 17:33:47 INFO  no build target found for /Users/sanketikam4/November/knowledge-platform/knowlg-unified-service/app/org/sunbird/managers/assessment/CopyManager.scala. Using presentation compiler with project's scala-library version: 3.3.6
2025.11.21 17:33:47 INFO  no build target found for /Users/sanketikam4/November/knowledge-platform/knowlg-unified-service/app/org/sunbird/actors/assessment/QuestionSetActor.scala. Using presentation compiler with project's scala-library version: 3.3.6
2025.11.21 17:33:47 WARN  no build target for: /Users/sanketikam4/November/knowledge-platform/knowlg-unified-service/app/org/sunbird/actors/assessment/QuestionSetActor.scala
2025.11.21 17:33:47 INFO  no build target found for /Users/sanketikam4/November/knowledge-platform/knowlg-unified-service/app/org/sunbird/actors/assessment/QuestionSetActor.scala. Using presentation compiler with project's scala-library version: 3.3.6
2025.11.21 17:33:47 INFO  no build target found for /Users/sanketikam4/November/knowledge-platform/knowlg-unified-service/app/org/sunbird/actors/assessment/QuestionSetActor.scala. Using presentation compiler with project's scala-library version: 3.3.6
2025.11.21 17:33:47 INFO  no build target found for /Users/sanketikam4/November/knowledge-platform/knowlg-unified-service/app/org/sunbird/actors/assessment/QuestionSetActor.scala. Using presentation compiler with project's scala-library version: 3.3.6
2025.11.21 17:33:47 INFO  no build target found for /Users/sanketikam4/November/knowledge-platform/knowlg-unified-service/app/org/sunbird/actors/assessment/QuestionActor.scala. Using presentation compiler with project's scala-library version: 3.3.6
2025.11.21 17:33:47 WARN  no build target for: /Users/sanketikam4/November/knowledge-platform/knowlg-unified-service/app/org/sunbird/actors/assessment/QuestionActor.scala
2025.11.21 17:33:48 INFO  no build target found for /Users/sanketikam4/November/knowledge-platform/knowlg-unified-service/app/org/sunbird/actors/assessment/QuestionActor.scala. Using presentation compiler with project's scala-library version: 3.3.6
2025.11.21 17:33:48 INFO  no build target found for /Users/sanketikam4/November/knowledge-platform/knowlg-unified-service/app/org/sunbird/actors/assessment/QuestionActor.scala. Using presentation compiler with project's scala-library version: 3.3.6
2025.11.21 17:33:48 INFO  no build target found for /Users/sanketikam4/November/knowledge-platform/knowlg-unified-service/app/org/sunbird/actors/assessment/QuestionActor.scala. Using presentation compiler with project's scala-library version: 3.3.6
2025.11.21 17:33:48 INFO  no build target found for /Users/sanketikam4/November/knowledge-platform/knowlg-unified-service/app/org/sunbird/actors/assessment/ItemSetActor.scala. Using presentation compiler with project's scala-library version: 3.3.6
2025.11.21 17:33:48 WARN  no build target for: /Users/sanketikam4/November/knowledge-platform/knowlg-unified-service/app/org/sunbird/actors/assessment/ItemSetActor.scala
2025.11.21 17:33:48 INFO  no build target found for /Users/sanketikam4/November/knowledge-platform/knowlg-unified-service/app/org/sunbird/actors/assessment/ItemSetActor.scala. Using presentation compiler with project's scala-library version: 3.3.6
2025.11.21 17:33:48 INFO  no build target found for /Users/sanketikam4/November/knowledge-platform/knowlg-unified-service/app/org/sunbird/actors/assessment/ItemSetActor.scala. Using presentation compiler with project's scala-library version: 3.3.6
2025.11.21 17:33:48 INFO  no build target found for /Users/sanketikam4/November/knowledge-platform/knowlg-unified-service/app/org/sunbird/actors/assessment/ItemSetActor.scala. Using presentation compiler with project's scala-library version: 3.3.6
2025.11.21 17:33:48 INFO  no build target found for /Users/sanketikam4/November/knowledge-platform/knowlg-unified-service/app/org/sunbird/actors/assessment/AssessmentItemActor.scala. Using presentation compiler with project's scala-library version: 3.3.6
2025.11.21 17:33:49 WARN  no build target for: /Users/sanketikam4/November/knowledge-platform/knowlg-unified-service/app/org/sunbird/actors/assessment/AssessmentItemActor.scala
2025.11.21 17:33:49 INFO  no build target found for /Users/sanketikam4/November/knowledge-platform/knowlg-unified-service/app/org/sunbird/actors/assessment/AssessmentItemActor.scala. Using presentation compiler with project's scala-library version: 3.3.6
2025.11.21 17:33:50 INFO  no build target found for /Users/sanketikam4/November/knowledge-platform/knowlg-unified-service/app/org/sunbird/actors/assessment/AssessmentItemActor.scala. Using presentation compiler with project's scala-library version: 3.3.6
2025.11.21 17:33:50 INFO  no build target found for /Users/sanketikam4/November/knowledge-platform/knowlg-unified-service/app/org/sunbird/actors/assessment/AssessmentItemActor.scala. Using presentation compiler with project's scala-library version: 3.3.6
2025.11.21 17:33:50 INFO  no build target found for /Users/sanketikam4/November/knowledge-platform/knowlg-unified-service/app/org/sunbird/managers/assessment/AssessmentManager.scala. Using presentation compiler with project's scala-library version: 3.3.6
2025.11.21 17:33:50 WARN  no build target for: /Users/sanketikam4/November/knowledge-platform/knowlg-unified-service/app/org/sunbird/managers/assessment/AssessmentManager.scala
2025.11.21 17:33:50 INFO  no build target found for /Users/sanketikam4/November/knowledge-platform/knowlg-unified-service/app/org/sunbird/managers/assessment/AssessmentManager.scala. Using presentation compiler with project's scala-library version: 3.3.6
2025.11.21 17:33:50 INFO  no build target found for /Users/sanketikam4/November/knowledge-platform/knowlg-unified-service/app/org/sunbird/managers/assessment/AssessmentManager.scala. Using presentation compiler with project's scala-library version: 3.3.6
2025.11.21 17:33:51 INFO  no build target found for /Users/sanketikam4/November/knowledge-platform/knowlg-unified-service/app/org/sunbird/managers/assessment/AssessmentManager.scala. Using presentation compiler with project's scala-library version: 3.3.6
Nov 21, 2025 5:52:22 PM org.eclipse.lsp4j.jsonrpc.services.GenericEndpoint notify
INFO: Unsupported notification method: $/setTrace
2025.11.21 17:52:26 INFO  Shutting down server
2025.11.21 17:52:26 INFO  shutting down Metals
2025.11.21 17:52:26 INFO  Exiting server
